[2026-04-08 00:19:35] [INFO] usina_solar — ============================================================
[2026-04-08 00:19:35] [INFO] usina_solar — 🌞 Usina Solar API iniciada
[2026-04-08 00:19:35] [INFO] usina_solar —    Data dir: E:\Antigravity\Causa Raiz\backend\data
[2026-04-08 00:19:35] [INFO] usina_solar —    Docs:     http://localhost:8000/docs
[2026-04-08 00:19:35] [INFO] usina_solar — ============================================================
[2026-04-08 00:37:21] [INFO] usina_solar -- ============================================================
[2026-04-08 00:37:21] [INFO] usina_solar -- [SOLAR] Usina Solar API iniciada
[2026-04-08 00:37:21] [INFO] usina_solar --    Data dir: E:\Antigravity\Causa Raiz\backend\data
[2026-04-08 00:37:21] [INFO] usina_solar --    Docs:     http://localhost:8000/docs
[2026-04-08 00:37:21] [INFO] usina_solar -- ============================================================
[2026-04-08 00:43:42] [INFO] usina_solar -- [MAPPING] Salvo: 16648 entradas → E:\Antigravity\Causa Raiz\backend\series_map.json
[2026-04-08 00:43:42] [INFO] usina_solar -- [MAPPING] Importado: 16648 entradas, 13 linhas inválidas
[2026-04-08 00:44:03] [INFO] usina_solar -- [MAPPING] Salvo: 16648 entradas → E:\Antigravity\Causa Raiz\backend\series_map.json
[2026-04-08 00:44:03] [INFO] usina_solar -- [MAPPING] Importado: 16648 entradas, 13 linhas inválidas
[2026-04-08 00:47:25] [INFO] usina_solar -- [MAPPING] Salvo: 16648 entradas → E:\Antigravity\Causa Raiz\backend\series_map.json
[2026-04-08 00:47:25] [INFO] usina_solar -- [MAPPING] Importado: 16648 entradas, 13 linhas inválidas
[2026-04-08 00:54:30] [INFO] usina_solar -- [MAPPING] Salvo: 16648 entradas → E:\Antigravity\Causa Raiz\backend\series_map.json
[2026-04-08 00:54:30] [INFO] usina_solar -- [MAPPING] Importado: 16648 entradas, 13 linhas inválidas
[2026-04-08 00:55:02] [INFO] usina_solar -- ============================================================
[2026-04-08 00:55:02] [INFO] usina_solar -- [SOLAR] Usina Solar API iniciada
[2026-04-08 00:55:02] [INFO] usina_solar --    Data dir: E:\Antigravity\Causa Raiz\backend\data
[2026-04-08 00:55:02] [INFO] usina_solar --    Docs:     http://localhost:8000/docs
[2026-04-08 00:55:02] [INFO] usina_solar -- ============================================================
[2026-04-08 00:55:03] [INFO] usina_solar -- ============================================================
[2026-04-08 00:55:03] [INFO] usina_solar -- [SOLAR] Usina Solar API iniciada
[2026-04-08 00:55:03] [INFO] usina_solar --    Data dir: E:\Antigravity\Causa Raiz\backend\data
[2026-04-08 00:55:03] [INFO] usina_solar --    Docs:     http://localhost:8000/docs
[2026-04-08 00:55:03] [INFO] usina_solar -- ============================================================
[2026-04-08 01:04:17] [INFO] usina_solar -- ============================================================
[2026-04-08 01:04:17] [INFO] usina_solar -- [SOLAR] Usina Solar API iniciada
[2026-04-08 01:04:17] [INFO] usina_solar --    Data dir: E:\Antigravity\Causa Raiz\backend\data
[2026-04-08 01:04:17] [INFO] usina_solar --    Docs:     http://localhost:8000/docs
[2026-04-08 01:04:17] [INFO] usina_solar -- ============================================================
[2026-04-08 01:05:36] [INFO] usina_solar -- [MAPPING] Salvo: 16648 entradas → E:\Antigravity\Causa Raiz\backend\series_map.json
[2026-04-08 01:05:36] [INFO] usina_solar -- [MAPPING] Importado: 16648 entradas, 13 linhas inválidas
[2026-04-08 01:12:52] [INFO] usina_solar -- [UPLOAD] Recebendo: 'teste 1 - cortez.xlsx'
[2026-04-08 01:12:53] [INFO] usina_solar -- [EXCEL] Lendo 'teste 1 - cortez.xlsx' (31.71 MB)...
[2026-04-08 01:13:20] [INFO] usina_solar -- [EXCEL] Lido: 1281 linhas × 5256 colunas
[2026-04-08 01:13:20] [INFO] usina_solar -- [EXCEL] Coluna de timestamp detectada: 'timestamp'
[2026-04-08 01:13:20] [INFO] usina_solar -- [PARQUET] Salvando em 'E:\Antigravity\Causa Raiz\backend\data\2025-11-24.parquet'...
[2026-04-08 01:13:21] [INFO] usina_solar -- [PARQUET] Salvo! 5255 séries, data=2025-11-24
[2026-04-08 01:13:25] [INFO] usina_solar -- [UPLOAD] Recebendo: 'teste 1 - cortez.xlsx'
[2026-04-08 01:13:25] [INFO] usina_solar -- [CACHE HIT] 'teste 1 - cortez.xlsx' já processado → E:\Antigravity\Causa Raiz\backend\data\2025-11-24.parquet
[2026-04-08 01:13:51] [INFO] usina_solar -- [PARQUET] Schema lido: 5255 séries para 2025-11-24
[2026-04-08 01:14:51] [INFO] usina_solar -- [UPLOAD] Recebendo: 'teste 1 - cortez.xlsx'
[2026-04-08 01:14:51] [INFO] usina_solar -- [CACHE HIT] 'teste 1 - cortez.xlsx' já processado → E:\Antigravity\Causa Raiz\backend\data\2025-11-24.parquet
[2026-04-08 01:15:50] [INFO] usina_solar -- [PARQUET] Schema lido: 5255 séries para 2025-11-24
[2026-04-08 01:16:43] [INFO] usina_solar -- ============================================================
[2026-04-08 01:16:43] [INFO] usina_solar -- [SOLAR] Usina Solar API iniciada
[2026-04-08 01:16:43] [INFO] usina_solar --    Data dir: E:\Antigravity\Causa Raiz\backend\data
[2026-04-08 01:16:43] [INFO] usina_solar --    Docs:     http://localhost:8000/docs
[2026-04-08 01:16:43] [INFO] usina_solar -- ============================================================
[2026-04-08 01:17:57] [INFO] usina_solar -- [DATA] Consulta: date=2025-11-24, series=['CLS01.1-INV01.PotAt'], elemento=None, skid=None, [None → None]
[2026-04-08 01:17:57] [INFO] usina_solar -- [QUERY] date=2025-11-24 | 1 séries | start=None end=None
[2026-04-08 01:17:58] [INFO] usina_solar -- ============================================================
[2026-04-08 01:17:58] [INFO] usina_solar -- [SOLAR] Usina Solar API iniciada
[2026-04-08 01:17:58] [INFO] usina_solar --    Data dir: E:\Antigravity\Causa Raiz\backend\data
[2026-04-08 01:17:58] [INFO] usina_solar --    Docs:     http://localhost:8000/docs
[2026-04-08 01:17:58] [INFO] usina_solar -- ============================================================
[2026-04-08 01:17:58] [INFO] usina_solar -- ============================================================
[2026-04-08 01:17:58] [INFO] usina_solar -- [SOLAR] Usina Solar API iniciada
[2026-04-08 01:17:58] [INFO] usina_solar --    Data dir: E:\Antigravity\Causa Raiz\backend\data
[2026-04-08 01:17:58] [INFO] usina_solar --    Docs:     http://localhost:8000/docs
[2026-04-08 01:17:58] [INFO] usina_solar -- ============================================================
[2026-04-08 01:23:05] [INFO] usina_solar -- [PARQUET] Schema lido: 5255 séries para 2025-11-24
[2026-04-08 01:23:18] [INFO] usina_solar -- [DATA] Consulta: date=2025-11-24, series=['CLS01.1-INV02.PotAt'], elemento=None, skid=None, [None → None]
[2026-04-08 01:23:18] [INFO] usina_solar -- [QUERY] date=2025-11-24 | 1 séries | start=None end=None
[2026-04-08 01:26:34] [INFO] usina_solar -- ============================================================
[2026-04-08 01:26:34] [INFO] usina_solar -- [SOLAR] Usina Solar API iniciada
[2026-04-08 01:26:34] [INFO] usina_solar --    Data dir: E:\Antigravity\Causa Raiz\backend\data
[2026-04-08 01:26:34] [INFO] usina_solar --    Docs:     http://localhost:8000/docs
[2026-04-08 01:26:34] [INFO] usina_solar -- ============================================================
[2026-04-08 01:27:04] [INFO] usina_solar -- [UPLOAD] Recebendo: 'teste 1 - cortez.xlsx'
[2026-04-08 01:27:04] [INFO] usina_solar -- [CACHE HIT] 'teste 1 - cortez.xlsx' já processado → E:\Antigravity\Causa Raiz\backend\data\2025-11-24.parquet
[2026-04-08 01:27:36] [INFO] usina_solar -- [PARQUET] Schema lido: 5255 séries para 2025-11-24
[2026-04-08 01:27:36] [INFO] usina_solar -- [PARQUET] Schema lido: 5255 séries para 2025-11-24
[2026-04-08 01:27:57] [INFO] usina_solar -- [PARQUET] Schema lido: 5255 séries para 2025-11-24
[2026-04-08 01:27:58] [INFO] usina_solar -- [PARQUET] Schema lido: 5255 séries para 2025-11-24
[2026-04-08 01:28:08] [INFO] usina_solar -- [DATA] Consulta: date=2025-11-24, series=['CLS01.2-INV02.PotAt'], elemento=None, skid=None, [None → None]
[2026-04-08 01:28:08] [INFO] usina_solar -- [QUERY] date=2025-11-24 | 1 séries | start=None end=None
[2026-04-08 01:28:43] [INFO] usina_solar -- [DATA] Consulta: date=2025-11-24, series=['CLS01.2-INV02.PotAt', 'CLS01.1-INV01-SB13-TR049.PosAngAlvo'], elemento=None, skid=None, [None → None]
[2026-04-08 01:28:43] [INFO] usina_solar -- [QUERY] date=2025-11-24 | 2 séries | start=None end=None
[2026-04-08 01:29:24] [INFO] usina_solar -- [PARQUET] Schema lido: 5255 séries para 2025-11-24
[2026-04-08 01:29:39] [INFO] usina_solar -- [DATA] Consulta: date=2025-11-24, series=['CLS01.1.MET-B.POA-Irrd'], elemento=None, skid=None, [None → None]
[2026-04-08 01:29:39] [INFO] usina_solar -- [QUERY] date=2025-11-24 | 1 séries | start=None end=None
[2026-04-08 01:31:27] [INFO] usina_solar -- [UPLOAD] Recebendo: 'teste 1 - cortez.xlsx'
[2026-04-08 01:31:27] [INFO] usina_solar -- [CACHE HIT] 'teste 1 - cortez.xlsx' já processado → E:\Antigravity\Causa Raiz\backend\data\2025-11-24.parquet
[2026-04-08 01:31:34] [INFO] usina_solar -- [PARQUET] Schema lido: 5255 séries para 2025-11-24
[2026-04-08 01:31:34] [INFO] usina_solar -- [PARQUET] Schema lido: 5255 séries para 2025-11-24
[2026-04-08 01:32:06] [INFO] usina_solar -- [DATA] Consulta: date=2025-11-24, series=['CLS01.1-INV04-SB10-TR038.PosAngAlvo'], elemento=None, skid=None, [None → None]
[2026-04-08 01:32:06] [INFO] usina_solar -- [QUERY] date=2025-11-24 | 1 séries | start=None end=None
[2026-04-08 01:33:23] [INFO] usina_solar -- [PARQUET] Schema lido: 5255 séries para 2025-11-24
[2026-04-08 01:33:24] [INFO] usina_solar -- [PARQUET] Schema lido: 5255 séries para 2025-11-24
[2026-04-08 01:33:34] [INFO] usina_solar -- [PARQUET] Schema lido: 5255 séries para 2025-11-24
[2026-04-08 01:33:34] [INFO] usina_solar -- [PARQUET] Schema lido: 5255 séries para 2025-11-24
[2026-04-08 01:37:45] [INFO] usina_solar -- [PARQUET] Schema lido: 5255 séries para 2025-11-24
[2026-04-08 01:37:51] [INFO] usina_solar -- [DATA] Consulta: date=2025-11-24, series=['CLS01.1.MET-B.POA-Irrd', 'CLS01.1.MET-B.POA-Irrd_REAR'], elemento=None, skid=None, [None → None]
[2026-04-08 01:37:51] [INFO] usina_solar -- [QUERY] date=2025-11-24 | 2 séries | start=None end=None
[2026-04-08 01:38:10] [INFO] usina_solar -- [PARQUET] Schema lido: 5255 séries para 2025-11-24
[2026-04-08 01:38:19] [INFO] usina_solar -- [DATA] Consulta: date=2025-11-24, series=['CLS01.1-INV01.PotAt'], elemento=None, skid=None, [None → None]
[2026-04-08 01:38:19] [INFO] usina_solar -- [QUERY] date=2025-11-24 | 1 séries | start=None end=None
[2026-04-08 01:38:39] [INFO] usina_solar -- [DATA] Consulta: date=2025-11-24, series=['CLS01.1-INV01.PotAt', 'CLS01.1-INV02.PotAt', 'CLS01.1-INV03.PotAt', 'CLS01.1-INV04.PotAt', 'CLS01.1-INV05.PotAt', 'CLS01.1-INV06.PotAt', 'CLS01.1-INV07.PotAt', 'CLS01.1-INV08.PotAt'], elemento=None, skid=None, [None → None]
[2026-04-08 01:38:39] [INFO] usina_solar -- [QUERY] date=2025-11-24 | 8 séries | start=None end=None
[2026-04-08 01:42:41] [INFO] usina_solar -- [PARQUET] Schema lido: 5255 séries para 2025-11-24
[2026-04-08 01:43:04] [INFO] usina_solar -- [DATA] Consulta: date=2025-11-24, series=['CLS01.1-INV01-SB13.CorrenteCC_01', 'CLS01.1-INV01-SB13.CorrenteCC_02', 'CLS01.1-INV01-SB13.CorrenteCC_03', 'CLS01.1-INV01-SB13.CorrenteCC_04', 'CLS01.1-INV01-SB13.CorrenteCC_05', 'CLS01.1-INV01-SB13.CorrenteCC_06', 'CLS01.1-INV01-SB13.CorrenteCC_07', 'CLS01.1-INV01-SB13.CorrenteCC_08', 'CLS01.1-INV01-SB13.CorrenteCC_09', 'CLS01.1-INV01-SB13.CorrenteCC_10', 'CLS01.1-INV01-SB13.CorrenteCC_11', 'CLS01.1-INV01-SB13.CorrenteCC_12', 'CLS01.1-INV01-SB13.CorrenteCC_13', 'CLS01.1-INV01-SB13.CorrenteCC_14', 'CLS01.1-INV01-SB13.CorrenteCC_15', 'CLS01.1-INV01-SB13.CorrenteCC_16'], elemento=None, skid=None, [None → None]
[2026-04-08 01:43:04] [INFO] usina_solar -- [QUERY] date=2025-11-24 | 16 séries | start=None end=None
[2026-04-08 11:32:59] [INFO] usina_solar -- ============================================================
[2026-04-08 11:32:59] [INFO] usina_solar -- [SOLAR] Usina Solar API iniciada
[2026-04-08 11:32:59] [INFO] usina_solar --    Data dir: E:\Antigravity\Causa Raiz\backend\data
[2026-04-08 11:32:59] [INFO] usina_solar --    Docs:     http://localhost:8000/docs
[2026-04-08 11:32:59] [INFO] usina_solar -- ============================================================
[2026-04-08 11:42:27] [INFO] usina_solar -- [PARQUET] Schema lido: 5255 séries para 2025-11-24
[2026-04-08 11:44:03] [INFO] usina_solar -- [DATA] Consulta: date=2025-11-24, series=['CLS01.1-INV01.PotAt'], elemento=None, skid=None, [00:50 → 15:59]
[2026-04-08 11:44:03] [INFO] usina_solar -- [QUERY] date=2025-11-24 | 1 séries | start=00:50 end=15:59
[2026-04-08 11:51:16] [INFO] usina_solar -- [PARQUET] Schema lido: 5255 séries para 2025-11-24
[2026-04-08 11:52:19] [INFO] usina_solar -- [DATA] Consulta: date=2025-11-24, series=['CLS01.3.MET-B.POA-Irrd', 'CLS01.3.MET-B.POA-Irrd_REAR'], elemento=None, skid=None, [None → None]
[2026-04-08 11:52:19] [INFO] usina_solar -- [QUERY] date=2025-11-24 | 2 séries | start=None end=None
[2026-04-08 12:07:15] [INFO] usina_solar -- [PARQUET] Schema lido: 5255 séries para 2025-11-24
[2026-04-08 12:07:33] [INFO] usina_solar -- [DATA] Consulta: date=2025-11-24, series=['CLS01.1-INV01-SB13-TR049.PosAngAlvo', 'CLS01.1-INV01.CorrenteCC'], elemento=None, skid=None, [None → None]
[2026-04-08 12:07:33] [INFO] usina_solar -- [QUERY] date=2025-11-24 | 2 séries | start=None end=None
[2026-04-08 13:06:10] [INFO] usina_solar -- [PARQUET] Schema lido: 5255 séries para 2025-11-24
[2026-04-08 13:06:30] [INFO] usina_solar -- [DATA] Consulta: date=2025-11-24, series=['CLS01.1-INV01-SB13-TR049.PosAngAlvo', 'CLS01.1-INV01-SB13.CorrenteCC_01'], elemento=None, skid=None, [None → None]
[2026-04-08 13:06:30] [INFO] usina_solar -- [QUERY] date=2025-11-24 | 2 séries | start=None end=None
[2026-04-08 13:18:37] [INFO] usina_solar -- [DATA] Consulta: date=2025-11-24, series=['CLS01.1-INV01-SB13-TR049.PosAngAlvo', 'CLS01.1-INV01-SB13.CorrenteCC_01', 'CLS01.1.MET-B.POA-Irrd', 'CLS01.1.MET-B.POA-Irrd_REAR', 'CLS01.1.MET-B.T_MOD', 'CLS01.1.MET-EPE.GHI-Irrd_1_SR100', 'CLS01.1.MET-EPE.GHI-Irrd_2_SR100', 'CLS01.1.MET-EPE.PcpAcm', 'CLS01.1.MET-EPE.T_SSTRH', 'CLS01.1.MET-EPE.VentoVel', 'CLS01.1-INV01.CorA', 'CLS01.1-INV01.CorB', 'CLS01.1-INV01.CorC', 'CLS01.1-INV01.CorrenteCC', 'CLS01.1-INV01.PotAt', 'CLS01.1-INV01.TenAB', 'CLS01.1-INV01.TenBC', 'CLS01.1-INV01.TenCA', 'CLS01.1-INV01.TensaoCC', 'CLS01.1-INV01-SB13.CorrenteCC_02'], elemento=None, skid=None, [None → None]
[2026-04-08 13:18:37] [INFO] usina_solar -- [QUERY] date=2025-11-24 | 20 séries | start=None end=None
[2026-04-08 13:19:01] [INFO] usina_solar -- [DATA] Consulta: date=2025-11-24, series=['CLS01.1-INV01-SB13-TR049.PosAngAlvo', 'CLS01.1-INV01-SB13.CorrenteCC_01', 'CLS01.1.MET-B.POA-Irrd', 'CLS01.1.MET-B.POA-Irrd_REAR', 'CLS01.1.MET-EPE.GHI-Irrd_1_SR100', 'CLS01.1.MET-EPE.GHI-Irrd_2_SR100', 'CLS01.1.MET-EPE.PcpAcm', 'CLS01.1.MET-EPE.T_SSTRH', 'CLS01.1.MET-EPE.VentoVel', 'CLS01.1-INV01.CorA', 'CLS01.1-INV01.CorB', 'CLS01.1-INV01.CorC', 'CLS01.1-INV01.CorrenteCC', 'CLS01.1-INV01.PotAt', 'CLS01.1-INV01.TenAB', 'CLS01.1-INV01.TenBC', 'CLS01.1-INV01.TenCA', 'CLS01.1-INV01.TensaoCC', 'CLS01.1-INV01-SB13.CorrenteCC_02'], elemento=None, skid=None, [None → None]
[2026-04-08 13:19:01] [INFO] usina_solar -- [QUERY] date=2025-11-24 | 19 séries | start=None end=None
[2026-04-08 13:20:49] [INFO] usina_solar -- [PARQUET] Schema lido: 5255 séries para 2025-11-24
[2026-04-08 13:22:45] [INFO] usina_solar -- [DATA] Consulta: date=2025-11-24, series=['CLS01.1-INV01.PotAt', 'CLS01.1-INV02.PotAt', 'CLS01.1-INV03.PotAt', 'CLS01.1-INV04.PotAt', 'CLS01.1-INV05.PotAt', 'CLS01.1-INV06.PotAt', 'CLS01.1-INV07.PotAt', 'CLS01.1-INV08.PotAt'], elemento=None, skid=None, [None → None]
[2026-04-08 13:22:45] [INFO] usina_solar -- [QUERY] date=2025-11-24 | 8 séries | start=None end=None
[2026-04-08 13:23:06] [INFO] usina_solar -- [DATA] Consulta: date=2025-11-24, series=['CLS01.1-INV01.PotAt', 'CLS01.1-INV02.PotAt', 'CLS01.1-INV03.PotAt', 'CLS01.1-INV04.PotAt', 'CLS01.1-INV05.PotAt', 'CLS01.1-INV06.PotAt', 'CLS01.1-INV07.PotAt', 'CLS01.1-INV08.PotAt', 'CLS01.1.MET-B.T_MOD'], elemento=None, skid=None, [None → None]
[2026-04-08 13:23:06] [INFO] usina_solar -- [QUERY] date=2025-11-24 | 9 séries | start=None end=None
[2026-04-08 13:23:57] [INFO] usina_solar -- [DATA] Consulta: date=2025-11-24, series=['CLS01.1-INV01.PotAt', 'CLS01.1-INV02.PotAt', 'CLS01.1-INV03.PotAt', 'CLS01.1-INV04.PotAt', 'CLS01.1-INV05.PotAt', 'CLS01.1-INV06.PotAt', 'CLS01.1-INV07.PotAt', 'CLS01.1-INV08.PotAt', 'CLS01.1.MET-B.T_MOD', 'CLS01.1-INV01.TenAB', 'CLS01.1-INV01.TenBC', 'CLS01.1-INV01.TenCA', 'CLS01.1-INV02.TenAB', 'CLS01.1-INV02.TenBC', 'CLS01.1-INV02.TenCA', 'CLS01.1-INV03.TenAB', 'CLS01.1-INV03.TenBC', 'CLS01.1-INV03.TenCA', 'CLS01.1-INV04.TenAB', 'CLS01.1-INV04.TenBC'], elemento=None, skid=None, [None → None]
[2026-04-08 13:23:57] [INFO] usina_solar -- [QUERY] date=2025-11-24 | 20 séries | start=None end=None
[2026-04-08 13:31:48] [INFO] usina_solar -- [PARQUET] Schema lido: 5255 séries para 2025-11-24
[2026-04-08 13:32:01] [INFO] usina_solar -- [DATA] Consulta: date=2025-11-24, series=['CLS01.1-INV01-SB13-TR049.PosAngAlvo', 'CLS01.1-INV01-SB13-TR049.PosAngAtual', 'CLS01.1-INV01-SB13-TR050.PosAngAlvo', 'CLS01.1-INV01-SB13-TR050.PosAngAtual', 'CLS01.1-INV01-SB13-TR051.PosAngAlvo', 'CLS01.1-INV01-SB13-TR051.PosAngAtual', 'CLS01.1-INV01-SB13-TR052.PosAngAlvo', 'CLS01.1-INV01-SB13-TR052.PosAngAtual', 'CLS01.1-INV01-SB14-TR053.PosAngAlvo', 'CLS01.1-INV01-SB14-TR053.PosAngAtual', 'CLS01.1-INV01-SB14-TR054.PosAngAlvo', 'CLS01.1-INV01-SB14-TR054.PosAngAtual', 'CLS01.1-INV01-SB14-TR055.PosAngAlvo', 'CLS01.1-INV01-SB14-TR055.PosAngAtual', 'CLS01.1-INV01-SB14-TR056.PosAngAlvo', 'CLS01.1-INV01-SB14-TR056.PosAngAtual', 'CLS01.1-INV01-SB15-TR057.PosAngAlvo', 'CLS01.1-INV01-SB15-TR057.PosAngAtual', 'CLS01.1-INV01-SB15-TR058.PosAngAlvo', 'CLS01.1-INV01-SB15-TR058.PosAngAtual'], elemento=None, skid=None, [None → None]
[2026-04-08 13:32:01] [INFO] usina_solar -- [QUERY] date=2025-11-24 | 20 séries | start=None end=None
[2026-04-08 13:33:13] [INFO] usina_solar -- [DATA] Consulta: date=2025-11-24, series=['CLS01.1-INV01.PotAt', 'CLS01.1-INV02.PotAt', 'CLS01.1-INV03.PotAt', 'CLS01.1-INV04.PotAt', 'CLS01.1-INV05.PotAt', 'CLS01.1-INV06.PotAt', 'CLS01.1-INV07.PotAt', 'CLS01.1-INV08.PotAt', 'CLS01.1-INV01-SB13-TR049.PosAngAlvo', 'CLS01.1-INV01-SB13-TR049.PosAngAtual', 'CLS01.1-INV01-SB13-TR050.PosAngAlvo', 'CLS01.1-INV01-SB13-TR050.PosAngAtual'], elemento=None, skid=None, [None → None]
[2026-04-08 13:33:13] [INFO] usina_solar -- [QUERY] date=2025-11-24 | 12 séries | start=None end=None
[2026-04-08 13:46:20] [INFO] usina_solar -- [PARQUET] Schema lido: 5255 séries para 2025-11-24
[2026-04-08 13:54:30] [INFO] usina_solar -- ============================================================
[2026-04-08 13:54:30] [INFO] usina_solar -- [SOLAR] Usina Solar API iniciada
[2026-04-08 13:54:30] [INFO] usina_solar --    Data dir: E:\Antigravity\Causa Raiz\backend\data
[2026-04-08 13:54:30] [INFO] usina_solar --    Docs:     http://localhost:8000/docs
[2026-04-08 13:54:30] [INFO] usina_solar -- ============================================================
[2026-04-08 13:55:18] [INFO] usina_solar -- ============================================================
[2026-04-08 13:55:18] [INFO] usina_solar -- [SOLAR] Usina Solar API iniciada
[2026-04-08 13:55:18] [INFO] usina_solar --    Data dir: E:\Antigravity\Causa Raiz\backend\data
[2026-04-08 13:55:18] [INFO] usina_solar --    Docs:     http://localhost:8000/docs
[2026-04-08 13:55:18] [INFO] usina_solar -- ============================================================
[2026-04-08 13:55:44] [INFO] usina_solar -- ============================================================
[2026-04-08 13:55:44] [INFO] usina_solar -- [SOLAR] Usina Solar API iniciada
[2026-04-08 13:55:44] [INFO] usina_solar --    Data dir: E:\Antigravity\Causa Raiz\backend\data
[2026-04-08 13:55:44] [INFO] usina_solar --    Docs:     http://localhost:8000/docs
[2026-04-08 13:55:44] [INFO] usina_solar -- ============================================================
[2026-04-08 13:56:23] [INFO] usina_solar -- ============================================================
[2026-04-08 13:56:23] [INFO] usina_solar -- [SOLAR] Usina Solar API iniciada
[2026-04-08 13:56:23] [INFO] usina_solar --    Data dir: E:\Antigravity\Causa Raiz\backend\data
[2026-04-08 13:56:23] [INFO] usina_solar --    Docs:     http://localhost:8000/docs
[2026-04-08 13:56:23] [INFO] usina_solar -- ============================================================
[2026-04-08 13:56:55] [INFO] usina_solar -- ============================================================
[2026-04-08 13:56:55] [INFO] usina_solar -- [SOLAR] Usina Solar API iniciada
[2026-04-08 13:56:55] [INFO] usina_solar --    Data dir: E:\Antigravity\Causa Raiz\backend\data
[2026-04-08 13:56:55] [INFO] usina_solar --    Docs:     http://localhost:8000/docs
[2026-04-08 13:56:55] [INFO] usina_solar -- ============================================================
[2026-04-08 13:57:12] [INFO] usina_solar -- ============================================================
[2026-04-08 13:57:12] [INFO] usina_solar -- [SOLAR] Usina Solar API iniciada
[2026-04-08 13:57:12] [INFO] usina_solar --    Data dir: E:\Antigravity\Causa Raiz\backend\data
[2026-04-08 13:57:12] [INFO] usina_solar --    Docs:     http://localhost:8000/docs
[2026-04-08 13:57:12] [INFO] usina_solar -- ============================================================
[2026-04-08 13:57:49] [INFO] usina_solar -- ============================================================
[2026-04-08 13:57:49] [INFO] usina_solar -- [SOLAR] Usina Solar API iniciada
[2026-04-08 13:57:49] [INFO] usina_solar --    Data dir: E:\Antigravity\Causa Raiz\backend\data
[2026-04-08 13:57:49] [INFO] usina_solar --    Docs:     http://localhost:8000/docs
[2026-04-08 13:57:49] [INFO] usina_solar -- ============================================================
[2026-04-08 13:59:50] [INFO] usina_solar -- ============================================================
[2026-04-08 13:59:50] [INFO] usina_solar -- [SOLAR] Usina Solar API iniciada
[2026-04-08 13:59:50] [INFO] usina_solar --    Data dir: E:\Antigravity\Causa Raiz\backend\data
[2026-04-08 13:59:50] [INFO] usina_solar --    Docs:     http://localhost:8000/docs
[2026-04-08 13:59:50] [INFO] usina_solar -- ============================================================
[2026-04-08 14:01:00] [INFO] usina_solar -- [USINAS] Listando 0 usinas.
[2026-04-08 14:01:00] [INFO] usina_solar -- [USINAS] Listando 0 usinas.
[2026-04-08 14:07:13] [INFO] usina_solar -- [USINAS] Listando 0 usinas.
[2026-04-08 14:07:13] [INFO] usina_solar -- [USINAS] Listando 0 usinas.
[2026-04-08 14:08:57] [INFO] usina_solar -- [USINAS] Listando 0 usinas.
[2026-04-08 14:08:57] [INFO] usina_solar -- [USINAS] Listando 0 usinas.
[2026-04-08 14:09:35] [INFO] usina_solar -- [USINAS] Listando 0 usinas.
[2026-04-08 14:09:35] [INFO] usina_solar -- [USINAS] Listando 0 usinas.
[2026-04-08 14:14:35] [INFO] usina_solar -- [USINAS] Listando 0 usinas.
[2026-04-08 14:14:35] [INFO] usina_solar -- [USINAS] Listando 0 usinas.
[2026-04-08 14:14:55] [INFO] usina_solar -- [USINAS] Nova usina criada: Cortez - SPE São Claus 1
[2026-04-08 14:14:55] [INFO] usina_solar -- [USINAS] Listando 1 usinas.
[2026-04-08 14:15:20] [INFO] usina_solar -- [MAPPING] Salvo: 16648 entradas → E:\Antigravity\Causa Raiz\backend\data\Cortez - SPE São Claus 1\series_map.json
[2026-04-08 14:15:20] [INFO] usina_solar -- [MAPPING] Importado: 16648 entradas, 13 linhas inválidas
[2026-04-08 14:16:24] [INFO] usina_solar -- [UPLOAD] Recebendo: 'Cortez - SBBS - São Claus 1 - 24-11-2025 .xlsx' para usina 'Cortez - SPE São Claus 1'
[2026-04-08 14:16:24] [INFO] usina_solar -- [EXCEL] Lendo 'Cortez - SBBS - São Claus 1 - 24-11-2025 .xlsx' para usina 'Cortez - SPE São Claus 1' (31.71 MB)...
[2026-04-08 14:16:48] [INFO] usina_solar -- [EXCEL] Lido: 1281 linhas × 5256 colunas
[2026-04-08 14:16:48] [INFO] usina_solar -- [EXCEL] Coluna de timestamp detectada: 'timestamp'
[2026-04-08 14:16:48] [INFO] usina_solar -- [PARQUET] Salvando em 'E:\Antigravity\Causa Raiz\backend\data\Cortez - SPE São Claus 1\2025-11-24.parquet'...
[2026-04-08 14:16:48] [INFO] usina_solar -- [PARQUET] Salvo! 5255 séries, data=2025-11-24
[2026-04-08 14:16:55] [INFO] usina_solar -- [PARQUET] Schema lido: 5255 séries para 2025-11-24
[2026-04-08 14:16:55] [INFO] usina_solar -- [PARQUET] Schema lido: 5255 séries para 2025-11-24
[2026-04-08 14:17:14] [INFO] usina_solar -- [DATA] Consulta: usina=Cortez - SPE São Claus 1, date=2025-11-24, series=['CLS01.1-INV01-SB13-TR049.PosAngAlvo', 'CLS01.1-INV01-SB13-TR049.PosAngAtual', 'CLS01.1-INV01-SB13-TR050.PosAngAlvo', 'CLS01.1-INV01-SB13-TR050.PosAngAtual', 'CLS01.1-INV01-SB13-TR051.PosAngAlvo', 'CLS01.1-INV01-SB13-TR051.PosAngAtual', 'CLS01.1-INV01-SB13-TR052.PosAngAlvo', 'CLS01.1-INV01-SB13-TR052.PosAngAtual', 'CLS01.1-INV01-SB14-TR053.PosAngAlvo', 'CLS01.1-INV01-SB14-TR053.PosAngAtual', 'CLS01.1-INV01-SB14-TR054.PosAngAlvo', 'CLS01.1-INV01-SB14-TR054.PosAngAtual', 'CLS01.1-INV01-SB14-TR055.PosAngAlvo', 'CLS01.1-INV01-SB14-TR055.PosAngAtual', 'CLS01.1-INV01-SB14-TR056.PosAngAlvo', 'CLS01.1-INV01-SB14-TR056.PosAngAtual', 'CLS01.1-INV01-SB15-TR057.PosAngAlvo', 'CLS01.1-INV01-SB15-TR057.PosAngAtual', 'CLS01.1-INV01-SB15-TR058.PosAngAlvo', 'CLS01.1-INV01-SB15-TR058.PosAngAtual'], elemento=None, skid=None, [None → None]
[2026-04-08 14:17:14] [INFO] usina_solar -- [QUERY] date=2025-11-24 | 20 séries | start=None end=None
[2026-04-08 14:23:48] [INFO] usina_solar -- [USINAS] Listando 1 usinas.
[2026-04-08 14:23:48] [INFO] usina_solar -- [USINAS] Listando 1 usinas.
[2026-04-08 14:23:48] [INFO] usina_solar -- [PARQUET] Schema lido: 5255 séries para 2025-11-24
[2026-04-08 14:23:48] [INFO] usina_solar -- [PARQUET] Schema lido: 5255 séries para 2025-11-24
[2026-04-08 14:24:03] [INFO] usina_solar -- [DATA] Consulta: usina=Cortez - SPE São Claus 1, date=2025-11-24, series=['CLS01.1-INV01-SB13-TR049.PosAngAlvo', 'CLS01.1-INV01-SB13-TR049.PosAngAtual', 'CLS01.1-INV01-SB13-TR050.PosAngAlvo', 'CLS01.1-INV01-SB13-TR050.PosAngAtual', 'CLS01.1-INV01-SB13-TR051.PosAngAlvo', 'CLS01.1-INV01-SB13-TR051.PosAngAtual', 'CLS01.1-INV01-SB13-TR052.PosAngAlvo', 'CLS01.1-INV01-SB13-TR052.PosAngAtual', 'CLS01.1-INV01-SB14-TR053.PosAngAlvo', 'CLS01.1-INV01-SB14-TR053.PosAngAtual', 'CLS01.1-INV01-SB14-TR054.PosAngAlvo', 'CLS01.1-INV01-SB14-TR054.PosAngAtual', 'CLS01.1-INV01-SB14-TR055.PosAngAlvo', 'CLS01.1-INV01-SB14-TR055.PosAngAtual', 'CLS01.1-INV01-SB14-TR056.PosAngAlvo', 'CLS01.1-INV01-SB14-TR056.PosAngAtual', 'CLS01.1-INV01-SB15-TR057.PosAngAlvo', 'CLS01.1-INV01-SB15-TR057.PosAngAtual', 'CLS01.1-INV01-SB15-TR058.PosAngAlvo', 'CLS01.1-INV01-SB15-TR058.PosAngAtual'], elemento=None, skid=None, [None → None]
[2026-04-08 14:24:03] [INFO] usina_solar -- [QUERY] date=2025-11-24 | 20 séries | start=None end=None
[2026-04-08 14:24:41] [INFO] usina_solar -- [DATA] Consulta: usina=Cortez - SPE São Claus 1, date=2025-11-24, series=['CLS01.1-INV01-SB13-TR049.PosAngAlvo', 'CLS01.1-INV01-SB13-TR049.PosAngAtual', 'CLS01.1-INV01-SB13-TR050.PosAngAlvo', 'CLS01.1-INV01-SB13-TR050.PosAngAtual', 'CLS01.1-INV01.PotAt', 'CLS01.1-INV02.PotAt', 'CLS01.1-INV03.PotAt', 'CLS01.1-INV04.PotAt'], elemento=None, skid=None, [None → None]
[2026-04-08 14:24:41] [INFO] usina_solar -- [QUERY] date=2025-11-24 | 8 séries | start=None end=None
[2026-04-08 14:33:55] [INFO] usina_solar -- [USINAS] Listando 1 usinas.
[2026-04-08 14:33:55] [INFO] usina_solar -- [USINAS] Listando 1 usinas.
[2026-04-08 14:40:57] [INFO] usina_solar -- ============================================================
[2026-04-08 14:40:57] [INFO] usina_solar -- [SOLAR] Usina Solar API iniciada
[2026-04-08 14:40:57] [INFO] usina_solar --    Data dir: E:\Antigravity\Causa Raiz\backend\data
[2026-04-08 14:40:57] [INFO] usina_solar --    Docs:     http://localhost:8000/docs
[2026-04-08 14:40:57] [INFO] usina_solar -- ============================================================
[2026-04-08 14:41:21] [INFO] usina_solar -- ============================================================
[2026-04-08 14:41:21] [INFO] usina_solar -- [SOLAR] Usina Solar API iniciada
[2026-04-08 14:41:21] [INFO] usina_solar --    Data dir: E:\Antigravity\Causa Raiz\backend\data
[2026-04-08 14:41:21] [INFO] usina_solar --    Docs:     http://localhost:8000/docs
[2026-04-08 14:41:21] [INFO] usina_solar -- ============================================================
[2026-04-08 14:41:23] [INFO] usina_solar -- ============================================================
[2026-04-08 14:41:23] [INFO] usina_solar -- [SOLAR] Usina Solar API iniciada
[2026-04-08 14:41:23] [INFO] usina_solar --    Data dir: E:\Antigravity\Causa Raiz\backend\data
[2026-04-08 14:41:23] [INFO] usina_solar --    Docs:     http://localhost:8000/docs
[2026-04-08 14:41:23] [INFO] usina_solar -- ============================================================
[2026-04-08 14:41:54] [INFO] usina_solar -- ============================================================
[2026-04-08 14:41:54] [INFO] usina_solar -- [SOLAR] Usina Solar API iniciada
[2026-04-08 14:41:54] [INFO] usina_solar --    Data dir: E:\Antigravity\Causa Raiz\backend\data
[2026-04-08 14:41:54] [INFO] usina_solar --    Docs:     http://localhost:8000/docs
[2026-04-08 14:41:54] [INFO] usina_solar -- ============================================================
[2026-04-08 14:41:56] [INFO] usina_solar -- [USINAS] Listando 1 usinas.
[2026-04-08 14:41:56] [INFO] usina_solar -- [USINAS] Listando 1 usinas.
[2026-04-08 14:44:13] [INFO] usina_solar -- [USINAS] Listando 1 usinas.
[2026-04-08 14:44:13] [INFO] usina_solar -- [USINAS] Listando 1 usinas.
[2026-04-08 14:44:15] [INFO] usina_solar -- [USINAS] Listando 1 usinas.
[2026-04-08 14:44:15] [INFO] usina_solar -- [USINAS] Listando 1 usinas.
[2026-04-08 14:44:35] [INFO] usina_solar -- [USINAS] Listando 1 usinas.
[2026-04-08 14:44:35] [INFO] usina_solar -- [USINAS] Listando 1 usinas.
[2026-04-08 14:44:37] [INFO] usina_solar -- [USINAS] Listando 1 usinas.
[2026-04-08 14:44:37] [INFO] usina_solar -- [USINAS] Listando 1 usinas.
[2026-04-08 14:45:07] [INFO] usina_solar -- [USINAS] Listando 1 usinas.
[2026-04-08 14:45:07] [INFO] usina_solar -- [USINAS] Listando 1 usinas.
[2026-04-08 14:48:09] [INFO] usina_solar -- [USINA_INFO] Salvo: 48 registros → E:\Antigravity\Causa Raiz\backend\data\Cortez - SPE São Claus 1\usina_info.json
[2026-04-08 14:48:20] [INFO] usina_solar -- [USINA_INFO] Salvo: 48 registros → E:\Antigravity\Causa Raiz\backend\data\Cortez - SPE São Claus 1\usina_info.json
[2026-04-08 14:48:26] [INFO] usina_solar -- [PARQUET] Schema lido: 5255 séries para 2025-11-24
[2026-04-08 14:48:28] [INFO] usina_solar -- [PARQUET] Schema lido: 5255 séries para 2025-11-24
[2026-04-08 14:48:28] [INFO] usina_solar -- [PARQUET] Schema lido: 5255 séries para 2025-11-24
[2026-04-08 14:48:34] [INFO] usina_solar -- [HEATMAP] Yield calculado: 48 pares | 6 SKIDs × 8 INVs
[2026-04-08 14:51:41] [INFO] usina_solar -- [USINAS] Listando 1 usinas.
[2026-04-08 14:51:41] [INFO] usina_solar -- [USINAS] Listando 1 usinas.
[2026-04-08 14:52:33] [INFO] usina_solar -- [PARQUET] Schema lido: 5255 séries para 2025-11-24
[2026-04-08 14:52:34] [INFO] usina_solar -- [PARQUET] Schema lido: 5255 séries para 2025-11-24
[2026-04-08 14:52:38] [INFO] usina_solar -- [HEATMAP] Yield calculado: 48 pares | 6 SKIDs × 8 INVs
[2026-04-08 14:53:55] [INFO] usina_solar -- [USINAS] Listando 1 usinas.
[2026-04-08 14:53:55] [INFO] usina_solar -- [USINAS] Listando 1 usinas.
[2026-04-08 14:54:13] [INFO] usina_solar -- [PARQUET] Schema lido: 5255 séries para 2025-11-24
[2026-04-08 14:54:13] [INFO] usina_solar -- [PARQUET] Schema lido: 5255 séries para 2025-11-24
[2026-04-08 14:54:14] [INFO] usina_solar -- [PARQUET] Schema lido: 5255 séries para 2025-11-24
[2026-04-08 14:54:16] [INFO] usina_solar -- [HEATMAP] Yield calculado: 48 pares | 6 SKIDs × 8 INVs
[2026-04-08 14:57:26] [INFO] usina_solar -- [HEATMAP] Yield calculado: 48 pares | 6 SKIDs × 8 INVs
[2026-04-08 14:57:34] [INFO] usina_solar -- [HEATMAP] Yield calculado: 48 pares | 6 SKIDs × 8 INVs
[2026-04-08 14:57:48] [INFO] usina_solar -- [USINAS] Listando 1 usinas.
[2026-04-08 14:57:48] [INFO] usina_solar -- [USINAS] Listando 1 usinas.
[2026-04-08 14:58:56] [INFO] usina_solar -- [PARQUET] Schema lido: 5255 séries para 2025-11-24
[2026-04-08 14:59:03] [INFO] usina_solar -- [PARQUET] Schema lido: 5255 séries para 2025-11-24
[2026-04-08 14:59:03] [INFO] usina_solar -- [PARQUET] Schema lido: 5255 séries para 2025-11-24
[2026-04-08 14:59:06] [INFO] usina_solar -- [HEATMAP] Yield calculado: 48 pares | 6 SKIDs × 8 INVs
[2026-04-08 14:59:26] [INFO] usina_solar -- [DATA] Consulta: usina=Cortez - SPE São Claus 1, date=2025-11-24, series=['Flag 5 minutos'], elemento=None, skid=None, [None → None]
[2026-04-08 14:59:26] [INFO] usina_solar -- [QUERY] date=2025-11-24 | 1 séries | start=None end=None
[2026-04-08 15:03:29] [INFO] usina_solar -- [USINAS] Listando 1 usinas.
[2026-04-08 15:03:29] [INFO] usina_solar -- [USINAS] Listando 1 usinas.
[2026-04-08 15:04:13] [INFO] usina_solar -- [PARQUET] Schema lido: 5255 séries para 2025-11-24
[2026-04-08 15:04:14] [INFO] usina_solar -- [PARQUET] Schema lido: 5255 séries para 2025-11-24
[2026-04-08 15:04:14] [INFO] usina_solar -- [PARQUET] Schema lido: 5255 séries para 2025-11-24
[2026-04-08 15:04:18] [INFO] usina_solar -- [HEATMAP] Yield calculado: 48 pares | 6 SKIDs × 8 INVs
[2026-04-08 15:04:22] [INFO] usina_solar -- ============================================================
[2026-04-08 15:04:22] [INFO] usina_solar -- [SOLAR] Usina Solar API iniciada
[2026-04-08 15:04:22] [INFO] usina_solar --    Data dir: E:\Antigravity\Causa Raiz\backend\data
[2026-04-08 15:04:22] [INFO] usina_solar --    Docs:     http://localhost:8000/docs
[2026-04-08 15:04:22] [INFO] usina_solar -- ============================================================
[2026-04-08 15:04:42] [INFO] usina_solar -- [USINAS] Listando 1 usinas.
[2026-04-08 15:04:42] [INFO] usina_solar -- [USINAS] Listando 1 usinas.
[2026-04-08 15:04:43] [INFO] usina_solar -- [USINAS] Listando 1 usinas.
[2026-04-08 15:04:43] [INFO] usina_solar -- [USINAS] Listando 1 usinas.
[2026-04-08 15:05:08] [INFO] usina_solar -- [USINAS] Listando 1 usinas.
[2026-04-08 15:05:08] [INFO] usina_solar -- [USINAS] Listando 1 usinas.
[2026-04-08 15:05:12] [INFO] usina_solar -- [PARQUET] Schema lido: 5255 séries para 2025-11-24
[2026-04-08 15:05:24] [INFO] usina_solar -- [DATA] Consulta: usina=Cortez - SPE São Claus 1, date=2025-11-24, series=['CLS01.1-INV01.PotAt', 'CLS01.1-INV02.PotAt', 'CLS01.1-INV03.PotAt'], elemento=None, skid=None, [None → None]
[2026-04-08 15:05:24] [INFO] usina_solar -- [QUERY] date=2025-11-24 | 3 séries | start=None end=None
[2026-04-08 15:05:43] [INFO] usina_solar -- [PARQUET] Schema lido: 5255 séries para 2025-11-24
[2026-04-08 15:05:43] [INFO] usina_solar -- [PARQUET] Schema lido: 5255 séries para 2025-11-24
[2026-04-08 15:05:49] [INFO] usina_solar -- [HEATMAP] Yield calculado: 48 pares | 6 SKIDs × 8 INVs
[2026-04-08 15:06:13] [INFO] usina_solar -- [DATA] Consulta: usina=Cortez - SPE São Claus 1, date=2025-11-24, series=['CLS01.1-INV01.PotAt', 'CLS01.1-INV02.PotAt', 'CLS01.1-INV03.PotAt', 'Flag 5 minutos'], elemento=None, skid=None, [None → None]
[2026-04-08 15:06:13] [INFO] usina_solar -- [QUERY] date=2025-11-24 | 4 séries | start=None end=None
[2026-04-08 15:06:23] [INFO] usina_solar -- [HEATMAP] Flag filter: 595 linhas restantes (coluna 'Flag 5 minutos' == 1)
[2026-04-08 15:06:23] [INFO] usina_solar -- [HEATMAP] Yield calculado: 48 pares | 6 SKIDs × 8 INVs
[2026-04-08 15:08:52] [INFO] usina_solar -- [USINAS] Listando 1 usinas.
[2026-04-08 15:08:52] [INFO] usina_solar -- [USINAS] Listando 1 usinas.
[2026-04-08 15:09:53] [INFO] usina_solar -- [UPLOAD] Recebendo: 'Cortez - SBBS - São Claus 1 - 25-11-2025 .xlsx' para usina 'Cortez - SPE São Claus 1'
[2026-04-08 15:09:53] [INFO] usina_solar -- [EXCEL] Lendo 'Cortez - SBBS - São Claus 1 - 25-11-2025 .xlsx' para usina 'Cortez - SPE São Claus 1' (31.20 MB)...
[2026-04-08 15:10:38] [INFO] usina_solar -- [EXCEL] Lido: 1277 linhas × 5256 colunas
[2026-04-08 15:10:38] [INFO] usina_solar -- [EXCEL] Coluna de timestamp detectada: 'timestamp'
[2026-04-08 15:10:38] [INFO] usina_solar -- [PARQUET] Salvando em 'E:\Antigravity\Causa Raiz\backend\data\Cortez - SPE São Claus 1\2025-11-25.parquet'...
[2026-04-08 15:10:39] [INFO] usina_solar -- [PARQUET] Salvo! 5255 séries, data=2025-11-25
[2026-04-08 15:10:45] [INFO] usina_solar -- [PARQUET] Schema lido: 5255 séries para 2025-11-25
[2026-04-08 15:10:46] [INFO] usina_solar -- [PARQUET] Schema lido: 5255 séries para 2025-11-25
[2026-04-08 15:11:16] [INFO] usina_solar -- [DATA] Consulta: usina=Cortez - SPE São Claus 1, date=2025-11-25, series=['CLS01.1-INV01-SB13-TR049.PosAngAlvo', 'CLS01.1-INV01-SB13-TR049.PosAngAtual', 'CLS01.1-INV01-SB13-TR050.PosAngAlvo', 'CLS01.1-INV01-SB13-TR050.PosAngAtual', 'CLS01.1-INV01.PotAt', 'CLS01.1-INV02.PotAt'], elemento=None, skid=None, [None → None]
[2026-04-08 15:11:16] [INFO] usina_solar -- [QUERY] date=2025-11-25 | 6 séries | start=None end=None
[2026-04-08 15:11:59] [INFO] usina_solar -- [PARQUET] Schema lido: 5255 séries para 2025-11-25
[2026-04-08 15:11:59] [INFO] usina_solar -- [PARQUET] Schema lido: 5255 séries para 2025-11-25
[2026-04-08 15:12:15] [INFO] usina_solar -- [HEATMAP] Yield calculado: 48 pares | 6 SKIDs × 8 INVs
[2026-04-08 15:13:19] [INFO] usina_solar -- [DATA] Consulta: usina=Cortez - SPE São Claus 1, date=2025-11-25, series=['Flag 5 minutos'], elemento=None, skid=None, [None → None]
[2026-04-08 15:13:19] [INFO] usina_solar -- [QUERY] date=2025-11-25 | 1 séries | start=None end=None
[2026-04-08 15:13:26] [INFO] usina_solar -- [PARQUET] Schema lido: 5255 séries para 2025-11-25
[2026-04-08 15:13:27] [INFO] usina_solar -- [PARQUET] Schema lido: 5255 séries para 2025-11-25
[2026-04-08 15:13:31] [INFO] usina_solar -- [HEATMAP] Yield calculado: 48 pares | 6 SKIDs × 8 INVs
[2026-04-08 15:13:36] [INFO] usina_solar -- [HEATMAP] Flag filter: 677 linhas restantes (coluna 'Flag 5 minutos' == 1)
[2026-04-08 15:13:36] [INFO] usina_solar -- [HEATMAP] Yield calculado: 48 pares | 6 SKIDs × 8 INVs
[2026-04-08 15:15:14] [INFO] usina_solar -- [USINAS] Listando 1 usinas.
[2026-04-08 15:15:14] [INFO] usina_solar -- [USINAS] Listando 1 usinas.
[2026-04-08 15:15:14] [INFO] usina_solar -- [PARQUET] Schema lido: 5255 séries para 2025-11-25
[2026-04-08 15:15:15] [INFO] usina_solar -- [PARQUET] Schema lido: 5255 séries para 2025-11-25
[2026-04-08 15:15:58] [INFO] usina_solar -- [PARQUET] Schema lido: 5255 séries para 2025-11-25
[2026-04-08 15:15:58] [INFO] usina_solar -- [PARQUET] Schema lido: 5255 séries para 2025-11-25
[2026-04-08 15:16:14] [INFO] usina_solar -- [DATA] Consulta: usina=Cortez - SPE São Claus 1, date=2025-11-25, series=['Flag 5 minutos', 'CLS01.1-INV01.PotAt', 'CLS01.1-INV02.PotAt', 'CLS01.1-INV03.PotAt'], elemento=None, skid=None, [None → None]
[2026-04-08 15:16:14] [INFO] usina_solar -- [QUERY] date=2025-11-25 | 4 séries | start=None end=None
[2026-04-08 15:16:54] [INFO] usina_solar -- [DATA] Consulta: usina=Cortez - SPE São Claus 1, date=2025-11-25, series=['Flag 5 minutos', 'CLS01.1-INV01.PotAt', 'CLS01.1-INV02.PotAt', 'CLS01.1-INV03.PotAt', 'CLS01.1-INV01-SB13-TR049.PosAngAlvo', 'CLS01.1-INV01-SB13-TR049.PosAngAtual', 'CLS01.1-INV01-SB13-TR050.PosAngAlvo', 'CLS01.1-INV01-SB13-TR050.PosAngAtual', 'CLS01.1-INV01-SB13-TR051.PosAngAlvo', 'CLS01.1-INV01-SB13-TR051.PosAngAtual', 'CLS01.1-INV01-SB13-TR052.PosAngAlvo', 'CLS01.1-INV01-SB13-TR052.PosAngAtual', 'CLS01.1-INV01-SB14-TR053.PosAngAlvo', 'CLS01.1-INV01-SB14-TR053.PosAngAtual', 'CLS01.1-INV01-SB14-TR054.PosAngAlvo', 'CLS01.1-INV01-SB14-TR054.PosAngAtual', 'CLS01.1-INV01-SB14-TR055.PosAngAlvo', 'CLS01.1-INV01-SB14-TR055.PosAngAtual', 'CLS01.1-INV01-SB14-TR056.PosAngAlvo', 'CLS01.1-INV01-SB14-TR056.PosAngAtual'], elemento=None, skid=None, [None → None]
[2026-04-08 15:16:54] [INFO] usina_solar -- [QUERY] date=2025-11-25 | 20 séries | start=None end=None
[2026-04-08 15:19:31] [INFO] usina_solar -- [PARQUET] Schema lido: 5255 séries para 2025-11-24
[2026-04-08 15:22:45] [INFO] usina_solar -- [USINAS] Listando 1 usinas.
[2026-04-08 15:22:45] [INFO] usina_solar -- [USINAS] Listando 1 usinas.
[2026-04-08 15:22:45] [INFO] usina_solar -- [PARQUET] Schema lido: 5255 séries para 2025-11-25
[2026-04-08 15:22:46] [INFO] usina_solar -- [PARQUET] Schema lido: 5255 séries para 2025-11-25
[2026-04-08 15:22:55] [INFO] usina_solar -- [USINAS] Listando 1 usinas.
[2026-04-08 15:22:55] [INFO] usina_solar -- [USINAS] Listando 1 usinas.
[2026-04-08 15:24:15] [INFO] usina_solar -- [PARQUET] Schema lido: 5255 séries para 2025-11-24
[2026-04-08 15:25:24] [INFO] usina_solar -- [DATA] Consulta: usina=Cortez - SPE São Claus 1, date=2025-11-24, series=['CLS01.1-INV01-SB13-TR049.PosAngAlvo', 'CLS01.1-INV01-SB13-TR049.PosAngAtual', 'CLS01.1-INV01-SB13-TR050.PosAngAlvo', 'CLS01.1-INV01.PotAt', 'CLS01.1-INV02.PotAt', 'CLS01.1-INV03.PotAt', 'Flag 5 minutos'], elemento=None, skid=None, [None → None]
[2026-04-08 15:25:24] [INFO] usina_solar -- [QUERY] date=2025-11-24 | 7 séries | start=None end=None
[2026-04-08 15:26:38] [INFO] usina_solar -- [PARQUET] Schema lido: 5255 séries para 2025-11-24
[2026-04-08 15:26:38] [INFO] usina_solar -- [PARQUET] Schema lido: 5255 séries para 2025-11-24
[2026-04-08 15:26:46] [INFO] usina_solar -- [HEATMAP] Yield calculado: 48 pares | 6 SKIDs × 8 INVs
[2026-04-08 15:26:59] [INFO] usina_solar -- [HEATMAP] Flag filter: 595 linhas restantes (coluna 'Flag 5 minutos' == 1)
[2026-04-08 15:26:59] [INFO] usina_solar -- [HEATMAP] Yield calculado: 48 pares | 6 SKIDs × 8 INVs
[2026-04-08 15:44:16] [INFO] usina_solar -- [USINAS] Listando 1 usinas.
[2026-04-08 15:44:16] [INFO] usina_solar -- [USINAS] Listando 1 usinas.
[2026-04-08 15:45:40] [INFO] usina_solar -- [PARQUET] Schema lido: 5255 séries para 2025-11-24
[2026-04-08 15:45:50] [INFO] usina_solar -- [DATA] Consulta: usina=Cortez - SPE São Claus 1, date=2025-11-24, series=['CLS01.1-INV01-SB13-TR049.PosAngAlvo', 'CLS01.1-INV01-SB13-TR049.PosAngAtual', 'CLS01.1-INV01-SB13-TR050.PosAngAlvo', 'CLS01.1-INV01-SB13-TR050.PosAngAtual'], elemento=None, skid=None, [None → None]
[2026-04-08 15:45:50] [INFO] usina_solar -- [QUERY] date=2025-11-24 | 4 séries | start=None end=None
[2026-04-08 15:48:22] [INFO] usina_solar -- [USINAS] Listando 1 usinas.
[2026-04-08 15:48:22] [INFO] usina_solar -- [USINAS] Listando 1 usinas.
[2026-04-08 15:48:42] [INFO] usina_solar -- [USINAS] Listando 1 usinas.
[2026-04-08 15:48:42] [INFO] usina_solar -- [USINAS] Listando 1 usinas.
[2026-04-08 15:49:25] [INFO] usina_solar -- [USINAS] Listando 1 usinas.
[2026-04-08 15:49:25] [INFO] usina_solar -- [USINAS] Listando 1 usinas.
[2026-04-08 15:49:43] [INFO] usina_solar -- [PARQUET] Schema lido: 5255 séries para 2025-11-24
[2026-04-08 15:49:51] [INFO] usina_solar -- [DATA] Consulta: usina=Cortez - SPE São Claus 1, date=2025-11-24, series=['CLS01.1-INV01-SB13-TR049.PosAngAlvo', 'CLS01.1-INV01-SB13-TR049.PosAngAtual', 'CLS01.1-INV01-SB13-TR050.PosAngAlvo'], elemento=None, skid=None, [None → None]
[2026-04-08 15:49:51] [INFO] usina_solar -- [QUERY] date=2025-11-24 | 3 séries | start=None end=None
[2026-04-08 15:52:34] [INFO] usina_solar -- [USINAS] Listando 1 usinas.
[2026-04-08 15:52:34] [INFO] usina_solar -- [USINAS] Listando 1 usinas.
[2026-04-08 15:53:41] [INFO] usina_solar -- [PARQUET] Schema lido: 5255 séries para 2025-11-24
[2026-04-08 15:53:47] [INFO] usina_solar -- [DATA] Consulta: usina=Cortez - SPE São Claus 1, date=2025-11-24, series=['CLS01.1-INV01-SB13-TR049.PosAngAlvo', 'CLS01.1-INV01-SB13-TR049.PosAngAtual', 'CLS01.1-INV01-SB13-TR050.PosAngAlvo', 'CLS01.1-INV01-SB13-TR050.PosAngAtual'], elemento=None, skid=None, [None → None]
[2026-04-08 15:53:47] [INFO] usina_solar -- [QUERY] date=2025-11-24 | 4 séries | start=None end=None
[2026-04-08 16:45:47] [INFO] usina_solar -- [USINAS] Listando 1 usinas.
[2026-04-08 16:45:47] [INFO] usina_solar -- [USINAS] Listando 1 usinas.
[2026-04-08 16:49:42] [INFO] usina_solar -- [PARQUET] Schema lido: 5255 séries para 2025-11-24
[2026-04-08 16:49:58] [INFO] usina_solar -- [DATA] Consulta: usina=Cortez - SPE São Claus 1, date=2025-11-24, series=['CLS01.1-INV01.PotAt', 'CLS01.1-INV02.PotAt', 'CLS01.1-INV03.PotAt'], elemento=None, skid=None, [None → None]
[2026-04-08 16:49:58] [INFO] usina_solar -- [QUERY] date=2025-11-24 | 3 séries | start=None end=None
[2026-04-08 16:54:40] [INFO] usina_solar -- [USINAS] Listando 1 usinas.
[2026-04-08 16:54:40] [INFO] usina_solar -- [USINAS] Listando 1 usinas.
[2026-04-08 17:00:23] [INFO] usina_solar -- [PARQUET] Schema lido: 5255 séries para 2025-11-24
[2026-04-08 17:18:13] [INFO] usina_solar -- [PARQUET] Schema lido: 5255 séries para 2025-11-24
[2026-04-08 17:18:13] [INFO] usina_solar -- [PARQUET] Schema lido: 5255 séries para 2025-11-24
[2026-04-08 17:18:16] [INFO] usina_solar -- [DATA] Consulta: usina=Cortez - SPE São Claus 1, date=2025-11-24, series=['CLS01.1.MET-B.POA-Irrd', 'CLS01.1.MET-B.POA-Irrd_REAR'], elemento=None, skid=None, [None → None]
[2026-04-08 17:18:16] [INFO] usina_solar -- [QUERY] date=2025-11-24 | 2 séries | start=None end=None
[2026-04-08 17:18:28] [INFO] usina_solar -- [PARQUET] Schema lido: 5255 séries para 2025-11-24
[2026-04-08 17:18:29] [INFO] usina_solar -- [PARQUET] Schema lido: 5255 séries para 2025-11-24
[2026-04-08 17:18:40] [INFO] usina_solar -- [USINAS] Listando 1 usinas.
[2026-04-08 17:18:40] [INFO] usina_solar -- [USINAS] Listando 1 usinas.
[2026-04-08 17:18:45] [INFO] usina_solar -- [PARQUET] Schema lido: 5255 séries para 2025-11-25
[2026-04-08 17:20:45] [INFO] usina_solar -- [DATA] Consulta: usina=Cortez - SPE São Claus 1, date=2025-11-25, series=['CLS01.2-INV01-SB13.CorrenteCC_01', 'CLS01.2-INV01-SB13.CorrenteCC_02', 'CLS01.2-INV01-SB13.CorrenteCC_03', 'CLS01.2-INV01-SB13.CorrenteCC_04', 'CLS01.2-INV01-SB13.CorrenteCC_05', 'CLS01.2-INV01-SB13.CorrenteCC_06', 'CLS01.2-INV01-SB13.CorrenteCC_07', 'CLS01.2-INV01-SB13.CorrenteCC_08', 'CLS01.2-INV01-SB13.CorrenteCC_09', 'CLS01.2-INV01-SB13.CorrenteCC_10', 'CLS01.2-INV01-SB13.CorrenteCC_11', 'CLS01.2-INV01-SB13.CorrenteCC_12', 'CLS01.2-INV01-SB13.CorrenteCC_13', 'CLS01.2-INV01-SB13.CorrenteCC_14', 'CLS01.2-INV01-SB13.CorrenteCC_15', 'CLS01.2-INV01-SB13.CorrenteCC_16', 'CLS01.2-INV01-SB13.TensaoCC', 'CLS01.2-INV01-SB13-TR049.PosAngAlvo', 'CLS01.2-INV01-SB13-TR049.PosAngAtual', 'CLS01.2-INV01-SB13-TR050.PosAngAlvo'], elemento=None, skid=None, [None → None]
[2026-04-08 17:20:45] [INFO] usina_solar -- [QUERY] date=2025-11-25 | 20 séries | start=None end=None
[2026-04-08 17:24:23] [INFO] usina_solar -- [USINAS] Listando 1 usinas.
[2026-04-08 17:24:23] [INFO] usina_solar -- [USINAS] Listando 1 usinas.
[2026-04-08 17:29:02] [INFO] usina_solar -- [PARQUET] Schema lido: 5255 séries para 2025-11-24
[2026-04-08 17:29:09] [INFO] usina_solar -- [DATA] Consulta: usina=Cortez - SPE São Claus 1, date=2025-11-24, series=['CLS01.1.MET-B.POA-Irrd', 'CLS01.1.MET-B.POA-Irrd_REAR'], elemento=None, skid=None, [None → None]
[2026-04-08 17:29:09] [INFO] usina_solar -- [QUERY] date=2025-11-24 | 2 séries | start=None end=None
[2026-04-08 17:30:51] [INFO] usina_solar -- [USINAS] Listando 1 usinas.
[2026-04-08 17:30:51] [INFO] usina_solar -- [USINAS] Listando 1 usinas.
[2026-04-08 17:32:09] [INFO] usina_solar -- [PARQUET] Schema lido: 5255 séries para 2025-11-24
[2026-04-08 17:32:13] [INFO] usina_solar -- [DATA] Consulta: usina=Cortez - SPE São Claus 1, date=2025-11-24, series=['CLS01.1.MET-B.POA-Irrd', 'CLS01.1.MET-B.POA-Irrd_REAR'], elemento=None, skid=None, [None → None]
[2026-04-08 17:32:13] [INFO] usina_solar -- [QUERY] date=2025-11-24 | 2 séries | start=None end=None
[2026-04-08 23:59:22] [INFO] usina_solar -- [USINAS] Listando 1 usinas.
[2026-04-08 23:59:22] [INFO] usina_solar -- [USINAS] Listando 1 usinas.
[2026-04-09 00:05:08] [INFO] usina_solar -- [PARQUET] Schema lido: 5255 séries para 2025-11-24
[2026-04-09 00:05:12] [INFO] usina_solar -- [DATA] Consulta: usina=Cortez - SPE São Claus 1, date=2025-11-24, series=['CLS01.1.MET-B.POA-Irrd_REAR', 'CLS01.1.MET-B.T_MOD'], elemento=None, skid=None, [None → None]
[2026-04-09 00:05:12] [INFO] usina_solar -- [QUERY] date=2025-11-24 | 2 séries | start=None end=None
[2026-04-09 00:09:27] [INFO] usina_solar -- [USINAS] Listando 1 usinas.
[2026-04-09 00:09:27] [INFO] usina_solar -- [USINAS] Listando 1 usinas.
[2026-04-09 00:10:13] [INFO] usina_solar -- [PARQUET] Schema lido: 5255 séries para 2025-11-24
[2026-04-09 00:10:16] [INFO] usina_solar -- [DATA] Consulta: usina=Cortez - SPE São Claus 1, date=2025-11-24, series=['CLS01.1.MET-B.POA-Irrd', 'CLS01.1.MET-B.POA-Irrd_REAR'], elemento=None, skid=None, [None → None]
[2026-04-09 00:10:16] [INFO] usina_solar -- [QUERY] date=2025-11-24 | 2 séries | start=None end=None
[2026-04-09 00:10:19] [INFO] usina_solar -- [USINAS] Listando 1 usinas.
[2026-04-09 00:10:19] [INFO] usina_solar -- [USINAS] Listando 1 usinas.
[2026-04-09 00:10:21] [INFO] usina_solar -- [USINAS] Listando 1 usinas.
[2026-04-09 00:10:21] [INFO] usina_solar -- [USINAS] Listando 1 usinas.
[2026-04-09 00:10:24] [INFO] usina_solar -- [USINAS] Listando 1 usinas.
[2026-04-09 00:10:24] [INFO] usina_solar -- [USINAS] Listando 1 usinas.
[2026-04-09 00:10:27] [INFO] usina_solar -- [PARQUET] Schema lido: 5255 séries para 2025-11-24
[2026-04-09 00:10:33] [INFO] usina_solar -- [DATA] Consulta: usina=Cortez - SPE São Claus 1, date=2025-11-24, series=['CLS01.1-INV01-SB13-TR049.PosAngAlvo', 'CLS01.1-INV01-SB13-TR049.PosAngAtual', 'CLS01.1-INV01-SB13-TR050.PosAngAlvo'], elemento=None, skid=None, [None → None]
[2026-04-09 00:10:33] [INFO] usina_solar -- [QUERY] date=2025-11-24 | 3 séries | start=None end=None
[2026-04-09 00:10:53] [INFO] usina_solar -- [USINAS] Listando 1 usinas.
[2026-04-09 00:10:53] [INFO] usina_solar -- [USINAS] Listando 1 usinas.
[2026-04-09 00:10:58] [INFO] usina_solar -- [PARQUET] Schema lido: 5255 séries para 2025-11-25
[2026-04-09 00:11:01] [INFO] usina_solar -- [DATA] Consulta: usina=Cortez - SPE São Claus 1, date=2025-11-25, series=['CLS01.1.MET-B.POA-Irrd', 'CLS01.1.MET-B.POA-Irrd_REAR'], elemento=None, skid=None, [None → None]
[2026-04-09 00:11:01] [INFO] usina_solar -- [QUERY] date=2025-11-25 | 2 séries | start=None end=None
[2026-04-09 00:11:05] [INFO] usina_solar -- [USINAS] Listando 1 usinas.
[2026-04-09 00:11:05] [INFO] usina_solar -- [USINAS] Listando 1 usinas.
[2026-04-09 00:11:09] [INFO] usina_solar -- [PARQUET] Schema lido: 5255 séries para 2025-11-24
[2026-04-09 00:11:10] [INFO] usina_solar -- [PARQUET] Schema lido: 5255 séries para 2025-11-24
[2026-04-09 00:11:13] [INFO] usina_solar -- [HEATMAP] Yield calculado: 48 pares | 6 SKIDs × 8 INVs
[2026-04-09 00:13:51] [INFO] usina_solar -- [USINAS] Listando 1 usinas.
[2026-04-09 00:13:51] [INFO] usina_solar -- [USINAS] Listando 1 usinas.
[2026-04-09 00:16:22] [INFO] usina_solar -- [PARQUET] Schema lido: 5255 séries para 2025-11-24
[2026-04-09 00:16:25] [INFO] usina_solar -- [DATA] Consulta: usina=Cortez - SPE São Claus 1, date=2025-11-24, series=['CLS01.1.MET-B.POA-Irrd', 'CLS01.1.MET-B.POA-Irrd_REAR'], elemento=None, skid=None, [None → None]
[2026-04-09 00:16:25] [INFO] usina_solar -- [QUERY] date=2025-11-24 | 2 séries | start=None end=None
[2026-04-09 00:18:11] [INFO] usina_solar -- [USINAS] Listando 1 usinas.
[2026-04-09 00:18:11] [INFO] usina_solar -- [USINAS] Listando 1 usinas.
[2026-04-09 00:19:40] [INFO] usina_solar -- [PARQUET] Schema lido: 5255 séries para 2025-11-24
[2026-04-09 00:19:44] [INFO] usina_solar -- [DATA] Consulta: usina=Cortez - SPE São Claus 1, date=2025-11-24, series=['CLS01.1.MET-B.POA-Irrd', 'CLS01.1.MET-B.POA-Irrd_REAR'], elemento=None, skid=None, [None → None]
[2026-04-09 00:19:44] [INFO] usina_solar -- [QUERY] date=2025-11-24 | 2 séries | start=None end=None
[2026-04-09 00:24:55] [INFO] usina_solar -- [DATA] Consulta: usina=Cortez - SPE São Claus 1, date=2025-11-24, series=['CLS01.1.MET-B.POA-Irrd', 'CLS01.1.MET-B.POA-Irrd_REAR', 'CLS01.1-INV01-SB13-TR049.PosAngAlvo', 'CLS01.1-INV01-SB13-TR049.PosAngAtual', 'CLS01.1-INV01-SB13-TR050.PosAngAlvo', 'CLS01.1-INV01-SB13-TR050.PosAngAtual', 'CLS01.1-INV01-SB13-TR051.PosAngAlvo', 'CLS01.1-INV01-SB13-TR051.PosAngAtual', 'CLS01.1-INV01-SB13-TR052.PosAngAlvo', 'CLS01.1-INV01-SB13-TR052.PosAngAtual', 'CLS01.1-INV01-SB14-TR053.PosAngAlvo', 'CLS01.1-INV01-SB14-TR053.PosAngAtual', 'CLS01.1-INV01-SB14-TR054.PosAngAlvo', 'CLS01.1-INV01-SB14-TR054.PosAngAtual', 'CLS01.1-INV01-SB14-TR055.PosAngAlvo', 'CLS01.1-INV01-SB14-TR055.PosAngAtual', 'CLS01.1-INV01-SB14-TR056.PosAngAlvo', 'CLS01.1-INV01-SB14-TR056.PosAngAtual', 'CLS01.1-INV01-SB15-TR057.PosAngAlvo', 'CLS01.1-INV01-SB15-TR057.PosAngAtual'], elemento=None, skid=None, [None → None]
[2026-04-09 00:24:55] [INFO] usina_solar -- [QUERY] date=2025-11-24 | 20 séries | start=None end=None
[2026-04-09 00:27:03] [INFO] usina_solar -- [USINAS] Listando 1 usinas.
[2026-04-09 00:27:03] [INFO] usina_solar -- [USINAS] Listando 1 usinas.
[2026-04-09 00:28:51] [INFO] usina_solar -- [PARQUET] Schema lido: 5255 séries para 2025-11-24
[2026-04-09 00:28:59] [INFO] usina_solar -- [DATA] Consulta: usina=Cortez - SPE São Claus 1, date=2025-11-24, series=['CLS01.1-INV01-SB13-TR049.PosAngAlvo', 'CLS01.1-INV01-SB13-TR049.PosAngAtual', 'CLS01.1-INV01-SB13-TR050.PosAngAlvo', 'CLS01.1-INV01-SB13-TR050.PosAngAtual', 'CLS01.1-INV01-SB13-TR051.PosAngAlvo', 'CLS01.1-INV01-SB13-TR051.PosAngAtual', 'CLS01.1-INV01-SB13-TR052.PosAngAlvo', 'CLS01.1-INV01-SB13-TR052.PosAngAtual', 'CLS01.1-INV01-SB14-TR053.PosAngAlvo', 'CLS01.1-INV01-SB14-TR053.PosAngAtual', 'CLS01.1-INV01-SB14-TR054.PosAngAlvo', 'CLS01.1-INV01-SB14-TR054.PosAngAtual', 'CLS01.1-INV01-SB14-TR055.PosAngAlvo', 'CLS01.1-INV01-SB14-TR055.PosAngAtual', 'CLS01.1-INV01-SB14-TR056.PosAngAlvo', 'CLS01.1-INV01-SB14-TR056.PosAngAtual', 'CLS01.1-INV01-SB15-TR057.PosAngAlvo', 'CLS01.1-INV01-SB15-TR057.PosAngAtual', 'CLS01.1-INV01-SB15-TR058.PosAngAlvo', 'CLS01.1-INV01-SB15-TR058.PosAngAtual'], elemento=None, skid=None, [None → None]
[2026-04-09 00:28:59] [INFO] usina_solar -- [QUERY] date=2025-11-24 | 20 séries | start=None end=None
[2026-04-09 00:32:02] [INFO] usina_solar -- [USINAS] Listando 1 usinas.
[2026-04-09 00:32:02] [INFO] usina_solar -- [USINAS] Listando 1 usinas.
[2026-04-09 00:32:19] [INFO] usina_solar -- [PARQUET] Schema lido: 5255 séries para 2025-11-24
[2026-04-09 00:32:34] [INFO] usina_solar -- [DATA] Consulta: usina=Cortez - SPE São Claus 1, date=2025-11-24, series=['CLS01.1-INV01-SB13-TR049.PosAngAlvo', 'CLS01.1-INV01-SB13-TR049.PosAngAtual', 'CLS01.1-INV01-SB13-TR050.PosAngAlvo', 'CLS01.1-INV01-SB13-TR050.PosAngAtual', 'CLS01.1-INV01-SB13-TR051.PosAngAlvo', 'CLS01.1-INV01-SB13-TR051.PosAngAtual', 'CLS01.1-INV01-SB13-TR052.PosAngAlvo', 'CLS01.1-INV01-SB13-TR052.PosAngAtual', 'CLS01.1-INV01-SB14-TR053.PosAngAlvo', 'CLS01.1-INV01-SB14-TR053.PosAngAtual', 'CLS01.1-INV01-SB14-TR054.PosAngAlvo', 'CLS01.1-INV01-SB14-TR054.PosAngAtual', 'CLS01.1-INV01-SB14-TR055.PosAngAlvo', 'CLS01.1-INV01-SB14-TR055.PosAngAtual', 'CLS01.1-INV01-SB14-TR056.PosAngAlvo', 'CLS01.1-INV01-SB14-TR056.PosAngAtual', 'CLS01.1-INV01-SB15-TR057.PosAngAlvo', 'CLS01.1-INV01-SB15-TR057.PosAngAtual', 'CLS01.1-INV01-SB15-TR058.PosAngAlvo', 'CLS01.1-INV01-SB15-TR058.PosAngAtual'], elemento=None, skid=None, [None → None]
[2026-04-09 00:32:34] [INFO] usina_solar -- [QUERY] date=2025-11-24 | 20 séries | start=None end=None
[2026-04-09 00:36:28] [INFO] usina_solar -- [USINAS] Listando 1 usinas.
[2026-04-09 00:36:28] [INFO] usina_solar -- [USINAS] Listando 1 usinas.
[2026-04-09 00:37:40] [INFO] usina_solar -- [USINAS] Listando 1 usinas.
[2026-04-09 00:37:40] [INFO] usina_solar -- [USINAS] Listando 1 usinas.
[2026-04-09 00:37:44] [INFO] usina_solar -- [USINAS] Listando 1 usinas.
[2026-04-09 00:37:44] [INFO] usina_solar -- [USINAS] Listando 1 usinas.
[2026-04-09 00:38:58] [INFO] usina_solar -- [USINAS] Listando 1 usinas.
[2026-04-09 00:38:58] [INFO] usina_solar -- [USINAS] Listando 1 usinas.
[2026-04-09 00:40:39] [INFO] usina_solar -- [PARQUET] Schema lido: 5255 séries para 2025-11-24
[2026-04-09 00:40:49] [INFO] usina_solar -- [DATA] Consulta: usina=Cortez - SPE São Claus 1, date=2025-11-24, series=['CLS01.1-INV01-SB13-TR049.PosAngAlvo', 'CLS01.1-INV01-SB13-TR049.PosAngAtual', 'CLS01.1-INV01-SB13-TR050.PosAngAlvo', 'CLS01.1-INV01-SB13-TR050.PosAngAtual', 'CLS01.1-INV01-SB13-TR051.PosAngAlvo', 'CLS01.1-INV01-SB13-TR051.PosAngAtual', 'CLS01.1-INV01-SB13-TR052.PosAngAlvo', 'CLS01.1-INV01-SB13-TR052.PosAngAtual', 'CLS01.1-INV01-SB14-TR053.PosAngAlvo', 'CLS01.1-INV01-SB14-TR053.PosAngAtual', 'CLS01.1-INV01-SB14-TR054.PosAngAlvo', 'CLS01.1-INV01-SB14-TR054.PosAngAtual', 'CLS01.1-INV01-SB14-TR055.PosAngAlvo', 'CLS01.1-INV01-SB14-TR055.PosAngAtual', 'CLS01.1-INV01-SB14-TR056.PosAngAlvo', 'CLS01.1-INV01-SB14-TR056.PosAngAtual', 'CLS01.1-INV01-SB15-TR057.PosAngAlvo', 'CLS01.1-INV01-SB15-TR057.PosAngAtual', 'CLS01.1-INV01-SB15-TR058.PosAngAlvo', 'CLS01.1-INV01-SB15-TR058.PosAngAtual'], elemento=None, skid=None, [None → None]
[2026-04-09 00:40:49] [INFO] usina_solar -- [QUERY] date=2025-11-24 | 20 séries | start=None end=None
[2026-04-09 00:42:08] [INFO] usina_solar -- [PARQUET] Schema lido: 5255 séries para 2025-11-24
[2026-04-09 00:42:08] [INFO] usina_solar -- [PARQUET] Schema lido: 5255 séries para 2025-11-24
[2026-04-09 00:42:11] [INFO] usina_solar -- [HEATMAP] Yield calculado: 48 pares | 6 SKIDs × 8 INVs
[2026-04-09 00:45:46] [INFO] usina_solar -- [USINAS] Nova usina criada: Cortez - SPE São Claus 2
[2026-04-09 00:45:46] [INFO] usina_solar -- [USINAS] Listando 2 usinas.
[2026-04-09 15:50:27] [INFO] usina_solar -- ============================================================
[2026-04-09 15:50:27] [INFO] usina_solar -- [SOLAR] Usina Solar API iniciada
[2026-04-09 15:50:27] [INFO] usina_solar --    Data dir: E:\Antigravity\Causa Raiz\backend\data
[2026-04-09 15:50:27] [INFO] usina_solar --    Docs:     http://localhost:8000/docs
[2026-04-09 15:50:27] [INFO] usina_solar -- ============================================================
[2026-04-09 15:50:49] [INFO] usina_solar -- [USINAS] Listando 2 usinas.
[2026-04-09 15:50:49] [INFO] usina_solar -- [USINAS] Listando 2 usinas.
[2026-04-09 15:53:01] [INFO] usina_solar -- [PARQUET] Schema lido: 5255 séries para 2025-11-24
[2026-04-09 15:53:44] [INFO] usina_solar -- [DATA] Consulta: usina=Cortez - SPE São Claus 1, date=2025-11-24, series=['CLS01.1-INV01.PotAt', 'CLS01.1-INV02.PotAt', 'CLS01.1-INV01-SB13-TR049.PosAngAlvo', 'CLS01.1-INV01-SB13-TR049.PosAngAtual'], elemento=None, skid=None, [None → None]
[2026-04-09 15:53:44] [INFO] usina_solar -- [QUERY] date=2025-11-24 | 4 séries | start=None end=None
[2026-04-09 15:54:15] [INFO] usina_solar -- [PARQUET] Schema lido: 5255 séries para 2025-11-24
[2026-04-09 15:54:15] [INFO] usina_solar -- [PARQUET] Schema lido: 5255 séries para 2025-11-24
[2026-04-09 15:54:18] [INFO] usina_solar -- [HEATMAP] Yield calculado: 48 pares | 6 SKIDs × 8 INVs
[2026-04-09 16:50:02] [INFO] usina_solar -- [USINAS] Listando 2 usinas.
[2026-04-09 16:50:02] [INFO] usina_solar -- [USINAS] Listando 2 usinas.
[2026-04-09 23:02:50] [INFO] usina_solar -- [USINAS] Listando 2 usinas.
[2026-04-09 23:02:50] [INFO] usina_solar -- [USINAS] Listando 2 usinas.
[2026-04-12 10:28:55] [INFO] usina_solar -- ============================================================
[2026-04-12 10:28:55] [INFO] usina_solar -- [SOLAR] Usina Solar API iniciada
[2026-04-12 10:28:55] [INFO] usina_solar --    Data dir: E:\Antigravity\Causa Raiz\backend\data
[2026-04-12 10:28:55] [INFO] usina_solar --    Docs:     http://localhost:8000/docs
[2026-04-12 10:28:55] [INFO] usina_solar -- ============================================================
[2026-04-12 10:29:11] [INFO] usina_solar -- [USINAS] Listando 2 usinas.
[2026-04-12 10:29:11] [INFO] usina_solar -- [USINAS] Listando 2 usinas.
[2026-04-12 10:29:19] [INFO] usina_solar -- [USINAS] Listando 2 usinas.
[2026-04-12 10:29:19] [INFO] usina_solar -- [USINAS] Listando 2 usinas.
[2026-04-12 10:30:08] [INFO] usina_solar -- [MAPPING] Salvo: 16648 entradas → E:\Antigravity\Causa Raiz\backend\data\Cortez - SPE São Claus 1\series_map.json
[2026-04-12 10:30:08] [INFO] usina_solar -- [MAPPING] Importado: 16648 entradas, 13 linhas inválidas
[2026-04-12 10:33:23] [INFO] usina_solar -- [PARQUET] Schema lido: 5255 séries para 2025-11-24
[2026-04-12 10:36:56] [INFO] usina_solar -- ============================================================
[2026-04-12 10:36:56] [INFO] usina_solar -- [SOLAR] Usina Solar API iniciada
[2026-04-12 10:36:56] [INFO] usina_solar --    Data dir: E:\Antigravity\Causa Raiz\backend\data
[2026-04-12 10:36:56] [INFO] usina_solar --    Docs:     http://localhost:8000/docs
[2026-04-12 10:36:56] [INFO] usina_solar -- ============================================================
[2026-04-12 10:37:08] [INFO] usina_solar -- ============================================================
[2026-04-12 10:37:08] [INFO] usina_solar -- [SOLAR] Usina Solar API iniciada
[2026-04-12 10:37:08] [INFO] usina_solar --    Data dir: E:\Antigravity\Causa Raiz\backend\data
[2026-04-12 10:37:08] [INFO] usina_solar --    Docs:     http://localhost:8000/docs
[2026-04-12 10:37:08] [INFO] usina_solar -- ============================================================
[2026-04-12 10:37:28] [INFO] usina_solar -- [USINAS] Listando 2 usinas.
[2026-04-12 10:37:28] [INFO] usina_solar -- [USINAS] Listando 2 usinas.
[2026-04-12 10:37:43] [INFO] usina_solar -- [USINAS] Listando 2 usinas.
[2026-04-12 10:37:43] [INFO] usina_solar -- [USINAS] Listando 2 usinas.
[2026-04-12 11:09:13] [INFO] usina_solar -- ============================================================
[2026-04-12 11:09:13] [INFO] usina_solar -- [SOLAR] Usina Solar API iniciada
[2026-04-12 11:09:13] [INFO] usina_solar --    Data dir: E:\Antigravity\Causa Raiz\backend\data
[2026-04-12 11:09:13] [INFO] usina_solar --    Docs:     http://localhost:8000/docs
[2026-04-12 11:09:13] [INFO] usina_solar -- ============================================================
[2026-04-12 11:09:37] [INFO] usina_solar -- ============================================================
[2026-04-12 11:09:37] [INFO] usina_solar -- [SOLAR] Usina Solar API iniciada
[2026-04-12 11:09:37] [INFO] usina_solar --    Data dir: E:\Antigravity\Causa Raiz\backend\data
[2026-04-12 11:09:37] [INFO] usina_solar --    Docs:     http://localhost:8000/docs
[2026-04-12 11:09:37] [INFO] usina_solar -- ============================================================
[2026-04-12 11:09:56] [INFO] usina_solar -- ============================================================
[2026-04-12 11:09:56] [INFO] usina_solar -- [SOLAR] Usina Solar API iniciada
[2026-04-12 11:09:56] [INFO] usina_solar --    Data dir: E:\Antigravity\Causa Raiz\backend\data
[2026-04-12 11:09:56] [INFO] usina_solar --    Docs:     http://localhost:8000/docs
[2026-04-12 11:09:56] [INFO] usina_solar -- ============================================================
[2026-04-12 11:10:08] [INFO] usina_solar -- ============================================================
[2026-04-12 11:10:08] [INFO] usina_solar -- [SOLAR] Usina Solar API iniciada
[2026-04-12 11:10:08] [INFO] usina_solar --    Data dir: E:\Antigravity\Causa Raiz\backend\data
[2026-04-12 11:10:08] [INFO] usina_solar --    Docs:     http://localhost:8000/docs
[2026-04-12 11:10:08] [INFO] usina_solar -- ============================================================
[2026-04-12 11:11:10] [INFO] usina_solar -- [USINAS] Listando 2 usinas.
[2026-04-12 11:11:10] [INFO] usina_solar -- [USINAS] Listando 2 usinas.
[2026-04-12 11:11:35] [INFO] usina_solar -- [USINAS] Listando 2 usinas.
[2026-04-12 11:11:35] [INFO] usina_solar -- [USINAS] Listando 2 usinas.
[2026-04-12 11:11:47] [INFO] usina_solar -- [USINAS] Listando 2 usinas.
[2026-04-12 11:11:47] [INFO] usina_solar -- [USINAS] Listando 2 usinas.
[2026-04-12 11:17:59] [INFO] usina_solar -- ============================================================
[2026-04-12 11:17:59] [INFO] usina_solar -- [SOLAR] Usina Solar API iniciada
[2026-04-12 11:17:59] [INFO] usina_solar --    Data dir: E:\Antigravity\Causa Raiz\backend\data
[2026-04-12 11:17:59] [INFO] usina_solar --    Docs:     http://localhost:8000/docs
[2026-04-12 11:17:59] [INFO] usina_solar -- ============================================================
[2026-04-12 11:23:54] [INFO] usina_solar -- [PARQUET] Schema lido: 5255 séries para 2025-11-24
[2026-04-12 11:28:49] [INFO] usina_solar -- [MAPPING] Salvo: 16648 entradas → E:\Antigravity\Causa Raiz\backend\data\Cortez - SPE São Claus 1\series_map.json
[2026-04-12 11:28:49] [INFO] usina_solar -- [MAPPING] Importado: 16648 entradas, 13 linhas inválidas
[2026-04-12 11:30:01] [INFO] usina_solar -- [USINAS] Listando 2 usinas.
[2026-04-12 11:30:01] [INFO] usina_solar -- [USINAS] Listando 2 usinas.
[2026-04-12 11:37:45] [INFO] usina_solar -- [MAPPING] Salvo: 16648 entradas → E:\Antigravity\Causa Raiz\backend\data\Cortez - SPE São Claus 1\series_map.json
[2026-04-12 11:37:45] [INFO] usina_solar -- [MAPPING] Importado: 5250 entradas, 0 linhas inválidas
[2026-04-12 11:38:28] [INFO] usina_solar -- [MAPPING] Salvo: 5252 entradas → E:\Antigravity\Causa Raiz\backend\data\Cortez - SPE São Claus 2\series_map.json
[2026-04-12 11:38:28] [INFO] usina_solar -- [MAPPING] Importado: 5252 entradas, 0 linhas inválidas
[2026-04-12 11:38:56] [INFO] usina_solar -- [PARQUET] Schema lido: 5255 séries para 2025-11-24
[2026-04-12 11:39:07] [INFO] usina_solar -- [DATA] Consulta: usina=Cortez - SPE São Claus 1, date=2025-11-24, series=['CLS01.3.MET-B.T_MOD', 'CLS01.5.MET-A.POA-Irrd'], elemento=None, skid=None, [None → None]
[2026-04-12 11:39:07] [INFO] usina_solar -- [QUERY] date=2025-11-24 | 2 séries | start=None end=None
[2026-04-12 11:45:02] [INFO] usina_solar -- [USINAS] Listando 2 usinas.
[2026-04-12 11:45:02] [INFO] usina_solar -- [USINAS] Listando 2 usinas.
[2026-04-12 11:45:52] [INFO] usina_solar -- [PARQUET] Schema lido: 5255 séries para 2025-11-24
[2026-04-12 11:45:55] [INFO] usina_solar -- [DATA] Consulta: usina=Cortez - SPE São Claus 1, date=2025-11-24, series=['CLS01.1.MET-B.POA-Irrd', 'CLS01.1.MET-B.POA-Irrd_REAR'], elemento=None, skid=None, [None → None]
[2026-04-12 11:45:55] [INFO] usina_solar -- [QUERY] date=2025-11-24 | 2 séries | start=None end=None
[2026-04-12 11:46:11] [INFO] usina_solar -- [USINAS] Listando 2 usinas.
[2026-04-12 11:46:11] [INFO] usina_solar -- [USINAS] Listando 2 usinas.
[2026-04-12 11:46:13] [INFO] usina_solar -- [USINAS] Listando 2 usinas.
[2026-04-12 11:46:13] [INFO] usina_solar -- [USINAS] Listando 2 usinas.
[2026-04-12 11:46:17] [INFO] usina_solar -- [PARQUET] Schema lido: 5255 séries para 2025-11-24
[2026-04-12 11:46:22] [INFO] usina_solar -- [DATA] Consulta: usina=Cortez - SPE São Claus 1, date=2025-11-24, series=['CLS01.1-INV01.CorA', 'CLS01.1-INV01.CorB'], elemento=None, skid=None, [None → None]
[2026-04-12 11:46:22] [INFO] usina_solar -- [QUERY] date=2025-11-24 | 2 séries | start=None end=None
[2026-04-12 11:52:22] [INFO] usina_solar -- [USINAS] Listando 2 usinas.
[2026-04-12 11:52:22] [INFO] usina_solar -- [USINAS] Listando 2 usinas.
[2026-04-12 14:19:53] [INFO] usina_solar -- [PARQUET] Schema lido: 5255 séries para 2025-11-24
[2026-04-12 14:20:08] [INFO] usina_solar -- [DATA] Consulta: usina=Cortez - SPE São Claus 1, date=2025-11-24, series=['CLS01.1-INV01.PotAt', 'CLS01.1-INV02.PotAt', 'CLS01.1-INV03.PotAt', 'CLS01.1-INV04.PotAt', 'CLS01.1-INV05.PotAt', 'CLS01.1-INV06.PotAt', 'CLS01.1-INV07.PotAt', 'CLS01.1-INV08.PotAt'], elemento=None, skid=None, [None → None]
[2026-04-12 14:20:08] [INFO] usina_solar -- [QUERY] date=2025-11-24 | 8 séries | start=None end=None
[2026-04-12 14:20:27] [INFO] usina_solar -- [DATA] Consulta: usina=Cortez - SPE São Claus 1, date=2025-11-24, series=['CLS01.1-INV01.PotAt', 'CLS01.1-INV02.PotAt', 'CLS01.1-INV03.PotAt', 'CLS01.1-INV04.PotAt', 'CLS01.1-INV05.PotAt', 'CLS01.1-INV06.PotAt', 'CLS01.1-INV07.PotAt', 'CLS01.1-INV08.PotAt', 'CLS01.1.MET-B.T_MOD'], elemento=None, skid=None, [None → None]
[2026-04-12 14:20:27] [INFO] usina_solar -- [QUERY] date=2025-11-24 | 9 séries | start=None end=None
[2026-04-12 14:22:14] [INFO] usina_solar -- [PARQUET] Schema lido: 5255 séries para 2025-11-24
[2026-04-12 14:22:14] [INFO] usina_solar -- [PARQUET] Schema lido: 5255 séries para 2025-11-24
[2026-04-12 14:22:18] [INFO] usina_solar -- [HEATMAP] Yield calculado: 48 pares | 6 SKIDs × 8 INVs
[2026-04-12 14:26:03] [INFO] usina_solar -- [DATA] Consulta: usina=Cortez - SPE São Claus 1, date=2025-11-24, series=['CLS01.1-INV01.PotAt', 'CLS01.1-INV02.PotAt', 'CLS01.1-INV03.PotAt', 'CLS01.1-INV04.PotAt', 'CLS01.1-INV05.PotAt', 'CLS01.1-INV06.PotAt', 'CLS01.1-INV07.PotAt', 'CLS01.1-INV08.PotAt', 'CLS01.1.MET-B.T_MOD', 'CLS01.5.MET-A.POA-Irrd', 'CLS01.5.MET-A.POA-Irrd_REAR'], elemento=None, skid=None, [None → None]
[2026-04-12 14:26:03] [INFO] usina_solar -- [QUERY] date=2025-11-24 | 11 séries | start=None end=None
[2026-04-12 14:26:30] [INFO] usina_solar -- [DATA] Consulta: usina=Cortez - SPE São Claus 1, date=2025-11-24, series=['CLS01.1-INV01.PotAt', 'CLS01.1-INV02.PotAt', 'CLS01.1-INV03.PotAt', 'CLS01.1-INV04.PotAt', 'CLS01.1-INV05.PotAt', 'CLS01.1-INV06.PotAt', 'CLS01.1-INV07.PotAt', 'CLS01.1-INV08.PotAt', 'CLS01.1.MET-B.T_MOD', 'CLS01.5.MET-A.POA-Irrd', 'CLS01.5.MET-A.POA-Irrd_REAR', 'CLS01.3.MET-B.T_MOD'], elemento=None, skid=None, [None → None]
[2026-04-12 14:26:30] [INFO] usina_solar -- [QUERY] date=2025-11-24 | 12 séries | start=None end=None
[2026-04-12 15:11:02] [INFO] usina_solar -- [USINAS] Listando 2 usinas.
[2026-04-12 15:11:02] [INFO] usina_solar -- [USINAS] Listando 2 usinas.
[2026-04-12 15:11:15] [INFO] usina_solar -- [USINAS] Listando 2 usinas.
[2026-04-12 15:11:15] [INFO] usina_solar -- [USINAS] Listando 2 usinas.
[2026-04-12 15:13:24] [INFO] usina_solar -- [PARQUET] Schema lido: 5255 séries para 2025-11-24
[2026-04-12 15:13:33] [INFO] usina_solar -- [DATA] Consulta: usina=Cortez - SPE São Claus 1, date=2025-11-24, series=['CLS01.1.MET-B.POA-Irrd', 'CLS01.1.MET-B.POA-Irrd_REAR'], elemento=None, skid=None, [None → None]
[2026-04-12 15:13:33] [INFO] usina_solar -- [QUERY] date=2025-11-24 | 2 séries | start=None end=None
[2026-04-12 15:14:41] [INFO] usina_solar -- [DATA] Consulta: usina=Cortez - SPE São Claus 1, date=2025-11-24, series=['CLS01.1.MET-B.POA-Irrd', 'CLS01.1.MET-B.POA-Irrd_REAR', 'Flag 5 minutos'], elemento=None, skid=None, [None → None]
[2026-04-12 15:14:41] [INFO] usina_solar -- [QUERY] date=2025-11-24 | 3 séries | start=None end=None
[2026-04-12 15:18:57] [INFO] usina_solar -- [MAPPING] Salvo: 16649 entradas → E:\Antigravity\Causa Raiz\backend\data\Cortez - SPE São Claus 1\series_map.json
[2026-04-12 15:18:57] [INFO] usina_solar -- [MAPPING] Importado: 5251 entradas, 0 linhas inválidas
[2026-04-12 15:19:23] [INFO] usina_solar -- [MAPPING] Salvo: 5253 entradas → E:\Antigravity\Causa Raiz\backend\data\Cortez - SPE São Claus 2\series_map.json
[2026-04-12 15:19:23] [INFO] usina_solar -- [MAPPING] Importado: 5253 entradas, 0 linhas inválidas
[2026-04-12 15:20:02] [INFO] usina_solar -- [PARQUET] Schema lido: 5255 séries para 2025-11-24
[2026-04-12 15:20:34] [INFO] usina_solar -- [USINAS] Listando 2 usinas.
[2026-04-12 15:20:34] [INFO] usina_solar -- [USINAS] Listando 2 usinas.
[2026-04-12 15:20:37] [INFO] usina_solar -- [PARQUET] Schema lido: 5255 séries para 2025-11-24
[2026-04-12 15:22:27] [INFO] usina_solar -- ============================================================
[2026-04-12 15:22:27] [INFO] usina_solar -- [SOLAR] Usina Solar API iniciada
[2026-04-12 15:22:27] [INFO] usina_solar --    Data dir: E:\Antigravity\Causa Raiz\backend\data
[2026-04-12 15:22:27] [INFO] usina_solar --    Docs:     http://localhost:8000/docs
[2026-04-12 15:22:27] [INFO] usina_solar -- ============================================================
[2026-04-12 15:22:39] [INFO] usina_solar -- [USINAS] Listando 2 usinas.
[2026-04-12 15:22:39] [INFO] usina_solar -- [USINAS] Listando 2 usinas.
[2026-04-12 15:23:15] [INFO] usina_solar -- [USINAS] Listando 2 usinas.
[2026-04-12 15:23:15] [INFO] usina_solar -- [USINAS] Listando 2 usinas.
[2026-04-12 15:24:27] [INFO] usina_solar -- [PARQUET] Schema lido: 5255 séries para 2025-11-24
[2026-04-12 15:24:35] [INFO] usina_solar -- [DATA] Consulta: usina=Cortez - SPE São Claus 1, date=2025-11-24, series=['Flag 5 minutos'], elemento=None, skid=None, [None → None]
[2026-04-12 15:24:35] [INFO] usina_solar -- [QUERY] date=2025-11-24 | 1 séries | start=None end=None
[2026-04-12 15:27:08] [INFO] usina_solar -- ============================================================
[2026-04-12 15:27:08] [INFO] usina_solar -- [SOLAR] Usina Solar API iniciada
[2026-04-12 15:27:08] [INFO] usina_solar --    Data dir: E:\Antigravity\Causa Raiz\backend\data
[2026-04-12 15:27:08] [INFO] usina_solar --    Docs:     http://localhost:8000/docs
[2026-04-12 15:27:08] [INFO] usina_solar -- ============================================================
[2026-04-12 15:28:33] [INFO] usina_solar -- [MAPPING] Salvo: 5251 entradas → E:\Antigravity\Causa Raiz\backend\data\Cortez - SPE São Claus 1\series_map.json
[2026-04-12 15:28:33] [INFO] usina_solar -- [MAPPING] Importado: 5251 entradas, 0 linhas inválidas
[2026-04-12 15:28:43] [INFO] usina_solar -- [MAPPING] Salvo: 5253 entradas → E:\Antigravity\Causa Raiz\backend\data\Cortez - SPE São Claus 2\series_map.json
[2026-04-12 15:28:43] [INFO] usina_solar -- [MAPPING] Importado: 5253 entradas, 0 linhas inválidas
[2026-04-12 15:28:52] [INFO] usina_solar -- [PARQUET] Schema lido: 5255 séries para 2025-11-24
[2026-04-12 15:29:28] [INFO] usina_solar -- [DATA] Consulta: usina=Cortez - SPE São Claus 1, date=2025-11-24, series=['Flag 5 minutos', 'CLS01.1-INV01.PotAt'], elemento=None, skid=None, [None → None]
[2026-04-12 15:29:28] [INFO] usina_solar -- [QUERY] date=2025-11-24 | 2 séries | start=None end=None
[2026-04-12 15:37:11] [INFO] usina_solar -- [USINAS] Listando 2 usinas.
[2026-04-12 15:37:11] [INFO] usina_solar -- [USINAS] Listando 2 usinas.
[2026-04-12 15:38:34] [INFO] usina_solar -- [PARQUET] Schema lido: 5255 séries para 2025-11-24
[2026-04-12 15:38:38] [INFO] usina_solar -- [DATA] Consulta: usina=Cortez - SPE São Claus 1, date=2025-11-24, series=['CLS01.1.MET-B.POA-Irrd', 'CLS01.1.MET-B.POA-Irrd_REAR'], elemento=None, skid=None, [None → None]
[2026-04-12 15:38:38] [INFO] usina_solar -- [QUERY] date=2025-11-24 | 2 séries | start=None end=None
[2026-04-12 15:39:23] [INFO] usina_solar -- [DATA] Consulta: usina=Cortez - SPE São Claus 1, date=2025-11-24, series=['CLS01.1.MET-B.POA-Irrd', 'CLS01.1.MET-B.POA-Irrd_REAR'], elemento=None, skid=None, [None → None]
[2026-04-12 15:39:23] [INFO] usina_solar -- [QUERY] date=2025-11-24 | 2 séries | start=None end=None
[2026-04-12 15:40:47] [INFO] usina_solar -- [DATA] Consulta: usina=Cortez - SPE São Claus 1, date=2025-11-24, series=['CLS01.1.MET-B.T_MOD', 'CLS01.1.MET-EPE.GHI-Irrd_2_SR100'], elemento=None, skid=None, [None → None]
[2026-04-12 15:40:47] [INFO] usina_solar -- [QUERY] date=2025-11-24 | 2 séries | start=None end=None
[2026-04-12 15:40:54] [INFO] usina_solar -- [DATA] Consulta: usina=Cortez - SPE São Claus 1, date=2025-11-24, series=['CLS01.1.MET-B.T_MOD', 'CLS01.1.MET-EPE.GHI-Irrd_2_SR100', 'CLS01.1.MET-B.POA-Irrd_REAR', 'CLS01.1.MET-B.POA-Irrd', 'CLS01.1.MET-EPE.GHI-Irrd_1_SR100', 'CLS01.1.MET-EPE.PcpAcm', 'CLS01.1.MET-EPE.T_SSTRH'], elemento=None, skid=None, [None → None]
[2026-04-12 15:40:54] [INFO] usina_solar -- [QUERY] date=2025-11-24 | 7 séries | start=None end=None
[2026-04-12 15:42:30] [INFO] usina_solar -- [USINAS] Listando 2 usinas.
[2026-04-12 15:42:30] [INFO] usina_solar -- [USINAS] Listando 2 usinas.
[2026-04-12 15:42:54] [INFO] usina_solar -- [PARQUET] Schema lido: 5255 séries para 2025-11-24
[2026-04-12 15:43:00] [INFO] usina_solar -- [DATA] Consulta: usina=Cortez - SPE São Claus 1, date=2025-11-24, series=['CLS01.1.MET-B.POA-Irrd', 'CLS01.1.MET-B.POA-Irrd_REAR', 'CLS01.1.MET-B.T_MOD'], elemento=None, skid=None, [None → None]
[2026-04-12 15:43:00] [INFO] usina_solar -- [QUERY] date=2025-11-24 | 3 séries | start=None end=None
[2026-04-12 15:44:38] [INFO] usina_solar -- [USINAS] Listando 2 usinas.
[2026-04-12 15:44:38] [INFO] usina_solar -- [USINAS] Listando 2 usinas.
[2026-04-12 15:44:47] [INFO] usina_solar -- [PARQUET] Schema lido: 5255 séries para 2025-11-24
[2026-04-12 15:44:51] [INFO] usina_solar -- [DATA] Consulta: usina=Cortez - SPE São Claus 1, date=2025-11-24, series=['CLS01.1.MET-B.POA-Irrd', 'CLS01.1.MET-B.POA-Irrd_REAR', 'CLS01.1.MET-B.T_MOD'], elemento=None, skid=None, [None → None]
[2026-04-12 15:44:51] [INFO] usina_solar -- [QUERY] date=2025-11-24 | 3 séries | start=None end=None
[2026-04-12 15:45:40] [INFO] usina_solar -- [USINAS] Listando 2 usinas.
[2026-04-12 15:45:40] [INFO] usina_solar -- [USINAS] Listando 2 usinas.
[2026-04-12 15:45:51] [INFO] usina_solar -- [USINAS] Listando 2 usinas.
[2026-04-12 15:45:51] [INFO] usina_solar -- [USINAS] Listando 2 usinas.
[2026-04-12 15:46:06] [INFO] usina_solar -- [PARQUET] Schema lido: 5255 séries para 2025-11-24
[2026-04-12 15:46:09] [INFO] usina_solar -- [DATA] Consulta: usina=Cortez - SPE São Claus 1, date=2025-11-24, series=['CLS01.1.MET-B.POA-Irrd', 'CLS01.1.MET-B.POA-Irrd_REAR', 'CLS01.1.MET-B.T_MOD'], elemento=None, skid=None, [None → None]
[2026-04-12 15:46:09] [INFO] usina_solar -- [QUERY] date=2025-11-24 | 3 séries | start=None end=None
[2026-04-12 15:46:48] [INFO] usina_solar -- [USINAS] Listando 2 usinas.
[2026-04-12 15:46:48] [INFO] usina_solar -- [USINAS] Listando 2 usinas.
[2026-04-12 15:47:09] [INFO] usina_solar -- [PARQUET] Schema lido: 5255 séries para 2025-11-24
[2026-04-12 15:47:14] [INFO] usina_solar -- [DATA] Consulta: usina=Cortez - SPE São Claus 1, date=2025-11-24, series=['CLS01.1.MET-B.POA-Irrd', 'CLS01.1.MET-B.POA-Irrd_REAR', 'CLS01.1.MET-B.T_MOD'], elemento=None, skid=None, [None → None]
[2026-04-12 15:47:14] [INFO] usina_solar -- [QUERY] date=2025-11-24 | 3 séries | start=None end=None
[2026-04-12 15:48:34] [INFO] usina_solar -- [USINAS] Listando 2 usinas.
[2026-04-12 15:48:34] [INFO] usina_solar -- [USINAS] Listando 2 usinas.
[2026-04-12 15:50:19] [INFO] usina_solar -- [PARQUET] Schema lido: 5255 séries para 2025-11-24
[2026-04-12 15:50:23] [INFO] usina_solar -- [DATA] Consulta: usina=Cortez - SPE São Claus 1, date=2025-11-24, series=['CLS01.1.MET-B.POA-Irrd', 'CLS01.1.MET-B.POA-Irrd_REAR', 'CLS01.1.MET-B.T_MOD'], elemento=None, skid=None, [None → None]
[2026-04-12 15:50:23] [INFO] usina_solar -- [QUERY] date=2025-11-24 | 3 séries | start=None end=None
[2026-04-12 15:52:14] [INFO] usina_solar -- [USINAS] Listando 2 usinas.
[2026-04-12 15:52:14] [INFO] usina_solar -- [USINAS] Listando 2 usinas.
[2026-04-12 15:52:32] [INFO] usina_solar -- [PARQUET] Schema lido: 5255 séries para 2025-11-24
[2026-04-12 15:52:35] [INFO] usina_solar -- [DATA] Consulta: usina=Cortez - SPE São Claus 1, date=2025-11-24, series=['CLS01.1.MET-B.POA-Irrd', 'CLS01.1.MET-B.POA-Irrd_REAR', 'CLS01.1.MET-B.T_MOD'], elemento=None, skid=None, [None → None]
[2026-04-12 15:52:35] [INFO] usina_solar -- [QUERY] date=2025-11-24 | 3 séries | start=None end=None
[2026-04-12 15:55:37] [INFO] usina_solar -- [DATA] Consulta: usina=Cortez - SPE São Claus 1, date=2025-11-24, series=['CLS01.1.MET-B.POA-Irrd', 'CLS01.1.MET-B.POA-Irrd_REAR', 'CLS01.1.MET-B.T_MOD', 'Flag 5 minutos'], elemento=None, skid=None, [None → None]
[2026-04-12 15:55:37] [INFO] usina_solar -- [QUERY] date=2025-11-24 | 4 séries | start=None end=None
[2026-04-12 16:00:22] [INFO] usina_solar -- [USINAS] Listando 2 usinas.
[2026-04-12 16:00:22] [INFO] usina_solar -- [USINAS] Listando 2 usinas.
[2026-04-12 16:00:59] [INFO] usina_solar -- ============================================================
[2026-04-12 16:00:59] [INFO] usina_solar -- [SOLAR] Usina Solar API iniciada
[2026-04-12 16:00:59] [INFO] usina_solar --    Data dir: E:\Antigravity\Causa Raiz\backend\data
[2026-04-12 16:00:59] [INFO] usina_solar --    Docs:     http://localhost:8000/docs
[2026-04-12 16:00:59] [INFO] usina_solar -- ============================================================
[2026-04-12 16:01:22] [INFO] usina_solar -- ============================================================
[2026-04-12 16:01:22] [INFO] usina_solar -- [SOLAR] Usina Solar API iniciada
[2026-04-12 16:01:22] [INFO] usina_solar --    Data dir: E:\Antigravity\Causa Raiz\backend\data
[2026-04-12 16:01:22] [INFO] usina_solar --    Docs:     http://localhost:8000/docs
[2026-04-12 16:01:22] [INFO] usina_solar -- ============================================================
[2026-04-12 16:03:21] [INFO] usina_solar -- [PARQUET] Schema lido: 5255 séries para 2025-11-25
[2026-04-12 16:03:23] [INFO] usina_solar -- [PARQUET] Schema lido: 5255 séries para 2025-11-24
[2026-04-12 16:03:34] [INFO] usina_solar -- [DATA] Consulta: usina=Cortez - SPE São Claus 1, date=2025-11-24, series=['CLS01.1.MET-B.POA-Irrd', 'CLS01.1.MET-B.POA-Irrd_REAR', 'CLS01.1.MET-B.T_MOD', 'Flag 5 minutos'], elemento=None, skid=None, [None → None]
[2026-04-12 16:03:34] [INFO] usina_solar -- [QUERY] date=2025-11-24 | 4 séries | start=None end=None
[2026-04-12 16:06:53] [INFO] usina_solar -- [PARQUET] Schema lido: 5255 séries para 2025-11-24
[2026-04-12 16:06:53] [INFO] usina_solar -- [PARQUET] Schema lido: 5255 séries para 2025-11-24
[2026-04-12 16:06:57] [INFO] usina_solar -- [HEATMAP] Yield calculado: 48 pares | 6 SKIDs × 8 INVs
[2026-04-12 16:07:01] [INFO] usina_solar -- [HEATMAP] Flag filter: 595 linhas restantes (coluna 'Flag 5 minutos' == 1)
[2026-04-12 16:07:01] [INFO] usina_solar -- [HEATMAP] Yield calculado: 48 pares | 6 SKIDs × 8 INVs
[2026-04-12 16:07:37] [INFO] usina_solar -- [HEATMAP] Flag filter: 595 linhas restantes (coluna 'Flag 5 minutos' == 1)
[2026-04-12 16:07:37] [INFO] usina_solar -- [HEATMAP] Yield calculado: 48 pares | 6 SKIDs × 8 INVs
[2026-04-12 16:07:57] [INFO] usina_solar -- [HEATMAP] Flag filter: 595 linhas restantes (coluna 'Flag 5 minutos' == 1)
[2026-04-12 16:07:57] [INFO] usina_solar -- [HEATMAP] Yield calculado: 48 pares | 6 SKIDs × 8 INVs
[2026-04-12 16:08:11] [INFO] usina_solar -- [HEATMAP] Flag filter: 595 linhas restantes (coluna 'Flag 5 minutos' == 1)
[2026-04-12 16:08:11] [INFO] usina_solar -- [HEATMAP] Yield calculado: 48 pares | 6 SKIDs × 8 INVs
[2026-04-12 16:10:30] [INFO] usina_solar -- [USINAS] Listando 2 usinas.
[2026-04-12 16:10:30] [INFO] usina_solar -- [USINAS] Listando 2 usinas.
[2026-04-12 16:13:41] [INFO] usina_solar -- [PARQUET] Schema lido: 5255 séries para 2025-11-24
[2026-04-12 16:13:49] [INFO] usina_solar -- [DATA] Consulta: usina=Cortez - SPE São Claus 1, date=2025-11-24, series=['CLS01.1.MET-B.POA-Irrd', 'CLS01.1.MET-B.POA-Irrd_REAR', 'Flag 5 minutos'], elemento=None, skid=None, [None → None]
[2026-04-12 16:13:49] [INFO] usina_solar -- [QUERY] date=2025-11-24 | 3 séries | start=None end=None
[2026-04-12 16:18:45] [INFO] usina_solar -- [USINAS] Listando 2 usinas.
[2026-04-12 16:18:45] [INFO] usina_solar -- [USINAS] Listando 2 usinas.
[2026-04-12 16:26:25] [INFO] usina_solar -- [PARQUET] Schema lido: 5255 séries para 2025-11-24
[2026-04-12 16:26:33] [INFO] usina_solar -- [DATA] Consulta: usina=Cortez - SPE São Claus 1, date=2025-11-24, series=['CLS01.1.MET-B.POA-Irrd', 'CLS01.1.MET-B.POA-Irrd_REAR', 'CLS01.1.MET-B.T_MOD', 'Flag 5 minutos'], elemento=None, skid=None, [None → None]
[2026-04-12 16:26:33] [INFO] usina_solar -- [QUERY] date=2025-11-24 | 4 séries | start=None end=None
[2026-04-12 16:29:24] [INFO] usina_solar -- [USINAS] Listando 2 usinas.
[2026-04-12 16:29:24] [INFO] usina_solar -- [USINAS] Listando 2 usinas.
[2026-04-12 16:31:23] [INFO] usina_solar -- [PARQUET] Schema lido: 5255 séries para 2025-11-24
[2026-04-12 16:31:31] [INFO] usina_solar -- [DATA] Consulta: usina=Cortez - SPE São Claus 1, date=2025-11-24, series=['CLS01.1.MET-B.POA-Irrd', 'CLS01.1.MET-B.POA-Irrd_REAR', 'CLS01.1.MET-B.T_MOD', 'Flag 5 minutos'], elemento=None, skid=None, [None → None]
[2026-04-12 16:31:31] [INFO] usina_solar -- [QUERY] date=2025-11-24 | 4 séries | start=None end=None
[2026-04-12 16:33:33] [INFO] usina_solar -- [PARQUET] Schema lido: 5255 séries para 2025-11-24
[2026-04-12 16:33:33] [INFO] usina_solar -- [PARQUET] Schema lido: 5255 séries para 2025-11-24
[2026-04-12 16:33:43] [INFO] usina_solar -- [HEATMAP] Yield calculado: 48 pares | 6 SKIDs × 8 INVs
[2026-04-12 16:35:15] [INFO] usina_solar -- [USINAS] Listando 2 usinas.
[2026-04-12 16:35:15] [INFO] usina_solar -- [USINAS] Listando 2 usinas.
[2026-04-12 16:36:35] [INFO] usina_solar -- [PARQUET] Schema lido: 5255 séries para 2025-11-24
[2026-04-12 16:36:51] [INFO] usina_solar -- [DATA] Consulta: usina=Cortez - SPE São Claus 1, date=2025-11-24, series=['CLS01.1.MET-B.POA-Irrd', 'CLS01.1.MET-B.POA-Irrd_REAR', 'CLS01.1.MET-B.T_MOD', 'Flag 5 minutos'], elemento=None, skid=None, [None → None]
[2026-04-12 16:36:51] [INFO] usina_solar -- [QUERY] date=2025-11-24 | 4 séries | start=None end=None
[2026-04-12 16:45:07] [INFO] usina_solar -- [PARQUET] Schema lido: 5255 séries para 2025-11-24
[2026-04-12 16:45:07] [INFO] usina_solar -- [PARQUET] Schema lido: 5255 séries para 2025-11-24
[2026-04-12 16:45:10] [INFO] usina_solar -- [HEATMAP] Yield calculado: 48 pares | 6 SKIDs × 8 INVs
[2026-04-12 16:49:01] [INFO] usina_solar -- [USINAS] Listando 2 usinas.
[2026-04-12 16:49:01] [INFO] usina_solar -- [USINAS] Listando 2 usinas.
[2026-04-12 16:50:18] [INFO] usina_solar -- [PARQUET] Schema lido: 5255 séries para 2025-11-24
[2026-04-12 16:50:27] [INFO] usina_solar -- [DATA] Consulta: usina=Cortez - SPE São Claus 1, date=2025-11-24, series=['CLS01.1.MET-B.POA-Irrd', 'CLS01.1.MET-B.POA-Irrd_REAR', 'CLS01.1.MET-B.T_MOD', 'Flag 5 minutos'], elemento=None, skid=None, [None → None]
[2026-04-12 16:50:27] [INFO] usina_solar -- [QUERY] date=2025-11-24 | 4 séries | start=None end=None
[2026-04-12 16:53:38] [INFO] usina_solar -- [DATA] Consulta: usina=Cortez - SPE São Claus 1, date=2025-11-24, series=['CLS01.1.MET-B.POA-Irrd', 'CLS01.1.MET-B.POA-Irrd_REAR', 'CLS01.1.MET-B.T_MOD', 'Flag 5 minutos', 'CLS01.PPC.PotAt'], elemento=None, skid=None, [None → None]
[2026-04-12 16:53:38] [INFO] usina_solar -- [QUERY] date=2025-11-24 | 5 séries | start=None end=None
[2026-04-12 16:54:03] [INFO] usina_solar -- [DATA] Consulta: usina=Cortez - SPE São Claus 1, date=2025-11-24, series=['CLS01.1.MET-B.POA-Irrd', 'CLS01.1.MET-B.POA-Irrd_REAR', 'CLS01.1.MET-B.T_MOD', 'Flag 5 minutos', 'CLS01.PPC.RefPotAt'], elemento=None, skid=None, [None → None]
[2026-04-12 16:54:03] [INFO] usina_solar -- [QUERY] date=2025-11-24 | 5 séries | start=None end=None
[2026-04-12 16:57:04] [INFO] usina_solar -- [PARQUET] Schema lido: 5255 séries para 2025-11-24
[2026-04-12 16:57:04] [INFO] usina_solar -- [PARQUET] Schema lido: 5255 séries para 2025-11-24
[2026-04-12 16:57:08] [INFO] usina_solar -- [HEATMAP] Yield calculado: 48 pares | 6 SKIDs × 8 INVs
[2026-04-12 16:58:27] [INFO] usina_solar -- [USINAS] Listando 2 usinas.
[2026-04-12 16:58:27] [INFO] usina_solar -- [USINAS] Listando 2 usinas.
[2026-04-12 16:58:33] [INFO] usina_solar -- [PARQUET] Schema lido: 5255 séries para 2025-11-24
[2026-04-12 16:58:38] [INFO] usina_solar -- [PARQUET] Schema lido: 5255 séries para 2025-11-24
[2026-04-12 16:58:38] [INFO] usina_solar -- [PARQUET] Schema lido: 5255 séries para 2025-11-24
[2026-04-12 16:58:41] [INFO] usina_solar -- [HEATMAP] Yield calculado: 48 pares | 6 SKIDs × 8 INVs
[2026-04-12 17:00:07] [INFO] usina_solar -- [USINAS] Listando 2 usinas.
[2026-04-12 17:00:07] [INFO] usina_solar -- [USINAS] Listando 2 usinas.
[2026-04-12 17:00:57] [INFO] usina_solar -- [PARQUET] Schema lido: 5255 séries para 2025-11-24
[2026-04-12 17:00:58] [INFO] usina_solar -- [PARQUET] Schema lido: 5255 séries para 2025-11-24
[2026-04-12 17:00:58] [INFO] usina_solar -- [PARQUET] Schema lido: 5255 séries para 2025-11-24
[2026-04-12 17:01:01] [INFO] usina_solar -- [HEATMAP] Yield calculado: 48 pares | 6 SKIDs × 8 INVs
[2026-04-12 17:02:56] [INFO] usina_solar -- [USINAS] Listando 2 usinas.
[2026-04-12 17:02:56] [INFO] usina_solar -- [USINAS] Listando 2 usinas.
[2026-04-12 17:03:57] [INFO] usina_solar -- [PARQUET] Schema lido: 5255 séries para 2025-11-24
[2026-04-12 17:03:58] [INFO] usina_solar -- [PARQUET] Schema lido: 5255 séries para 2025-11-24
[2026-04-12 17:03:59] [INFO] usina_solar -- [PARQUET] Schema lido: 5255 séries para 2025-11-24
[2026-04-12 17:04:01] [INFO] usina_solar -- [HEATMAP] Yield calculado: 48 pares | 6 SKIDs × 8 INVs
[2026-04-12 17:04:42] [INFO] usina_solar -- [DATA] Consulta: usina=Cortez - SPE São Claus 1, date=2025-11-24, series=['Flag 5 minutos'], elemento=None, skid=None, [None → None]
[2026-04-12 17:04:42] [INFO] usina_solar -- [QUERY] date=2025-11-24 | 1 séries | start=None end=None
[2026-04-12 17:04:48] [INFO] usina_solar -- [HEATMAP] Flag filter: 595 linhas restantes (coluna 'Flag 5 minutos' == 1)
[2026-04-12 17:04:48] [INFO] usina_solar -- [HEATMAP] Yield calculado: 48 pares | 6 SKIDs × 8 INVs
[2026-04-12 17:12:29] [INFO] usina_solar -- [PARQUET] Schema lido: 5255 séries para 2025-11-24
[2026-04-12 17:12:30] [INFO] usina_solar -- [PARQUET] Schema lido: 5255 séries para 2025-11-24
[2026-04-12 17:12:30] [INFO] usina_solar -- [PARQUET] Schema lido: 5255 séries para 2025-11-24
[2026-04-12 17:12:37] [INFO] usina_solar -- [HEATMAP] Yield calculado: 48 pares | 6 SKIDs × 8 INVs
[2026-04-12 17:12:45] [INFO] usina_solar -- [USINAS] Listando 2 usinas.
[2026-04-12 17:12:45] [INFO] usina_solar -- [USINAS] Listando 2 usinas.
[2026-04-12 17:14:28] [INFO] usina_solar -- [PARQUET] Schema lido: 5255 séries para 2025-11-24
[2026-04-12 17:14:31] [INFO] usina_solar -- [PARQUET] Schema lido: 5255 séries para 2025-11-24
[2026-04-12 17:14:31] [INFO] usina_solar -- [PARQUET] Schema lido: 5255 séries para 2025-11-24
[2026-04-12 17:17:45] [INFO] usina_solar -- ============================================================
[2026-04-12 17:17:45] [INFO] usina_solar -- [SOLAR] Usina Solar API iniciada
[2026-04-12 17:17:45] [INFO] usina_solar --    Data dir: E:\Antigravity\Causa Raiz\backend\data
[2026-04-12 17:17:45] [INFO] usina_solar --    Docs:     http://localhost:8000/docs
[2026-04-12 17:17:45] [INFO] usina_solar -- ============================================================
[2026-04-12 17:17:57] [INFO] usina_solar -- [USINAS] Listando 2 usinas.
[2026-04-12 17:17:57] [INFO] usina_solar -- [USINAS] Listando 2 usinas.
[2026-04-12 17:20:39] [INFO] usina_solar -- [USINAS] Listando 2 usinas.
[2026-04-12 17:20:39] [INFO] usina_solar -- [USINAS] Listando 2 usinas.
[2026-04-12 17:21:19] [INFO] usina_solar -- [PARQUET] Schema lido: 5255 séries para 2025-11-24
[2026-04-12 17:21:21] [INFO] usina_solar -- [PARQUET] Schema lido: 5255 séries para 2025-11-24
[2026-04-12 17:21:21] [INFO] usina_solar -- [PARQUET] Schema lido: 5255 séries para 2025-11-24
[2026-04-12 17:21:43] [INFO] usina_solar -- [DATA] Consulta: usina=Cortez - SPE São Claus 1, date=2025-11-24, series=['Flag 5 minutos'], elemento=None, skid=None, [None → None]
[2026-04-12 17:21:43] [INFO] usina_solar -- [QUERY] date=2025-11-24 | 1 séries | start=None end=None
[2026-04-12 17:21:45] [INFO] usina_solar -- [HEATMAP] Flag filter: 595 linhas restantes (coluna 'Flag 5 minutos' == 1)
[2026-04-12 17:21:52] [INFO] usina_solar -- [HEATMAP] Flag filter: 595 linhas restantes (coluna 'Flag 5 minutos' == 1)
[2026-04-12 17:22:26] [INFO] usina_solar -- [HEATMAP] Flag filter: 595 linhas restantes (coluna 'Flag 5 minutos' == 1)
[2026-04-12 17:26:34] [INFO] usina_solar -- [USINAS] Listando 2 usinas.
[2026-04-12 17:26:34] [INFO] usina_solar -- [USINAS] Listando 2 usinas.
[2026-04-12 17:28:46] [INFO] usina_solar -- [PARQUET] Schema lido: 5255 séries para 2025-11-24
[2026-04-12 17:28:51] [INFO] usina_solar -- [USINAS] Listando 2 usinas.
[2026-04-12 17:28:51] [INFO] usina_solar -- [USINAS] Listando 2 usinas.
[2026-04-12 17:28:54] [INFO] usina_solar -- [PARQUET] Schema lido: 5255 séries para 2025-11-24
[2026-04-12 17:28:58] [INFO] usina_solar -- [DATA] Consulta: usina=Cortez - SPE São Claus 1, date=2025-11-24, series=['CLS01.1.MET-B.POA-Irrd', 'CLS01.1.MET-B.POA-Irrd_REAR'], elemento=None, skid=None, [None → None]
[2026-04-12 17:28:58] [INFO] usina_solar -- [QUERY] date=2025-11-24 | 2 séries | start=None end=None
[2026-04-12 17:29:23] [INFO] usina_solar -- [USINAS] Listando 2 usinas.
[2026-04-12 17:29:23] [INFO] usina_solar -- [USINAS] Listando 2 usinas.
[2026-04-12 17:32:50] [INFO] usina_solar -- [PARQUET] Schema lido: 5255 séries para 2025-11-24
[2026-04-12 17:32:51] [INFO] usina_solar -- [PARQUET] Schema lido: 5255 séries para 2025-11-24
[2026-04-12 17:32:51] [INFO] usina_solar -- [PARQUET] Schema lido: 5255 séries para 2025-11-24
[2026-04-12 17:55:20] [INFO] usina_solar -- ============================================================
[2026-04-12 17:55:20] [INFO] usina_solar -- [SOLAR] Usina Solar API iniciada
[2026-04-12 17:55:20] [INFO] usina_solar --    Data dir: E:\Antigravity\Causa Raiz\backend\data
[2026-04-12 17:55:20] [INFO] usina_solar --    Docs:     http://localhost:8000/docs
[2026-04-12 17:55:20] [INFO] usina_solar -- ============================================================
[2026-04-12 17:55:41] [INFO] usina_solar -- ============================================================
[2026-04-12 17:55:41] [INFO] usina_solar -- [SOLAR] Usina Solar API iniciada
[2026-04-12 17:55:41] [INFO] usina_solar --    Data dir: E:\Antigravity\Causa Raiz\backend\data
[2026-04-12 17:55:41] [INFO] usina_solar --    Docs:     http://localhost:8000/docs
[2026-04-12 17:55:41] [INFO] usina_solar -- ============================================================
[2026-04-12 17:56:18] [INFO] usina_solar -- ============================================================
[2026-04-12 17:56:18] [INFO] usina_solar -- [SOLAR] Usina Solar API iniciada
[2026-04-12 17:56:18] [INFO] usina_solar --    Data dir: E:\Antigravity\Causa Raiz\backend\data
[2026-04-12 17:56:18] [INFO] usina_solar --    Docs:     http://localhost:8000/docs
[2026-04-12 17:56:18] [INFO] usina_solar -- ============================================================
[2026-04-12 17:56:41] [INFO] usina_solar -- [USINAS] Listando 2 usinas.
[2026-04-12 17:56:41] [INFO] usina_solar -- [USINAS] Listando 2 usinas.
[2026-04-12 17:58:42] [INFO] usina_solar -- [USINAS] Listando 2 usinas.
[2026-04-12 17:58:42] [INFO] usina_solar -- [USINAS] Listando 2 usinas.
[2026-04-12 18:09:37] [INFO] usina_solar -- [USINAS] Listando 2 usinas.
[2026-04-12 18:09:37] [INFO] usina_solar -- [USINAS] Listando 2 usinas.
[2026-04-12 18:20:02] [INFO] usina_solar -- [USINA_INFO] Salvo: 3072 séries -> E:\Antigravity\Causa Raiz\backend\data\Cortez - SPE São Claus 1\usina_info.json
[2026-04-12 18:20:30] [INFO] usina_solar -- [PARQUET] Schema lido: 5255 séries para 2025-11-24
[2026-04-12 18:20:30] [INFO] usina_solar -- [PARQUET] Schema lido: 5255 séries para 2025-11-24
[2026-04-12 18:27:43] [INFO] usina_solar -- [USINAS] Listando 2 usinas.
[2026-04-12 18:27:43] [INFO] usina_solar -- [USINAS] Listando 2 usinas.
[2026-04-12 18:29:49] [INFO] usina_solar -- [PARQUET] Schema lido: 5255 séries para 2025-11-24
[2026-04-12 18:29:50] [INFO] usina_solar -- [PARQUET] Schema lido: 5255 séries para 2025-11-24
[2026-04-12 18:29:50] [INFO] usina_solar -- [PARQUET] Schema lido: 5255 séries para 2025-11-24
[2026-04-12 18:31:42] [INFO] usina_solar -- [USINAS] Listando 2 usinas.
[2026-04-12 18:31:42] [INFO] usina_solar -- [USINAS] Listando 2 usinas.
[2026-04-12 18:32:25] [INFO] usina_solar -- [PARQUET] Schema lido: 5255 séries para 2025-11-25
[2026-04-12 18:32:27] [INFO] usina_solar -- [PARQUET] Schema lido: 5255 séries para 2025-11-24
[2026-04-12 18:32:28] [INFO] usina_solar -- [PARQUET] Schema lido: 5255 séries para 2025-11-24
[2026-04-12 18:32:28] [INFO] usina_solar -- [PARQUET] Schema lido: 5255 séries para 2025-11-24
[2026-04-12 18:34:16] [INFO] usina_solar -- [USINAS] Listando 2 usinas.
[2026-04-12 18:34:16] [INFO] usina_solar -- [USINAS] Listando 2 usinas.
[2026-04-12 18:35:43] [INFO] usina_solar -- [PARQUET] Schema lido: 5255 séries para 2025-11-24
[2026-04-12 18:35:44] [INFO] usina_solar -- [PARQUET] Schema lido: 5255 séries para 2025-11-24
[2026-04-12 18:35:44] [INFO] usina_solar -- [PARQUET] Schema lido: 5255 séries para 2025-11-24
[2026-04-12 18:38:23] [INFO] usina_solar -- [USINAS] Listando 2 usinas.
[2026-04-12 18:38:23] [INFO] usina_solar -- [USINAS] Listando 2 usinas.
[2026-04-12 18:38:59] [INFO] usina_solar -- [PARQUET] Schema lido: 5255 séries para 2025-11-24
[2026-04-12 18:39:00] [INFO] usina_solar -- [PARQUET] Schema lido: 5255 séries para 2025-11-24
[2026-04-12 18:39:00] [INFO] usina_solar -- [PARQUET] Schema lido: 5255 séries para 2025-11-24
[2026-04-12 18:39:45] [INFO] usina_solar -- [DATA] Consulta: usina=Cortez - SPE São Claus 1, date=2025-11-24, series=['Flag 5 minutos'], elemento=None, skid=None, [None → None]
[2026-04-12 18:39:45] [INFO] usina_solar -- [QUERY] date=2025-11-24 | 1 séries | start=None end=None
[2026-04-12 18:45:04] [INFO] usina_solar -- [USINAS] Listando 2 usinas.
[2026-04-12 18:45:04] [INFO] usina_solar -- [USINAS] Listando 2 usinas.
[2026-04-12 18:47:47] [INFO] usina_solar -- [PARQUET] Schema lido: 5255 séries para 2025-11-24
[2026-04-12 18:47:48] [INFO] usina_solar -- [PARQUET] Schema lido: 5255 séries para 2025-11-24
[2026-04-12 18:47:48] [INFO] usina_solar -- [PARQUET] Schema lido: 5255 séries para 2025-11-24
[2026-04-12 18:49:45] [INFO] usina_solar -- ============================================================
[2026-04-12 18:49:45] [INFO] usina_solar -- [SOLAR] Usina Solar API iniciada
[2026-04-12 18:49:45] [INFO] usina_solar --    Data dir: E:\Antigravity\Causa Raiz\backend\data
[2026-04-12 18:49:45] [INFO] usina_solar --    Docs:     http://localhost:8000/docs
[2026-04-12 18:49:45] [INFO] usina_solar -- ============================================================
[2026-04-12 18:50:07] [INFO] usina_solar -- [DATA] Consulta: usina=Cortez - SPE São Claus 1, date=2025-11-24, series=['Flag 5 minutos'], elemento=None, skid=None, [None → None]
[2026-04-12 18:50:07] [INFO] usina_solar -- [QUERY] date=2025-11-24 | 1 séries | start=None end=None
[2026-04-12 18:59:01] [INFO] usina_solar -- [USINAS] Listando 2 usinas.
[2026-04-12 18:59:01] [INFO] usina_solar -- [USINAS] Listando 2 usinas.
[2026-04-12 21:00:10] [INFO] usina_solar -- [PARQUET] Schema lido: 5255 séries para 2025-11-24
[2026-04-12 21:00:11] [INFO] usina_solar -- [PARQUET] Schema lido: 5255 séries para 2025-11-24
[2026-04-12 21:00:11] [INFO] usina_solar -- [PARQUET] Schema lido: 5255 séries para 2025-11-24
[2026-04-12 21:01:58] [INFO] usina_solar -- [USINAS] Listando 2 usinas.
[2026-04-12 21:01:58] [INFO] usina_solar -- [USINAS] Listando 2 usinas.
[2026-04-12 21:02:02] [INFO] usina_solar -- [PARQUET] Schema lido: 5255 séries para 2025-11-24
[2026-04-12 21:02:08] [INFO] usina_solar -- [PARQUET] Schema lido: 5255 séries para 2025-11-24
[2026-04-12 21:02:08] [INFO] usina_solar -- [PARQUET] Schema lido: 5255 séries para 2025-11-24
[2026-04-12 21:06:02] [INFO] usina_solar -- [USINAS] Listando 2 usinas.
[2026-04-12 21:06:02] [INFO] usina_solar -- [USINAS] Listando 2 usinas.
[2026-04-12 21:06:05] [INFO] usina_solar -- [PARQUET] Schema lido: 5255 séries para 2025-11-24
[2026-04-12 21:06:06] [INFO] usina_solar -- [PARQUET] Schema lido: 5255 séries para 2025-11-24
[2026-04-12 21:06:06] [INFO] usina_solar -- [PARQUET] Schema lido: 5255 séries para 2025-11-24
[2026-04-12 21:09:59] [INFO] usina_solar -- [PARQUET] Schema lido: 5255 séries para 2025-11-24
[2026-04-12 21:09:59] [INFO] usina_solar -- [PARQUET] Schema lido: 5255 séries para 2025-11-24
[2026-04-12 21:10:24] [INFO] usina_solar -- ============================================================
[2026-04-12 21:10:24] [INFO] usina_solar -- [SOLAR] Usina Solar API iniciada
[2026-04-12 21:10:24] [INFO] usina_solar --    Data dir: E:\Antigravity\Causa Raiz\backend\data
[2026-04-12 21:10:24] [INFO] usina_solar --    Docs:     http://localhost:8000/docs
[2026-04-12 21:10:24] [INFO] usina_solar -- ============================================================
[2026-04-12 21:12:50] [INFO] usina_solar -- [DATA] Consulta: usina=Cortez - SPE São Claus 1, date=2025-11-24, series=['CLS01.1.MET-B.POA-Irrd', 'CLS01.1.MET-B.POA-Irrd_REAR', 'CLS01.1.MET-B.T_MOD'], elemento=None, skid=None, [None → None]
[2026-04-12 21:12:50] [INFO] usina_solar -- [QUERY] date=2025-11-24 | 3 séries | start=None end=None
[2026-04-12 21:12:55] [INFO] usina_solar -- [PARQUET] Schema lido: 5255 séries para 2025-11-24
[2026-04-12 21:12:55] [INFO] usina_solar -- [PARQUET] Schema lido: 5255 séries para 2025-11-24
[2026-04-12 21:13:20] [INFO] usina_solar -- ============================================================
[2026-04-12 21:13:20] [INFO] usina_solar -- [SOLAR] Usina Solar API iniciada
[2026-04-12 21:13:20] [INFO] usina_solar --    Data dir: E:\Antigravity\Causa Raiz\backend\data
[2026-04-12 21:13:20] [INFO] usina_solar --    Docs:     http://localhost:8000/docs
[2026-04-12 21:13:20] [INFO] usina_solar -- ============================================================
[2026-04-12 21:13:43] [INFO] usina_solar -- [USINAS] Listando 2 usinas.
[2026-04-12 21:13:43] [INFO] usina_solar -- [USINAS] Listando 2 usinas.
[2026-04-12 21:13:46] [INFO] usina_solar -- [PARQUET] Schema lido: 5255 séries para 2025-11-24
[2026-04-12 21:13:46] [INFO] usina_solar -- [PARQUET] Schema lido: 5255 séries para 2025-11-24
[2026-04-12 21:16:24] [INFO] usina_solar -- ============================================================
[2026-04-12 21:16:24] [INFO] usina_solar -- [SOLAR] Usina Solar API iniciada
[2026-04-12 21:16:24] [INFO] usina_solar --    Data dir: E:\Antigravity\Causa Raiz\backend\data
[2026-04-12 21:16:24] [INFO] usina_solar --    Docs:     http://localhost:8000/docs
[2026-04-12 21:16:24] [INFO] usina_solar -- ============================================================
[2026-04-12 21:17:29] [INFO] usina_solar -- [USINAS] Listando 2 usinas.
[2026-04-12 21:17:29] [INFO] usina_solar -- [USINAS] Listando 2 usinas.
[2026-04-12 21:17:31] [INFO] usina_solar -- [PARQUET] Schema lido: 5255 séries para 2025-11-24
[2026-04-12 21:17:32] [INFO] usina_solar -- [PARQUET] Schema lido: 5255 séries para 2025-11-24
[2026-04-12 21:17:32] [INFO] usina_solar -- [PARQUET] Schema lido: 5255 séries para 2025-11-24
[2026-04-12 21:20:11] [INFO] usina_solar -- [USINAS] Listando 2 usinas.
[2026-04-12 21:20:11] [INFO] usina_solar -- [USINAS] Listando 2 usinas.
[2026-04-12 21:20:16] [INFO] usina_solar -- [PARQUET] Schema lido: 5255 séries para 2025-11-24
[2026-04-12 21:20:18] [INFO] usina_solar -- [PARQUET] Schema lido: 5255 séries para 2025-11-24
[2026-04-12 21:20:18] [INFO] usina_solar -- [PARQUET] Schema lido: 5255 séries para 2025-11-24
[2026-04-12 21:36:11] [INFO] usina_solar -- ============================================================
[2026-04-12 21:36:11] [INFO] usina_solar -- [SOLAR] Usina Solar API iniciada
[2026-04-12 21:36:11] [INFO] usina_solar --    Data dir: E:\Antigravity\Causa Raiz\backend\data
[2026-04-12 21:36:11] [INFO] usina_solar --    Docs:     http://localhost:8000/docs
[2026-04-12 21:36:11] [INFO] usina_solar -- ============================================================
[2026-04-12 21:36:19] [INFO] usina_solar -- [USINAS] Listando 2 usinas.
[2026-04-12 21:36:19] [INFO] usina_solar -- [USINAS] Listando 2 usinas.
[2026-04-12 21:36:48] [INFO] usina_solar -- [PARQUET] Schema lido: 5255 séries para 2025-11-24
[2026-04-12 21:37:42] [INFO] usina_solar -- [USINAS] Listando 2 usinas.
[2026-04-12 21:37:42] [INFO] usina_solar -- [USINAS] Listando 2 usinas.
[2026-04-12 21:37:52] [INFO] usina_solar -- [USINAS] Listando 2 usinas.
[2026-04-12 21:37:52] [INFO] usina_solar -- [USINAS] Listando 2 usinas.
[2026-04-12 21:40:19] [INFO] usina_solar -- [USINAS] Listando 2 usinas.
[2026-04-12 21:40:19] [INFO] usina_solar -- [USINAS] Listando 2 usinas.
[2026-04-12 21:42:11] [INFO] usina_solar -- [USINAS] Listando 2 usinas.
[2026-04-12 21:42:11] [INFO] usina_solar -- [USINAS] Listando 2 usinas.
[2026-04-12 21:42:37] [INFO] usina_solar -- [USINAS] Listando 2 usinas.
[2026-04-12 21:42:37] [INFO] usina_solar -- [USINAS] Listando 2 usinas.
[2026-04-12 21:43:06] [INFO] usina_solar -- [USINAS] Listando 2 usinas.
[2026-04-12 21:43:06] [INFO] usina_solar -- [USINAS] Listando 2 usinas.
[2026-04-12 21:43:32] [INFO] usina_solar -- [USINAS] Listando 2 usinas.
[2026-04-12 21:43:32] [INFO] usina_solar -- [USINAS] Listando 2 usinas.
[2026-04-12 21:43:54] [INFO] usina_solar -- [USINAS] Listando 2 usinas.
[2026-04-12 21:43:54] [INFO] usina_solar -- [USINAS] Listando 2 usinas.
[2026-04-12 21:47:11] [INFO] usina_solar -- [PARQUET] Schema lido: 5255 séries para 2025-11-24
[2026-04-12 21:47:11] [INFO] usina_solar -- [PARQUET] Schema lido: 5255 séries para 2025-11-24
[2026-04-12 21:47:19] [INFO] usina_solar -- [USINAS] Listando 2 usinas.
[2026-04-12 21:47:19] [INFO] usina_solar -- [USINAS] Listando 2 usinas.
[2026-04-12 21:47:33] [INFO] usina_solar -- [USINAS] Listando 2 usinas.
[2026-04-12 21:47:33] [INFO] usina_solar -- [USINAS] Listando 2 usinas.
[2026-04-12 22:27:09] [INFO] usina_solar -- [USINAS] Listando 2 usinas.
[2026-04-12 22:27:09] [INFO] usina_solar -- [USINAS] Listando 2 usinas.
[2026-04-12 22:29:02] [INFO] usina_solar -- [USINAS] Listando 2 usinas.
[2026-04-12 22:29:02] [INFO] usina_solar -- [USINAS] Listando 2 usinas.
[2026-04-12 22:40:27] [INFO] usina_solar -- [USINAS] Listando 2 usinas.
[2026-04-12 22:40:27] [INFO] usina_solar -- [USINAS] Listando 2 usinas.
[2026-04-12 22:42:41] [INFO] usina_solar -- [USINAS] Listando 2 usinas.
[2026-04-12 22:42:41] [INFO] usina_solar -- [USINAS] Listando 2 usinas.
[2026-04-12 22:49:28] [INFO] usina_solar -- [USINAS] Listando 2 usinas.
[2026-04-12 22:49:28] [INFO] usina_solar -- [USINAS] Listando 2 usinas.
[2026-04-12 22:51:39] [INFO] usina_solar -- [USINAS] Listando 2 usinas.
[2026-04-12 22:51:39] [INFO] usina_solar -- [USINAS] Listando 2 usinas.
[2026-04-12 22:54:44] [INFO] usina_solar -- [USINAS] Listando 2 usinas.
[2026-04-12 22:54:44] [INFO] usina_solar -- [USINAS] Listando 2 usinas.
[2026-04-12 22:56:37] [INFO] usina_solar -- [USINAS] Listando 2 usinas.
[2026-04-12 22:56:37] [INFO] usina_solar -- [USINAS] Listando 2 usinas.
[2026-04-12 22:58:25] [INFO] usina_solar -- [USINAS] Listando 2 usinas.
[2026-04-12 22:58:25] [INFO] usina_solar -- [USINAS] Listando 2 usinas.
[2026-04-12 23:01:54] [INFO] usina_solar -- [USINAS] Listando 2 usinas.
[2026-04-12 23:01:54] [INFO] usina_solar -- [USINAS] Listando 2 usinas.
[2026-04-12 23:01:56] [INFO] usina_solar -- [PARQUET] Schema lido: 5255 séries para 2025-11-24
[2026-04-12 23:02:01] [INFO] usina_solar -- [DATA] Consulta: usina=Cortez - SPE São Claus 1, date=2025-11-24, series=['CLS01.1.MET-B.POA-Irrd', 'CLS01.1.MET-B.POA-Irrd_REAR', 'CLS01.1.MET-B.T_MOD'], elemento=None, skid=None, [None → None]
[2026-04-12 23:02:01] [INFO] usina_solar -- [QUERY] date=2025-11-24 | 3 séries | start=None end=None
[2026-04-12 23:02:16] [INFO] usina_solar -- [PARQUET] Schema lido: 5255 séries para 2025-11-24
[2026-04-12 23:02:17] [INFO] usina_solar -- [PARQUET] Schema lido: 5255 séries para 2025-11-24
[2026-04-12 23:04:42] [INFO] usina_solar -- [PARQUET] Schema lido: 5255 séries para 2025-11-24
[2026-04-12 23:04:42] [INFO] usina_solar -- [PARQUET] Schema lido: 5255 séries para 2025-11-24
[2026-04-12 23:08:44] [INFO] usina_solar -- [PARQUET] Schema lido: 5255 séries para 2025-11-24
[2026-04-12 23:08:44] [INFO] usina_solar -- [PARQUET] Schema lido: 5255 séries para 2025-11-24
[2026-04-12 23:12:07] [INFO] usina_solar -- ============================================================
[2026-04-12 23:12:07] [INFO] usina_solar -- [SOLAR] Usina Solar API iniciada
[2026-04-12 23:12:07] [INFO] usina_solar --    Data dir: E:\Antigravity\Causa Raiz\backend\data
[2026-04-12 23:12:07] [INFO] usina_solar --    Docs:     http://localhost:8000/docs
[2026-04-12 23:12:07] [INFO] usina_solar -- ============================================================
[2026-04-12 23:12:30] [INFO] usina_solar -- ============================================================
[2026-04-12 23:12:30] [INFO] usina_solar -- [SOLAR] Usina Solar API iniciada
[2026-04-12 23:12:30] [INFO] usina_solar --    Data dir: E:\Antigravity\Causa Raiz\backend\data
[2026-04-12 23:12:30] [INFO] usina_solar --    Docs:     http://localhost:8000/docs
[2026-04-12 23:12:30] [INFO] usina_solar -- ============================================================
[2026-04-12 23:12:42] [INFO] usina_solar -- ============================================================
[2026-04-12 23:12:42] [INFO] usina_solar -- [SOLAR] Usina Solar API iniciada
[2026-04-12 23:12:42] [INFO] usina_solar --    Data dir: E:\Antigravity\Causa Raiz\backend\data
[2026-04-12 23:12:42] [INFO] usina_solar --    Docs:     http://localhost:8000/docs
[2026-04-12 23:12:42] [INFO] usina_solar -- ============================================================
[2026-04-12 23:13:00] [INFO] usina_solar -- ============================================================
[2026-04-12 23:13:00] [INFO] usina_solar -- [SOLAR] Usina Solar API iniciada
[2026-04-12 23:13:00] [INFO] usina_solar --    Data dir: E:\Antigravity\Causa Raiz\backend\data
[2026-04-12 23:13:00] [INFO] usina_solar --    Docs:     http://localhost:8000/docs
[2026-04-12 23:13:00] [INFO] usina_solar -- ============================================================
[2026-04-12 23:13:23] [INFO] usina_solar -- ============================================================
[2026-04-12 23:13:23] [INFO] usina_solar -- [SOLAR] Usina Solar API iniciada
[2026-04-12 23:13:23] [INFO] usina_solar --    Data dir: E:\Antigravity\Causa Raiz\backend\data
[2026-04-12 23:13:23] [INFO] usina_solar --    Docs:     http://localhost:8000/docs
[2026-04-12 23:13:23] [INFO] usina_solar -- ============================================================
[2026-04-12 23:14:12] [INFO] usina_solar -- [USINAS] Listando 2 usinas.
[2026-04-12 23:14:12] [INFO] usina_solar -- [USINAS] Listando 2 usinas.
[2026-04-12 23:15:38] [INFO] usina_solar -- [MAPPING] Salvo: 5251 entradas → E:\Antigravity\Causa Raiz\backend\data\Cortez - SPE São Claus 1\series_map.json
[2026-04-12 23:15:38] [INFO] usina_solar -- [MAPPING] Importado: 5251 entradas, 0 linhas inválidas
[2026-04-12 23:16:53] [INFO] usina_solar -- ============================================================
[2026-04-12 23:16:53] [INFO] usina_solar -- [SOLAR] Usina Solar API iniciada
[2026-04-12 23:16:53] [INFO] usina_solar --    Data dir: E:\Antigravity\Causa Raiz\backend\data
[2026-04-12 23:16:53] [INFO] usina_solar --    Docs:     http://localhost:8000/docs
[2026-04-12 23:16:53] [INFO] usina_solar -- ============================================================
[2026-04-12 23:17:05] [INFO] usina_solar -- [USINAS] Listando 2 usinas.
[2026-04-12 23:17:05] [INFO] usina_solar -- [USINAS] Listando 2 usinas.
[2026-04-12 23:17:36] [INFO] usina_solar -- [MAPPING] Salvo: 5251 entradas → E:\Antigravity\Causa Raiz\backend\data\Cortez - SPE São Claus 1\series_map.json
[2026-04-12 23:17:36] [INFO] usina_solar -- [MAPPING] Importado: 5251 entradas, 0 linhas inválidas
[2026-04-12 23:18:36] [INFO] usina_solar -- ============================================================
[2026-04-12 23:18:36] [INFO] usina_solar -- [SOLAR] Usina Solar API iniciada
[2026-04-12 23:18:36] [INFO] usina_solar --    Data dir: E:\Antigravity\Causa Raiz\backend\data
[2026-04-12 23:18:36] [INFO] usina_solar --    Docs:     http://localhost:8000/docs
[2026-04-12 23:18:36] [INFO] usina_solar -- ============================================================
[2026-04-12 23:19:20] [INFO] usina_solar -- [PARQUET] Schema lido: 5255 séries para 2025-11-24
[2026-04-12 23:19:20] [INFO] usina_solar -- [PARQUET] Schema lido: 5255 séries para 2025-11-24
[2026-04-12 23:27:16] [INFO] usina_solar -- ============================================================
[2026-04-12 23:27:16] [INFO] usina_solar -- [SOLAR] Usina Solar API iniciada
[2026-04-12 23:27:16] [INFO] usina_solar --    Data dir: E:\Antigravity\Causa Raiz\backend\data
[2026-04-12 23:27:16] [INFO] usina_solar --    Docs:     http://localhost:8000/docs
[2026-04-12 23:27:16] [INFO] usina_solar -- ============================================================
[2026-04-12 23:28:31] [INFO] usina_solar -- ============================================================
[2026-04-12 23:28:31] [INFO] usina_solar -- [SOLAR] Usina Solar API iniciada
[2026-04-12 23:28:31] [INFO] usina_solar --    Data dir: E:\Antigravity\Causa Raiz\backend\data
[2026-04-12 23:28:31] [INFO] usina_solar --    Docs:     http://localhost:8000/docs
[2026-04-12 23:28:31] [INFO] usina_solar -- ============================================================
[2026-04-12 23:29:24] [INFO] usina_solar -- [USINA_INFO] Salvo: 192 séries -> E:\Antigravity\Causa Raiz\backend\data\Cortez - SPE São Claus 1\usina_info.json
[2026-04-12 23:30:58] [INFO] usina_solar -- [USINAS] Listando 2 usinas.
[2026-04-12 23:30:58] [INFO] usina_solar -- [USINAS] Listando 2 usinas.
[2026-04-12 23:31:05] [INFO] usina_solar -- [USINAS] Listando 2 usinas.
[2026-04-12 23:31:05] [INFO] usina_solar -- [USINAS] Listando 2 usinas.
[2026-04-12 23:31:34] [INFO] usina_solar -- [USINA_INFO] Salvo: 192 séries -> E:\Antigravity\Causa Raiz\backend\data\Cortez - SPE São Claus 1\usina_info.json
[2026-04-12 23:32:08] [INFO] usina_solar -- [PARQUET] Schema lido: 5255 séries para 2025-11-24
[2026-04-12 23:32:09] [INFO] usina_solar -- [PARQUET] Schema lido: 5255 séries para 2025-11-24
[2026-04-12 23:32:18] [INFO] usina_solar -- ============================================================
[2026-04-12 23:32:18] [INFO] usina_solar -- [SOLAR] Usina Solar API iniciada
[2026-04-12 23:32:18] [INFO] usina_solar --    Data dir: E:\Antigravity\Causa Raiz\backend\data
[2026-04-12 23:32:18] [INFO] usina_solar --    Docs:     http://localhost:8000/docs
[2026-04-12 23:32:18] [INFO] usina_solar -- ============================================================
[2026-04-12 23:32:55] [INFO] usina_solar -- [USINA_INFO] Salvo: 3072 séries -> E:\Antigravity\Causa Raiz\backend\data\Cortez - SPE São Claus 1\usina_info.json
[2026-04-12 23:33:08] [INFO] usina_solar -- [PARQUET] Schema lido: 5255 séries para 2025-11-24
[2026-04-12 23:33:12] [INFO] usina_solar -- [DATA] Consulta: usina=Cortez - SPE São Claus 1, date=2025-11-24, series=['CLS01.1.MET-B.POA-Irrd', 'CLS01.1.MET-B.POA-Irrd_REAR', 'CLS01.1.MET-B.T_MOD'], elemento=None, skid=None, [None → None]
[2026-04-12 23:33:12] [INFO] usina_solar -- [QUERY] date=2025-11-24 | 3 séries | start=None end=None
[2026-04-12 23:33:15] [INFO] usina_solar -- [PARQUET] Schema lido: 5255 séries para 2025-11-24
[2026-04-12 23:33:15] [INFO] usina_solar -- [PARQUET] Schema lido: 5255 séries para 2025-11-24
[2026-04-12 23:34:05] [INFO] usina_solar -- ============================================================
[2026-04-12 23:34:05] [INFO] usina_solar -- [SOLAR] Usina Solar API iniciada
[2026-04-12 23:34:05] [INFO] usina_solar --    Data dir: E:\Antigravity\Causa Raiz\backend\data
[2026-04-12 23:34:05] [INFO] usina_solar --    Docs:     http://localhost:8000/docs
[2026-04-12 23:34:05] [INFO] usina_solar -- ============================================================
[2026-04-12 23:39:56] [INFO] usina_solar -- ============================================================
[2026-04-12 23:39:56] [INFO] usina_solar -- [SOLAR] Usina Solar API iniciada
[2026-04-12 23:39:56] [INFO] usina_solar --    Data dir: E:\Antigravity\Causa Raiz\backend\data
[2026-04-12 23:39:56] [INFO] usina_solar --    Docs:     http://localhost:8000/docs
[2026-04-12 23:39:56] [INFO] usina_solar -- ============================================================
[2026-04-12 23:44:13] [INFO] usina_solar -- [USINAS] Listando 2 usinas.
[2026-04-12 23:44:13] [INFO] usina_solar -- [USINAS] Listando 2 usinas.
[2026-04-12 23:44:17] [INFO] usina_solar -- [PARQUET] Schema lido: 5255 séries para 2025-11-24
[2026-04-12 23:44:17] [INFO] usina_solar -- [PARQUET] Schema lido: 5255 séries para 2025-11-24
[2026-04-12 23:46:09] [INFO] usina_solar -- ============================================================
[2026-04-12 23:46:09] [INFO] usina_solar -- [SOLAR] Usina Solar API iniciada
[2026-04-12 23:46:09] [INFO] usina_solar --    Data dir: E:\Antigravity\Causa Raiz\backend\data
[2026-04-12 23:46:09] [INFO] usina_solar --    Docs:     http://localhost:8000/docs
[2026-04-12 23:46:09] [INFO] usina_solar -- ============================================================
[2026-04-12 23:49:01] [INFO] usina_solar -- [PARQUET] Schema lido: 5255 séries para 2025-11-24
[2026-04-12 23:49:01] [INFO] usina_solar -- [PARQUET] Schema lido: 5255 séries para 2025-11-24
[2026-04-12 23:54:34] [INFO] usina_solar -- [PARQUET] Schema lido: 5255 séries para 2025-11-24
[2026-04-13 00:00:33] [INFO] usina_solar -- ============================================================
[2026-04-13 00:00:33] [INFO] usina_solar -- [SOLAR] Usina Solar API iniciada
[2026-04-13 00:00:33] [INFO] usina_solar --    Data dir: E:\Antigravity\Causa Raiz\backend\data
[2026-04-13 00:00:33] [INFO] usina_solar --    Docs:     http://localhost:8000/docs
[2026-04-13 00:00:33] [INFO] usina_solar -- ============================================================
[2026-04-13 00:00:47] [INFO] usina_solar -- ============================================================
[2026-04-13 00:00:47] [INFO] usina_solar -- [SOLAR] Usina Solar API iniciada
[2026-04-13 00:00:47] [INFO] usina_solar --    Data dir: E:\Antigravity\Causa Raiz\backend\data
[2026-04-13 00:00:47] [INFO] usina_solar --    Docs:     http://localhost:8000/docs
[2026-04-13 00:00:47] [INFO] usina_solar -- ============================================================
[2026-04-13 00:01:02] [INFO] usina_solar -- ============================================================
[2026-04-13 00:01:02] [INFO] usina_solar -- [SOLAR] Usina Solar API iniciada
[2026-04-13 00:01:02] [INFO] usina_solar --    Data dir: E:\Antigravity\Causa Raiz\backend\data
[2026-04-13 00:01:02] [INFO] usina_solar --    Docs:     http://localhost:8000/docs
[2026-04-13 00:01:02] [INFO] usina_solar -- ============================================================
[2026-04-13 00:01:31] [INFO] usina_solar -- ============================================================
[2026-04-13 00:01:31] [INFO] usina_solar -- [SOLAR] Usina Solar API iniciada
[2026-04-13 00:01:31] [INFO] usina_solar --    Data dir: E:\Antigravity\Causa Raiz\backend\data
[2026-04-13 00:01:31] [INFO] usina_solar --    Docs:     http://localhost:8000/docs
[2026-04-13 00:01:31] [INFO] usina_solar -- ============================================================
[2026-04-13 00:01:54] [INFO] usina_solar -- [USINAS] Listando 2 usinas.
[2026-04-13 00:01:54] [INFO] usina_solar -- [USINAS] Listando 2 usinas.
[2026-04-13 00:02:18] [INFO] usina_solar -- [USINAS] Listando 2 usinas.
[2026-04-13 00:02:18] [INFO] usina_solar -- [USINAS] Listando 2 usinas.
[2026-04-13 00:03:04] [INFO] usina_solar -- [USINAS] Listando 2 usinas.
[2026-04-13 00:03:04] [INFO] usina_solar -- [USINAS] Listando 2 usinas.
[2026-04-13 00:53:10] [INFO] usina_solar -- [PARQUET] Schema lido: 5255 séries para 2025-11-24
[2026-04-13 00:53:10] [INFO] usina_solar -- [PARQUET] Schema lido: 5255 séries para 2025-11-24
[2026-04-13 01:09:36] [INFO] usina_solar -- [SYNTHETIC] Salvo: 3072 séries → E:\Antigravity\Causa Raiz\backend\data\Cortez - SPE São Claus 1\synthetic_series.json
[2026-04-13 01:12:23] [INFO] usina_solar -- [MAPPING] Salvo: 8323 entradas → E:\Antigravity\Causa Raiz\backend\data\Cortez - SPE São Claus 1\series_map.json
[2026-04-13 01:12:23] [INFO] usina_solar -- [MAPPING] Importado: 8323 entradas, 0 linhas inválidas
[2026-04-13 01:13:01] [INFO] usina_solar -- ============================================================
[2026-04-13 01:13:01] [INFO] usina_solar -- [SOLAR] Usina Solar API iniciada
[2026-04-13 01:13:01] [INFO] usina_solar --    Data dir: E:\Antigravity\Causa Raiz\backend\data
[2026-04-13 01:13:01] [INFO] usina_solar --    Docs:     http://localhost:8000/docs
[2026-04-13 01:13:01] [INFO] usina_solar -- ============================================================
[2026-04-13 01:13:02] [INFO] usina_solar -- [MAPPING] Salvo: 8325 entradas → E:\Antigravity\Causa Raiz\backend\data\Cortez - SPE São Claus 2\series_map.json
[2026-04-13 01:13:02] [INFO] usina_solar -- [MAPPING] Importado: 8325 entradas, 0 linhas inválidas
[2026-04-13 01:13:18] [INFO] usina_solar -- ============================================================
[2026-04-13 01:13:18] [INFO] usina_solar -- [SOLAR] Usina Solar API iniciada
[2026-04-13 01:13:18] [INFO] usina_solar --    Data dir: E:\Antigravity\Causa Raiz\backend\data
[2026-04-13 01:13:18] [INFO] usina_solar --    Docs:     http://localhost:8000/docs
[2026-04-13 01:13:18] [INFO] usina_solar -- ============================================================
[2026-04-13 01:14:33] [INFO] usina_solar -- [USINAS] Listando 2 usinas.
[2026-04-13 01:14:33] [INFO] usina_solar -- [USINAS] Listando 2 usinas.
[2026-04-13 01:14:50] [INFO] usina_solar -- [USINAS] Listando 2 usinas.
[2026-04-13 01:14:50] [INFO] usina_solar -- [USINAS] Listando 2 usinas.
[2026-04-13 01:16:12] [INFO] usina_solar -- [USINAS] Listando 2 usinas.
[2026-04-13 01:16:12] [INFO] usina_solar -- [USINAS] Listando 2 usinas.
[2026-04-13 01:16:56] [INFO] usina_solar -- [SYNTHETIC] Salvo: 3073 grupos → E:\Antigravity\Causa Raiz\backend\data\Cortez - SPE São Claus 1\synthetic_series.json
[2026-04-13 01:17:39] [INFO] usina_solar -- [SYNTHETIC] Salvo: 3072 grupos → E:\Antigravity\Causa Raiz\backend\data\Cortez - SPE São Claus 1\synthetic_series.json
[2026-04-13 01:17:42] [INFO] usina_solar -- [SYNTHETIC] Salvo: 3071 grupos → E:\Antigravity\Causa Raiz\backend\data\Cortez - SPE São Claus 1\synthetic_series.json
[2026-04-13 01:17:44] [INFO] usina_solar -- [SYNTHETIC] Salvo: 3070 grupos → E:\Antigravity\Causa Raiz\backend\data\Cortez - SPE São Claus 1\synthetic_series.json
[2026-04-13 01:18:17] [INFO] usina_solar -- [USINAS] Listando 2 usinas.
[2026-04-13 01:18:17] [INFO] usina_solar -- [USINAS] Listando 2 usinas.
[2026-04-13 01:18:53] [INFO] usina_solar -- [SYNTHETIC] Salvo: 1 grupos → E:\Antigravity\Causa Raiz\backend\data\Cortez - SPE São Claus 1\synthetic_series.json
[2026-04-13 01:19:05] [INFO] usina_solar -- [SYNTHETIC] Salvo: 1 grupos → E:\Antigravity\Causa Raiz\backend\data\Cortez - SPE São Claus 1\synthetic_series.json
[2026-04-13 01:19:22] [INFO] usina_solar -- [PARQUET] Schema lido: 5255 séries para 2025-11-24
[2026-04-13 01:20:34] [INFO] usina_solar -- [USINAS] Listando 2 usinas.
[2026-04-13 01:20:34] [INFO] usina_solar -- [USINAS] Listando 2 usinas.
[2026-04-13 01:20:37] [INFO] usina_solar -- [PARQUET] Schema lido: 5255 séries para 2025-11-24
[2026-04-13 01:21:51] [INFO] usina_solar -- [PARQUET] Schema lido: 5255 séries para 2025-11-24
[2026-04-13 01:22:46] [INFO] usina_solar -- [USINAS] Listando 2 usinas.
[2026-04-13 01:22:46] [INFO] usina_solar -- [USINAS] Listando 2 usinas.
[2026-04-13 01:23:15] [INFO] usina_solar -- [USINAS] Listando 2 usinas.
[2026-04-13 01:23:15] [INFO] usina_solar -- [USINAS] Listando 2 usinas.
[2026-04-13 01:23:17] [INFO] usina_solar -- [PARQUET] Schema lido: 5255 séries para 2025-11-24
[2026-04-13 01:23:33] [INFO] usina_solar -- [SYNTHETIC] Salvo: 0 grupos → E:\Antigravity\Causa Raiz\backend\data\Cortez - SPE São Claus 1\synthetic_series.json
[2026-04-13 01:23:50] [INFO] usina_solar -- [SYNTHETIC] Salvo: 1 grupos → E:\Antigravity\Causa Raiz\backend\data\Cortez - SPE São Claus 1\synthetic_series.json
[2026-04-13 01:23:57] [INFO] usina_solar -- [SYNTHETIC] Salvo: 1 grupos → E:\Antigravity\Causa Raiz\backend\data\Cortez - SPE São Claus 1\synthetic_series.json
[2026-04-13 01:24:26] [INFO] usina_solar -- [MAPPING] Salvo: 8323 entradas → E:\Antigravity\Causa Raiz\backend\data\Cortez - SPE São Claus 1\series_map.json
[2026-04-13 01:24:26] [INFO] usina_solar -- [MAPPING] Importado: 8323 entradas, 0 linhas inválidas
[2026-04-13 01:24:42] [INFO] usina_solar -- [PARQUET] Schema lido: 5255 séries para 2025-11-24
[2026-04-13 01:28:26] [INFO] usina_solar -- [USINAS] Listando 2 usinas.
[2026-04-13 01:28:26] [INFO] usina_solar -- [USINAS] Listando 2 usinas.
[2026-04-13 01:28:38] [INFO] usina_solar -- [USINAS] Listando 2 usinas.
[2026-04-13 01:28:38] [INFO] usina_solar -- [USINAS] Listando 2 usinas.
[2026-04-13 01:28:58] [INFO] usina_solar -- [USINAS] Listando 2 usinas.
[2026-04-13 01:28:58] [INFO] usina_solar -- [USINAS] Listando 2 usinas.
[2026-04-13 01:29:03] [INFO] usina_solar -- [PARQUET] Schema lido: 5255 séries para 2025-11-24
[2026-04-13 01:29:37] [INFO] usina_solar -- [DATA] Consulta: usina=Cortez - SPE São Claus 1, date=2025-11-24, series=['CLS01.1-INV01-SB13.PotenciaCC_01', 'CLS01.1-INV01-SB13.CorrenteCC_01', 'CLS01.1-INV01-SB13.TensaoCC'], elemento=None, skid=None, [None → None]
[2026-04-13 01:29:37] [INFO] usina_solar -- [QUERY] date=2025-11-24 | 3 séries | start=None end=None
[2026-04-13 01:29:38] [ERROR] usina_solar -- [DATA] Erro: No match for FieldRef.Nested(FieldRef.Name(CLS01) FieldRef.Name(1-INV01-SB13) FieldRef.Name(PotenciaCC_01)) in timestamp: timestamp[us]
CLS01.1.MET-B.POA-Irrd: double
CLS01.1.MET-B.POA-Irrd_REAR: double
CLS01.1.MET-B.T_MOD: double
CLS01.1.MET-EPE.GHI-Irrd_1_SR100: double
CLS01.1.MET-EPE.GHI-Irrd_2_SR100: double
CLS01.1.MET-EPE.PcpAcm: double
CLS01.1.MET-EPE.T_SSTRH: double
CLS01.1.MET-EPE.VentoVel: double
CLS01.1-INV01.CorA: double
CLS01.1-INV01.CorB: double
CLS01.1-INV01.CorC: double
CLS01.1-INV01.CorrenteCC: double
CLS01.1-INV01.PotAt: double
CLS01.1-INV01.TenAB: double
CLS01.1-INV01.TenBC: double
CLS01.1-INV01.TenCA: double
CLS01.1-INV01.TensaoCC: double
CLS01.1-INV01-SB13.CorrenteCC_01: double
CLS01.1-INV01-SB13.CorrenteCC_02: double
CLS01.1-INV01-SB13.CorrenteCC_03: double
CLS01.1-INV01-SB13.CorrenteCC_04: double
CLS01.1-INV01-SB13.CorrenteCC_05: double
CLS01.1-INV01-SB13.CorrenteCC_06: double
CLS01.1-INV01-SB13.CorrenteCC_07: double
CLS01.1-INV01-SB13.CorrenteCC_08: double
CLS01.1-INV01-SB13.CorrenteCC_09: double
CLS01.1-INV01-SB13.CorrenteCC_10: double
CLS01.1-INV01-SB13.CorrenteCC_11: double
CLS01.1-INV01-SB13.CorrenteCC_12: double
CLS01.1-INV01-SB13.CorrenteCC_13: double
CLS01.1-INV01-SB13.CorrenteCC_14: double
CLS01.1-INV01-SB13.CorrenteCC_15: double
CLS01.1-INV01-SB13.CorrenteCC_16: double
CLS01.1-INV01-SB13.TensaoCC: double
CLS01.1-INV01-SB13-TR049.PosAngAlvo: double
CLS01.1-INV01-SB13-TR049.PosAngAtual: double
CLS01.1-INV01-SB13-TR050.PosAngAlvo: double
CLS01.1-INV01-SB13-TR050.PosAngAtual: double
CLS01.1-INV01-SB13-TR051.PosAngAlvo: double
CLS01.1-INV01-SB13-TR051.PosAngAtual: double
CLS01.1-INV01-SB13-TR052.PosAngAlvo: double
CLS01.1-INV01-SB13-TR052.PosAngAtual: double
CLS01.1-INV01-SB14.CorrenteCC_01: double
CLS01.1-INV01-SB14.CorrenteCC_02: double
CLS01.1-INV01-SB14.CorrenteCC_03: double
CLS01.1-INV01-SB14.CorrenteCC_04: double
CLS01.1-INV01-SB14.CorrenteCC_05: double
CLS01.1-INV01-SB14.CorrenteCC_06: double
CLS01.1-INV01-SB14.CorrenteCC_07: double
CLS01.1-INV01-SB14.CorrenteCC_08: double
CLS01.1-INV01-SB14.CorrenteCC_09: double
CLS01.1-INV01-SB14.CorrenteCC_10: double
CLS01.1-INV01-SB14.CorrenteCC_11: double
CLS01.1-INV01-SB14.CorrenteCC_12: double
CLS01.1-INV01-SB14.CorrenteCC_13: double
CLS01.1-INV01-SB14.CorrenteCC_14: double
CLS01.1-INV01-SB14.CorrenteCC_15: double
CLS01.1-INV01-SB14.CorrenteCC_16: double
CLS01.1-INV01-SB14.TensaoCC: double
CLS01.1-INV01-SB14-TR053.PosAngAlvo: double
CLS01.1-INV01-SB14-TR053.PosAngAtual: double
CLS01.1-INV01-SB14-TR054.PosAngAlvo: double
CLS01.1-INV01-SB14-TR054.PosAngAtual: double
CLS01.1-INV01-SB14-TR055.PosAngAlvo: double
CLS01.1-INV01-SB14-TR055.PosAngAtual: double
CLS01.1-INV01-SB14-TR056.PosAngAlvo: double
CLS01.1-INV01-SB14-TR056.PosAngAtual: double
CLS01.1-INV01-SB15.CorrenteCC_01: double
CLS01.1-INV01-SB15.CorrenteCC_02: double
CLS01.1-INV01-SB15.CorrenteCC_03: double
CLS01.1-INV01-SB15.CorrenteCC_04: double
CLS01.1-INV01-SB15.CorrenteCC_05: double
CLS01.1-INV01-SB15.CorrenteCC_06: double
CLS01.1-INV01-SB15.CorrenteCC_07: double
CLS01.1-INV01-SB15.CorrenteCC_08: double
CLS01.1-INV01-SB15.CorrenteCC_09: double
CLS01.1-INV01-SB15.CorrenteCC_10: double
CLS01.1-INV01-SB15.CorrenteCC_11: double
CLS01.1-INV01-SB15.CorrenteCC_12: double
CLS01.1-INV01-SB15.CorrenteCC_13: double
CLS01.1-INV01-SB15.CorrenteCC_14: double
CLS01.1-INV01-SB15.CorrenteCC_15: double
CLS01.1-INV01-SB15.CorrenteCC_16: double
CLS01.1-INV01-SB15.TensaoCC: double
CLS01.1-INV01-SB15-TR057.PosAngAlvo: double
CLS01.1-INV01-SB15-TR057.PosAngAtual: double
CLS01.1-INV01-SB15-TR058.PosAngAlvo: double
CLS01.1-INV01-SB15-TR058.PosAngAtual: double
CLS01.1-INV01-SB15-TR059.PosAngAlvo: double
CLS01.1-INV01-SB15-TR059.PosAngAtual: double
CLS01.1-INV01-SB15-TR060.PosAngAlvo: double
CLS01.1-INV01-SB15-TR060.PosAngAtual: double
CLS01.1-INV01-SB16.CorrenteCC_01: double
CLS01.1-INV01-SB16.CorrenteCC_02: double
CLS01.1-INV01-SB16.CorrenteCC_03: double
CLS01.1-INV01-SB16.CorrenteCC_04: double
CLS01.1-INV01-SB16.CorrenteCC_05: double
CLS01.1-INV01-SB16.CorrenteCC_06: double
CLS01.1-INV01-SB16.CorrenteCC_07: double
CLS01.1-INV01-SB16.CorrenteCC_08: double
CLS01.1-INV01-SB16.CorrenteCC_09: double
CLS01.1-INV01-SB16.CorrenteCC_10: double
CLS01.1-INV01-SB16.CorrenteCC_11: double
CLS01.1-INV01-SB16.CorrenteCC_12: double
CLS01.1-INV01-SB16.CorrenteCC_13: double
CLS01.1-INV01-SB16.CorrenteCC_14: double
CLS01.1-INV01-SB16.CorrenteCC_15: double
CLS01.1-INV01-SB16.CorrenteCC_16: double
CLS01.1-INV01-SB16.TensaoCC: double
CLS01.1-INV01-SB16-TR061.PosAngAlvo: double
CLS01.1-INV01-SB16-TR061.PosAngAtual: double
CLS01.1-INV01-SB16-TR062.PosAngAlvo: double
CLS01.1-INV01-SB16-TR062.PosAngAtual: double
CLS01.1-INV01-SB16-TR063.PosAngAlvo: double
CLS01.1-INV01-SB16-TR063.PosAngAtual: double
CLS01.1-INV01-SB16-TR064.PosAngAlvo: double
CLS01.1-INV01-SB16-TR064.PosAngAtual: double
CLS01.1-INV02.CorA: double
CLS01.1-INV02.CorB: double
CLS01.1-INV02.CorC: double
CLS01.1-INV02.CorrenteCC: double
CLS01.1-INV02.PotAt: double
CLS01.1-INV02.TenAB: double
CLS01.1-INV02.TenBC: double
CLS01.1-INV02.TenCA: double
CLS01.1-INV02.TensaoCC: double
CLS01.1-INV02-SB05.CorrenteCC_01: double
CLS01.1-INV02-SB05.CorrenteCC_02: double
CLS01.1-INV02-SB05.CorrenteCC_03: double
CLS01.1-INV02-SB05.CorrenteCC_04: double
CLS01.1-INV02-SB05.CorrenteCC_05: double
CLS01.1-INV02-SB05.CorrenteCC_06: double
CLS01.1-INV02-SB05.CorrenteCC_07: double
CLS01.1-INV02-SB05.CorrenteCC_08: double
CLS01.1-INV02-SB05.CorrenteCC_09: double
CLS01.1-INV02-SB05.CorrenteCC_10: double
CLS01.1-INV02-SB05.CorrenteCC_11: double
CLS01.1-INV02-SB05.CorrenteCC_12: double
CLS01.1-INV02-SB05.CorrenteCC_13: double
CLS01.1-INV02-SB05.CorrenteCC_14: double
CLS01.1-INV02-SB05.CorrenteCC_15: double
CLS01.1-INV02-SB05.CorrenteCC_16: double
CLS01.1-INV02-SB05.TensaoCC: double
CLS01.1-INV02-SB05-TR017.PosAngAlvo: double
CLS01.1-INV02-SB05-TR017.PosAngAtual: double
CLS01.1-INV02-SB05-TR018.PosAngAlvo: double
CLS01.1-INV02-SB05-TR018.PosAngAtual: double
CLS01.1-INV02-SB05-TR019.PosAngAlvo: double
CLS01.1-INV02-SB05-TR019.PosAngAtual: double
CLS01.1-INV02-SB05-TR020.PosAngAlvo: double
CLS01.1-INV02-SB05-TR020.PosAngAtual: double
CLS01.1-INV02-SB06.CorrenteCC_01: double
CLS01.1-INV02-SB06.CorrenteCC_02: double
CLS01.1-INV02-SB06.CorrenteCC_03: double
CLS01.1-INV02-SB06.CorrenteCC_04: double
CLS01.1-INV02-SB06.CorrenteCC_05: double
CLS01.1-INV02-SB06.CorrenteCC_06: double
CLS01.1-INV02-SB06.CorrenteCC_07: double
CLS01.1-INV02-SB06.CorrenteCC_08: double
CLS01.1-INV02-SB06.CorrenteCC_09: double
CLS01.1-INV02-SB06.CorrenteCC_10: double
CLS01.1-INV02-SB06.CorrenteCC_11: double
CLS01.1-INV02-SB06.CorrenteCC_12: double
CLS01.1-INV02-SB06.CorrenteCC_13: double
CLS01.1-INV02-SB06.CorrenteCC_14: double
CLS01.1-INV02-SB06.CorrenteCC_15: double
CLS01.1-INV02-SB06.CorrenteCC_16: double
CLS01.1-INV02-SB06.TensaoCC: double
CLS01.1-INV02-SB06-TR021.PosAngAlvo: double
CLS01.1-INV02-SB06-TR021.PosAngAtual: double
CLS01.1-INV02-SB06-TR022.PosAngAlvo: double
CLS01.1-INV02-SB06-TR022.PosAngAtual: double
CLS01.1-INV02-SB06-TR023.PosAngAlvo: double
CLS01.1-INV02-SB06-TR023.PosAngAtual: double
CLS01.1-INV02-SB06-TR024.PosAngAlvo: double
CLS01.1-INV02-SB06-TR024.PosAngAtual: double
CLS01.1-INV02-SB07.CorrenteCC_01: double
CLS01.1-INV02-SB07.CorrenteCC_02: double
CLS01.1-INV02-SB07.CorrenteCC_03: double
CLS01.1-INV02-SB07.CorrenteCC_04: double
CLS01.1-INV02-SB07.CorrenteCC_05: double
CLS01.1-INV02-SB07.CorrenteCC_06: double
CLS01.1-INV02-SB07.CorrenteCC_07: double
CLS01.1-INV02-SB07.CorrenteCC_08: double
CLS01.1-INV02-SB07.CorrenteCC_09: double
CLS01.1-INV02-SB07.CorrenteCC_10: double
CLS01.1-INV02-SB07.CorrenteCC_11: double
CLS01.1-INV02-SB07.CorrenteCC_12: double
CLS01.1-INV02-SB07.CorrenteCC_13: double
CLS01.1-INV02-SB07.CorrenteCC_14: double
CLS01.1-INV02-SB07.CorrenteCC_15: double
CLS01.1-INV02-SB07.CorrenteCC_16: double
CLS01.1-INV02-SB07.TensaoCC: double
CLS01.1-INV02-SB07-TR025.PosAngAlvo: double
CLS01.1-INV02-SB07-TR025.PosAngAtual: double
CLS01.1-INV02-SB07-TR026.PosAngAlvo: double
CLS01.1-INV02-SB07-TR026.PosAngAtual: double
CLS01.1-INV02-SB07-TR027.PosAngAlvo: double
CLS01.1-INV02-SB07-TR027.PosAngAtual: double
CLS01.1-INV02-SB07-TR028.PosAngAlvo: double
CLS01.1-INV02-SB07-TR028.PosAngAtual: double
CLS01.1-INV02-SB08.CorrenteCC_01: double
CLS01.1-INV02-SB08.CorrenteCC_02: double
CLS01.1-INV02-SB08.CorrenteCC_03: double
CLS01.1-INV02-SB08.CorrenteCC_04: double
CLS01.1-INV02-SB08.CorrenteCC_05: double
CLS01.1-INV02-SB08.CorrenteCC_06: double
CLS01.1-INV02-SB08.CorrenteCC_07: double
CLS01.1-INV02-SB08.CorrenteCC_08: double
CLS01.1-INV02-SB08.CorrenteCC_09: double
CLS01.1-INV02-SB08.CorrenteCC_10: double
CLS01.1-INV02-SB08.CorrenteCC_11: double
CLS01.1-INV02-SB08.CorrenteCC_12: double
CLS01.1-INV02-SB08.CorrenteCC_13: double
CLS01.1-INV02-SB08.CorrenteCC_14: double
CLS01.1-INV02-SB08.CorrenteCC_15: double
CLS01.1-INV02-SB08.CorrenteCC_16: double
CLS01.1-INV02-SB08.TensaoCC: double
CLS01.1-INV02-SB08-TR029.PosAngAlvo: double
CLS01.1-INV02-SB08-TR029.PosAngAtual: double
CLS01.1-INV02-SB08-TR030.PosAngAlvo: double
CLS01.1-INV02-SB08-TR030.PosAngAtual: double
CLS01.1-INV02-SB08-TR031.PosAngAlvo: double
CLS01.1-INV02-SB08-TR031.PosAngAtual: double
CLS01.1-INV02-SB08-TR032.PosAngAlvo: double
CLS01.1-INV02-SB08-TR032.PosAngAtual: double
CLS01.1-INV03.CorA: double
CLS01.1-INV03.CorB: double
CLS01.1-INV03.CorC: double
CLS01.1-INV03.CorrenteCC: double
CLS01.1-INV03.PotAt: double
CLS01.1-INV03.TenAB: double
CLS01.1-INV03.TenBC: double
CLS01.1-INV03.TenCA: double
CLS01.1-INV03.TensaoCC: double
CLS01.1-INV03-SB01.CorrenteCC_01: double
CLS01.1-INV03-SB01.CorrenteCC_02: double
CLS01.1-INV03-SB01.CorrenteCC_03: double
CLS01.1-INV03-SB01.CorrenteCC_04: double
CLS01.1-INV03-SB01.CorrenteCC_05: double
CLS01.1-INV03-SB01.CorrenteCC_06: double
CLS01.1-INV03-SB01.CorrenteCC_07: double
CLS01.1-INV03-SB01.CorrenteCC_08: double
CLS01.1-INV03-SB01.CorrenteCC_09: double
CLS01.1-INV03-SB01.CorrenteCC_10: double
CLS01.1-INV03-SB01.CorrenteCC_11: double
CLS01.1-INV03-SB01.CorrenteCC_12: double
CLS01.1-INV03-SB01.CorrenteCC_13: double
CLS01.1-INV03-SB01.CorrenteCC_14: double
CLS01.1-INV03-SB01.CorrenteCC_15: double
CLS01.1-INV03-SB01.CorrenteCC_16: double
CLS01.1-INV03-SB01.TensaoCC: double
CLS01.1-INV03-SB01-TR001.PosAngAlvo: double
CLS01.1-INV03-SB01-TR001.PosAngAtual: double
CLS01.1-INV03-SB01-TR002.PosAngAlvo: double
CLS01.1-INV03-SB01-TR002.PosAngAtual: double
CLS01.1-INV03-SB01-TR003.PosAngAlvo: double
CLS01.1-INV03-SB01-TR003.PosAngAtual: double
CLS01.1-INV03-SB01-TR004.PosAngAlvo: double
CLS01.1-INV03-SB01-TR004.PosAngAtual: double
CLS01.1-INV03-SB02.CorrenteCC_01: double
CLS01.1-INV03-SB02.CorrenteCC_02: double
CLS01.1-INV03-SB02.CorrenteCC_03: double
CLS01.1-INV03-SB02.CorrenteCC_04: double
CLS01.1-INV03-SB02.CorrenteCC_05: double
CLS01.1-INV03-SB02.CorrenteCC_06: double
CLS01.1-INV03-SB02.CorrenteCC_07: double
CLS01.1-INV03-SB02.CorrenteCC_08: double
CLS01.1-INV03-SB02.CorrenteCC_09: double
CLS01.1-INV03-SB02.CorrenteCC_10: double
CLS01.1-INV03-SB02.CorrenteCC_11: double
CLS01.1-INV03-SB02.CorrenteCC_12: double
CLS01.1-INV03-SB02.CorrenteCC_13: double
CLS01.1-INV03-SB02.CorrenteCC_14: double
CLS01.1-INV03-SB02.CorrenteCC_15: double
CLS01.1-INV03-SB02.CorrenteCC_16: double
CLS01.1-INV03-SB02.TensaoCC: double
CLS01.1-INV03-SB02-TR005.PosAngAlvo: double
CLS01.1-INV03-SB02-TR005.PosAngAtual: double
CLS01.1-INV03-SB02-TR006.PosAngAlvo: double
CLS01.1-INV03-SB02-TR006.PosAngAtual: double
CLS01.1-INV03-SB02-TR007.PosAngAlvo: double
CLS01.1-INV03-SB02-TR007.PosAngAtual: double
CLS01.1-INV03-SB02-TR008.PosAngAlvo: double
CLS01.1-INV03-SB02-TR008.PosAngAtual: double
CLS01.1-INV03-SB03.CorrenteCC_01: double
CLS01.1-INV03-SB03.CorrenteCC_02: double
CLS01.1-INV03-SB03.CorrenteCC_03: double
CLS01.1-INV03-SB03.CorrenteCC_04: double
CLS01.1-INV03-SB03.CorrenteCC_05: double
CLS01.1-INV03-SB03.CorrenteCC_06: double
CLS01.1-INV03-SB03.CorrenteCC_07: double
CLS01.1-INV03-SB03.CorrenteCC_08: double
CLS01.1-INV03-SB03.CorrenteCC_09: double
CLS01.1-INV03-SB03.CorrenteCC_10: double
CLS01.1-INV03-SB03.CorrenteCC_11: double
CLS01.1-INV03-SB03.CorrenteCC_12: double
CLS01.1-INV03-SB03.CorrenteCC_13: double
CLS01.1-INV03-SB03.CorrenteCC_14: double
CLS01.1-INV03-SB03.CorrenteCC_15: double
CLS01.1-INV03-SB03.CorrenteCC_16: double
CLS01.1-INV03-SB03.TensaoCC: double
CLS01.1-INV03-SB03-TR009.PosAngAlvo: double
CLS01.1-INV03-SB03-TR009.PosAngAtual: double
CLS01.1-INV03-SB03-TR010.PosAngAlvo: double
CLS01.1-INV03-SB03-TR010.PosAngAtual: double
CLS01.1-INV03-SB03-TR011.PosAngAlvo: double
CLS01.1-INV03-SB03-TR011.PosAngAtual: double
CLS01.1-INV03-SB03-TR012.PosAngAlvo: double
CLS01.1-INV03-SB03-TR012.PosAngAtual: double
CLS01.1-INV03-SB04.CorrenteCC_01: double
CLS01.1-INV03-SB04.CorrenteCC_02: double
CLS01.1-INV03-SB04.CorrenteCC_03: double
CLS01.1-INV03-SB04.CorrenteCC_04: double
CLS01.1-INV03-SB04.CorrenteCC_05: double
CLS01.1-INV03-SB04.CorrenteCC_06: double
CLS01.1-INV03-SB04.CorrenteCC_07: double
CLS01.1-INV03-SB04.CorrenteCC_08: double
CLS01.1-INV03-SB04.CorrenteCC_09: double
CLS01.1-INV03-SB04.CorrenteCC_10: double
CLS01.1-INV03-SB04.CorrenteCC_11: double
CLS01.1-INV03-SB04.CorrenteCC_12: double
CLS01.1-INV03-SB04.CorrenteCC_13: double
CLS01.1-INV03-SB04.CorrenteCC_14: double
CLS01.1-INV03-SB04.CorrenteCC_15: double
CLS01.1-INV03-SB04.CorrenteCC_16: double
CLS01.1-INV03-SB04.TensaoCC: double
CLS01.1-INV03-SB04-TR013.PosAngAlvo: double
CLS01.1-INV03-SB04-TR013.PosAngAtual: double
CLS01.1-INV03-SB04-TR014.PosAngAlvo: double
CLS01.1-INV03-SB04-TR014.PosAngAtual: double
CLS01.1-INV03-SB04-TR015.PosAngAlvo: double
CLS01.1-INV03-SB04-TR015.PosAngAtual: double
CLS01.1-INV03-SB04-TR016.PosAngAlvo: double
CLS01.1-INV03-SB04-TR016.PosAngAtual: double
CLS01.1-INV04.CorA: double
CLS01.1-INV04.CorB: double
CLS01.1-INV04.CorC: double
CLS01.1-INV04.CorrenteCC: double
CLS01.1-INV04.PotAt: double
CLS01.1-INV04.TenAB: double
CLS01.1-INV04.TenBC: double
CLS01.1-INV04.TenCA: double
CLS01.1-INV04.TensaoCC: double
CLS01.1-INV04-SB09.CorrenteCC_01: double
CLS01.1-INV04-SB09.CorrenteCC_02: double
CLS01.1-INV04-SB09.CorrenteCC_03: double
CLS01.1-INV04-SB09.CorrenteCC_04: double
CLS01.1-INV04-SB09.CorrenteCC_05: double
CLS01.1-INV04-SB09.CorrenteCC_06: double
CLS01.1-INV04-SB09.CorrenteCC_07: double
CLS01.1-INV04-SB09.CorrenteCC_08: double
CLS01.1-INV04-SB09.CorrenteCC_09: double
CLS01.1-INV04-SB09.CorrenteCC_10: double
CLS01.1-INV04-SB09.CorrenteCC_11: double
CLS01.1-INV04-SB09.CorrenteCC_12: double
CLS01.1-INV04-SB09.CorrenteCC_13: double
CLS01.1-INV04-SB09.CorrenteCC_14: double
CLS01.1-INV04-SB09.CorrenteCC_15: double
CLS01.1-INV04-SB09.CorrenteCC_16: double
CLS01.1-INV04-SB09.TensaoCC: double
CLS01.1-INV04-SB09-TR033.PosAngAlvo: double
CLS01.1-INV04-SB09-TR033.PosAngAtual: double
CLS01.1-INV04-SB09-TR034.PosAngAlvo: double
CLS01.1-INV04-SB09-TR034.PosAngAtual: double
CLS01.1-INV04-SB09-TR035.PosAngAlvo: double
CLS01.1-INV04-SB09-TR035.PosAngAtual: double
CLS01.1-INV04-SB09-TR036.PosAngAlvo: double
CLS01.1-INV04-SB09-TR036.PosAngAtual: double
CLS01.1-INV04-SB10.CorrenteCC_01: double
CLS01.1-INV04-SB10.CorrenteCC_02: double
CLS01.1-INV04-SB10.CorrenteCC_03: double
CLS01.1-INV04-SB10.CorrenteCC_04: double
CLS01.1-INV04-SB10.CorrenteCC_05: double
CLS01.1-INV04-SB10.CorrenteCC_06: double
CLS01.1-INV04-SB10.CorrenteCC_07: double
CLS01.1-INV04-SB10.CorrenteCC_08: double
CLS01.1-INV04-SB10.CorrenteCC_09: double
CLS01.1-INV04-SB10.CorrenteCC_10: double
CLS01.1-INV04-SB10.CorrenteCC_11: double
CLS01.1-INV04-SB10.CorrenteCC_12: double
CLS01.1-INV04-SB10.CorrenteCC_13: double
CLS01.1-INV04-SB10.CorrenteCC_14: double
CLS01.1-INV04-SB10.CorrenteCC_15: double
CLS01.1-INV04-SB10.CorrenteCC_16: double
CLS01.1-INV04-SB10.TensaoCC: double
CLS01.1-INV04-SB10-TR037.PosAngAlvo: double
CLS01.1-INV04-SB10-TR037.PosAngAtual: double
CLS01.1-INV04-SB10-TR038.PosAngAlvo: double
CLS01.1-INV04-SB10-TR038.PosAngAtual: double
CLS01.1-INV04-SB10-TR039.PosAngAlvo: double
CLS01.1-INV04-SB10-TR039.PosAngAtual: double
CLS01.1-INV04-SB10-TR040.PosAngAlvo: double
CLS01.1-INV04-SB10-TR040.PosAngAtual: double
CLS01.1-INV04-SB11.CorrenteCC_01: double
CLS01.1-INV04-SB11.CorrenteCC_02: double
CLS01.1-INV04-SB11.CorrenteCC_03: double
CLS01.1-INV04-SB11.CorrenteCC_04: double
CLS01.1-INV04-SB11.CorrenteCC_05: double
CLS01.1-INV04-SB11.CorrenteCC_06: double
CLS01.1-INV04-SB11.CorrenteCC_07: double
CLS01.1-INV04-SB11.CorrenteCC_08: double
CLS01.1-INV04-SB11.CorrenteCC_09: double
CLS01.1-INV04-SB11.CorrenteCC_10: double
CLS01.1-INV04-SB11.CorrenteCC_11: double
CLS01.1-INV04-SB11.CorrenteCC_12: double
CLS01.1-INV04-SB11.CorrenteCC_13: double
CLS01.1-INV04-SB11.CorrenteCC_14: double
CLS01.1-INV04-SB11.CorrenteCC_15: double
CLS01.1-INV04-SB11.CorrenteCC_16: double
CLS01.1-INV04-SB11.TensaoCC: double
CLS01.1-INV04-SB11-TR041.PosAngAlvo: double
CLS01.1-INV04-SB11-TR041.PosAngAtual: double
CLS01.1-INV04-SB11-TR042.PosAngAlvo: double
CLS01.1-INV04-SB11-TR042.PosAngAtual: double
CLS01.1-INV04-SB11-TR043.PosAngAlvo: double
CLS01.1-INV04-SB11-TR043.PosAngAtual: double
CLS01.1-INV04-SB11-TR044.PosAngAlvo: double
CLS01.1-INV04-SB11-TR044.PosAngAtual: double
CLS01.1-INV04-SB12.CorrenteCC_01: double
CLS01.1-INV04-SB12.CorrenteCC_02: double
CLS01.1-INV04-SB12.CorrenteCC_03: double
CLS01.1-INV04-SB12.CorrenteCC_04: double
CLS01.1-INV04-SB12.CorrenteCC_05: double
CLS01.1-INV04-SB12.CorrenteCC_06: double
CLS01.1-INV04-SB12.CorrenteCC_07: double
CLS01.1-INV04-SB12.CorrenteCC_08: double
CLS01.1-INV04-SB12.CorrenteCC_09: double
CLS01.1-INV04-SB12.CorrenteCC_10: double
CLS01.1-INV04-SB12.CorrenteCC_11: double
CLS01.1-INV04-SB12.CorrenteCC_12: double
CLS01.1-INV04-SB12.CorrenteCC_13: double
CLS01.1-INV04-SB12.CorrenteCC_14: double
CLS01.1-INV04-SB12.CorrenteCC_15: double
CLS01.1-INV04-SB12.CorrenteCC_16: double
CLS01.1-INV04-SB12.TensaoCC: double
CLS01.1-INV04-SB12-TR045.PosAngAlvo: double
CLS01.1-INV04-SB12-TR045.PosAngAtual: double
CLS01.1-INV04-SB12-TR046.PosAngAlvo: double
CLS01.1-INV04-SB12-TR046.PosAngAtual: double
CLS01.1-INV04-SB12-TR047.PosAngAlvo: double
CLS01.1-INV04-SB12-TR047.PosAngAtual: double
CLS01.1-INV04-SB12-TR048.PosAngAlvo: double
CLS01.1-INV04-SB12-TR048.PosAngAtual: double
CLS01.1-INV05.CorA: double
CLS01.1-INV05.CorB: double
CLS01.1-INV05.CorC: double
CLS01.1-INV05.CorrenteCC: double
CLS01.1-INV05.PotAt: double
CLS01.1-INV05.TenAB: double
CLS01.1-INV05.TenBC: double
CLS01.1-INV05.TenCA: double
CLS01.1-INV05.TensaoCC: double
CLS01.1-INV05-SB17.CorrenteCC_01: double
CLS01.1-INV05-SB17.CorrenteCC_02: double
CLS01.1-INV05-SB17.CorrenteCC_03: double
CLS01.1-INV05-SB17.CorrenteCC_04: double
CLS01.1-INV05-SB17.CorrenteCC_05: double
CLS01.1-INV05-SB17.CorrenteCC_06: double
CLS01.1-INV05-SB17.CorrenteCC_07: double
CLS01.1-INV05-SB17.CorrenteCC_08: double
CLS01.1-INV05-SB17.CorrenteCC_09: double
CLS01.1-INV05-SB17.CorrenteCC_10: double
CLS01.1-INV05-SB17.CorrenteCC_11: double
CLS01.1-INV05-SB17.CorrenteCC_12: double
CLS01.1-INV05-SB17.CorrenteCC_13: double
CLS01.1-INV05-SB17.CorrenteCC_14: double
CLS01.1-INV05-SB17.CorrenteCC_15: double
CLS01.1-INV05-SB17.CorrenteCC_16: double
CLS01.1-INV05-SB17.TensaoCC: double
CLS01.1-INV05-SB17-TR065.PosAngAlvo: double
CLS01.1-INV05-SB17-TR065.PosAngAtual: double
CLS01.1-INV05-SB17-TR066.PosAngAlvo: double
CLS01.1-INV05-SB17-TR066.PosAngAtual: double
CLS01.1-INV05-SB17-TR067.PosAngAlvo: double
CLS01.1-INV05-SB17-TR067.PosAngAtual: double
CLS01.1-INV05-SB17-TR068.PosAngAlvo: double
CLS01.1-INV05-SB17-TR068.PosAngAtual: double
CLS01.1-INV05-SB18.CorrenteCC_01: double
CLS01.1-INV05-SB18.CorrenteCC_02: double
CLS01.1-INV05-SB18.CorrenteCC_03: double
CLS01.1-INV05-SB18.CorrenteCC_04: double
CLS01.1-INV05-SB18.CorrenteCC_05: double
CLS01.1-INV05-SB18.CorrenteCC_06: double
CLS01.1-INV05-SB18.CorrenteCC_07: double
CLS01.1-INV05-SB18.CorrenteCC_08: double
CLS01.1-INV05-SB18.CorrenteCC_09: double
CLS01.1-INV05-SB18.CorrenteCC_10: double
CLS01.1-INV05-SB18.CorrenteCC_11: double
CLS01.1-INV05-SB18.CorrenteCC_12: double
CLS01.1-INV05-SB18.CorrenteCC_13: double
CLS01.1-INV05-SB18.CorrenteCC_14: double
CLS01.1-INV05-SB18.CorrenteCC_15: double
CLS01.1-INV05-SB18.CorrenteCC_16: double
CLS01.1-INV05-SB18.TensaoCC: double
CLS01.1-INV05-SB18-TR069.PosAngAlvo: double
CLS01.1-INV05-SB18-TR069.PosAngAtual: double
CLS01.1-INV05-SB18-TR070.PosAngAlvo: double
CLS01.1-INV05-SB18-TR070.PosAngAtual: double
CLS01.1-INV05-SB18-TR071.PosAngAlvo: double
CLS01.1-INV05-SB18-TR071.PosAngAtual: double
CLS01.1-INV05-SB18-TR072.PosAngAlvo: double
CLS01.1-INV05-SB18-TR072.PosAngAtual: double
CLS01.1-INV05-SB19.CorrenteCC_01: double
CLS01.1-INV05-SB19.CorrenteCC_02: double
CLS01.1-INV05-SB19.CorrenteCC_03: double
CLS01.1-INV05-SB19.CorrenteCC_04: double
CLS01.1-INV05-SB19.CorrenteCC_05: double
CLS01.1-INV05-SB19.CorrenteCC_06: double
CLS01.1-INV05-SB19.CorrenteCC_07: double
CLS01.1-INV05-SB19.CorrenteCC_08: double
CLS01.1-INV05-SB19.CorrenteCC_09: double
CLS01.1-INV05-SB19.CorrenteCC_10: double
CLS01.1-INV05-SB19.CorrenteCC_11: double
CLS01.1-INV05-SB19.CorrenteCC_12: double
CLS01.1-INV05-SB19.CorrenteCC_13: double
CLS01.1-INV05-SB19.CorrenteCC_14: double
CLS01.1-INV05-SB19.CorrenteCC_15: double
CLS01.1-INV05-SB19.CorrenteCC_16: double
CLS01.1-INV05-SB19.TensaoCC: double
CLS01.1-INV05-SB19-TR073.PosAngAlvo: double
CLS01.1-INV05-SB19-TR073.PosAngAtual: double
CLS01.1-INV05-SB19-TR074.PosAngAlvo: double
CLS01.1-INV05-SB19-TR074.PosAngAtual: double
CLS01.1-INV05-SB19-TR075.PosAngAlvo: double
CLS01.1-INV05-SB19-TR075.PosAngAtual: double
CLS01.1-INV05-SB19-TR076.PosAngAlvo: double
CLS01.1-INV05-SB19-TR076.PosAngAtual: double
CLS01.1-INV05-SB20.CorrenteCC_01: double
CLS01.1-INV05-SB20.CorrenteCC_02: double
CLS01.1-INV05-SB20.CorrenteCC_03: double
CLS01.1-INV05-SB20.CorrenteCC_04: double
CLS01.1-INV05-SB20.CorrenteCC_05: double
CLS01.1-INV05-SB20.CorrenteCC_06: double
CLS01.1-INV05-SB20.CorrenteCC_07: double
CLS01.1-INV05-SB20.CorrenteCC_08: double
CLS01.1-INV05-SB20.CorrenteCC_09: double
CLS01.1-INV05-SB20.CorrenteCC_10: double
CLS01.1-INV05-SB20.CorrenteCC_11: double
CLS01.1-INV05-SB20.CorrenteCC_12: double
CLS01.1-INV05-SB20.CorrenteCC_13: double
CLS01.1-INV05-SB20.CorrenteCC_14: double
CLS01.1-INV05-SB20.CorrenteCC_15: double
CLS01.1-INV05-SB20.CorrenteCC_16: double
CLS01.1-INV05-SB20.TensaoCC: double
CLS01.1-INV05-SB20-TR077.PosAngAlvo: double
CLS01.1-INV05-SB20-TR077.PosAngAtual: double
CLS01.1-INV05-SB20-TR078.PosAngAlvo: double
CLS01.1-INV05-SB20-TR078.PosAngAtual: double
CLS01.1-INV05-SB20-TR079.PosAngAlvo: double
CLS01.1-INV05-SB20-TR079.PosAngAtual: double
CLS01.1-INV05-SB20-TR080.PosAngAlvo: double
CLS01.1-INV05-SB20-TR080.PosAngAtual: double
CLS01.1-INV06.CorA: double
CLS01.1-INV06.CorB: double
CLS01.1-INV06.CorC: double
CLS01.1-INV06.CorrenteCC: double
CLS01.1-INV06.PotAt: double
CLS01.1-INV06.TenAB: double
CLS01.1-INV06.TenBC: double
CLS01.1-INV06.TenCA: double
CLS01.1-INV06.TensaoCC: double
CLS01.1-INV06-SB25.CorrenteCC_01: double
CLS01.1-INV06-SB25.CorrenteCC_02: double
CLS01.1-INV06-SB25.CorrenteCC_03: double
CLS01.1-INV06-SB25.CorrenteCC_04: double
CLS01.1-INV06-SB25.CorrenteCC_05: double
CLS01.1-INV06-SB25.CorrenteCC_06: double
CLS01.1-INV06-SB25.CorrenteCC_07: double
CLS01.1-INV06-SB25.CorrenteCC_08: double
CLS01.1-INV06-SB25.CorrenteCC_09: double
CLS01.1-INV06-SB25.CorrenteCC_10: double
CLS01.1-INV06-SB25.CorrenteCC_11: double
CLS01.1-INV06-SB25.CorrenteCC_12: double
CLS01.1-INV06-SB25.CorrenteCC_13: double
CLS01.1-INV06-SB25.CorrenteCC_14: double
CLS01.1-INV06-SB25.CorrenteCC_15: double
CLS01.1-INV06-SB25.CorrenteCC_16: double
CLS01.1-INV06-SB25.TensaoCC: double
CLS01.1-INV06-SB25-TR097.PosAngAlvo: double
CLS01.1-INV06-SB25-TR097.PosAngAtual: double
CLS01.1-INV06-SB25-TR098.PosAngAlvo: double
CLS01.1-INV06-SB25-TR098.PosAngAtual: double
CLS01.1-INV06-SB25-TR099.PosAngAlvo: double
CLS01.1-INV06-SB25-TR099.PosAngAtual: double
CLS01.1-INV06-SB25-TR100.PosAngAlvo: double
CLS01.1-INV06-SB25-TR100.PosAngAtual: double
CLS01.1-INV06-SB26.CorrenteCC_01: double
CLS01.1-INV06-SB26.CorrenteCC_02: double
CLS01.1-INV06-SB26.CorrenteCC_03: double
CLS01.1-INV06-SB26.CorrenteCC_04: double
CLS01.1-INV06-SB26.CorrenteCC_05: double
CLS01.1-INV06-SB26.CorrenteCC_06: double
CLS01.1-INV06-SB26.CorrenteCC_07: double
CLS01.1-INV06-SB26.CorrenteCC_08: double
CLS01.1-INV06-SB26.CorrenteCC_09: double
CLS01.1-INV06-SB26.CorrenteCC_10: double
CLS01.1-INV06-SB26.CorrenteCC_11: double
CLS01.1-INV06-SB26.CorrenteCC_12: double
CLS01.1-INV06-SB26.CorrenteCC_13: double
CLS01.1-INV06-SB26.CorrenteCC_14: double
CLS01.1-INV06-SB26.CorrenteCC_15: double
CLS01.1-INV06-SB26.CorrenteCC_16: double
CLS01.1-INV06-SB26.TensaoCC: double
CLS01.1-INV06-SB26-TR101.PosAngAlvo: double
CLS01.1-INV06-SB26-TR101.PosAngAtual: double
CLS01.1-INV06-SB26-TR102.PosAngAlvo: double
CLS01.1-INV06-SB26-TR102.PosAngAtual: double
CLS01.1-INV06-SB26-TR103.PosAngAlvo: double
CLS01.1-INV06-SB26-TR103.PosAngAtual: double
CLS01.1-INV06-SB26-TR104.PosAngAlvo: double
CLS01.1-INV06-SB26-TR104.PosAngAtual: double
CLS01.1-INV06-SB27.CorrenteCC_01: double
CLS01.1-INV06-SB27.CorrenteCC_02: double
CLS01.1-INV06-SB27.CorrenteCC_03: double
CLS01.1-INV06-SB27.CorrenteCC_04: double
CLS01.1-INV06-SB27.CorrenteCC_05: double
CLS01.1-INV06-SB27.CorrenteCC_06: double
CLS01.1-INV06-SB27.CorrenteCC_07: double
CLS01.1-INV06-SB27.CorrenteCC_08: double
CLS01.1-INV06-SB27.CorrenteCC_09: double
CLS01.1-INV06-SB27.CorrenteCC_10: double
CLS01.1-INV06-SB27.CorrenteCC_11: double
CLS01.1-INV06-SB27.CorrenteCC_12: double
CLS01.1-INV06-SB27.CorrenteCC_13: double
CLS01.1-INV06-SB27.CorrenteCC_14: double
CLS01.1-INV06-SB27.CorrenteCC_15: double
CLS01.1-INV06-SB27.CorrenteCC_16: double
CLS01.1-INV06-SB27.TensaoCC: double
CLS01.1-INV06-SB27-TR105.PosAngAlvo: double
CLS01.1-INV06-SB27-TR105.PosAngAtual: double
CLS01.1-INV06-SB27-TR106.PosAngAlvo: double
CLS01.1-INV06-SB27-TR106.PosAngAtual: double
CLS01.1-INV06-SB27-TR107.PosAngAlvo: double
CLS01.1-INV06-SB27-TR107.PosAngAtual: double
CLS01.1-INV06-SB27-TR108.PosAngAlvo: double
CLS01.1-INV06-SB27-TR108.PosAngAtual: double
CLS01.1-INV06-SB28.CorrenteCC_01: double
CLS01.1-INV06-SB28.CorrenteCC_02: double
CLS01.1-INV06-SB28.CorrenteCC_03: double
CLS01.1-INV06-SB28.CorrenteCC_04: double
CLS01.1-INV06-SB28.CorrenteCC_05: double
CLS01.1-INV06-SB28.CorrenteCC_06: double
CLS01.1-INV06-SB28.CorrenteCC_07: double
CLS01.1-INV06-SB28.CorrenteCC_08: double
CLS01.1-INV06-SB28.CorrenteCC_09: double
CLS01.1-INV06-SB28.CorrenteCC_10: double
CLS01.1-INV06-SB28.CorrenteCC_11: double
CLS01.1-INV06-SB28.CorrenteCC_12: double
CLS01.1-INV06-SB28.CorrenteCC_13: double
CLS01.1-INV06-SB28.CorrenteCC_14: double
CLS01.1-INV06-SB28.CorrenteCC_15: double
CLS01.1-INV06-SB28.CorrenteCC_16: double
CLS01.1-INV06-SB28.TensaoCC: double
CLS01.1-INV06-SB28-TR109.PosAngAlvo: double
CLS01.1-INV06-SB28-TR109.PosAngAtual: double
CLS01.1-INV06-SB28-TR110.PosAngAlvo: double
CLS01.1-INV06-SB28-TR110.PosAngAtual: double
CLS01.1-INV06-SB28-TR111.PosAngAlvo: double
CLS01.1-INV06-SB28-TR111.PosAngAtual: double
CLS01.1-INV06-SB28-TR112.PosAngAlvo: double
CLS01.1-INV06-SB28-TR112.PosAngAtual: double
CLS01.1-INV07.CorA: double
CLS01.1-INV07.CorB: double
CLS01.1-INV07.CorC: double
CLS01.1-INV07.CorrenteCC: double
CLS01.1-INV07.PotAt: double
CLS01.1-INV07.TenAB: double
CLS01.1-INV07.TenBC: double
CLS01.1-INV07.TenCA: double
CLS01.1-INV07.TensaoCC: double
CLS01.1-INV07-SB29.CorrenteCC_01: double
CLS01.1-INV07-SB29.CorrenteCC_02: double
CLS01.1-INV07-SB29.CorrenteCC_03: double
CLS01.1-INV07-SB29.CorrenteCC_04: double
CLS01.1-INV07-SB29.CorrenteCC_05: double
CLS01.1-INV07-SB29.CorrenteCC_06: double
CLS01.1-INV07-SB29.CorrenteCC_07: double
CLS01.1-INV07-SB29.CorrenteCC_08: double
CLS01.1-INV07-SB29.CorrenteCC_09: double
CLS01.1-INV07-SB29.CorrenteCC_10: double
CLS01.1-INV07-SB29.CorrenteCC_11: double
CLS01.1-INV07-SB29.CorrenteCC_12: double
CLS01.1-INV07-SB29.CorrenteCC_13: double
CLS01.1-INV07-SB29.CorrenteCC_14: double
CLS01.1-INV07-SB29.CorrenteCC_15: double
CLS01.1-INV07-SB29.CorrenteCC_16: double
CLS01.1-INV07-SB29.TensaoCC: double
CLS01.1-INV07-SB29-TR113.PosAngAlvo: double
CLS01.1-INV07-SB29-TR113.PosAngAtual: double
CLS01.1-INV07-SB29-TR114.PosAngAlvo: double
CLS01.1-INV07-SB29-TR114.PosAngAtual: double
CLS01.1-INV07-SB29-TR115.PosAngAlvo: double
CLS01.1-INV07-SB29-TR115.PosAngAtual: double
CLS01.1-INV07-SB29-TR116.PosAngAlvo: double
CLS01.1-INV07-SB29-TR116.PosAngAtual: double
CLS01.1-INV07-SB30.CorrenteCC_01: double
CLS01.1-INV07-SB30.CorrenteCC_02: double
CLS01.1-INV07-SB30.CorrenteCC_03: double
CLS01.1-INV07-SB30.CorrenteCC_04: double
CLS01.1-INV07-SB30.CorrenteCC_05: double
CLS01.1-INV07-SB30.CorrenteCC_06: double
CLS01.1-INV07-SB30.CorrenteCC_07: double
CLS01.1-INV07-SB30.CorrenteCC_08: double
CLS01.1-INV07-SB30.CorrenteCC_09: double
CLS01.1-INV07-SB30.CorrenteCC_10: double
CLS01.1-INV07-SB30.CorrenteCC_11: double
CLS01.1-INV07-SB30.CorrenteCC_12: double
CLS01.1-INV07-SB30.CorrenteCC_13: double
CLS01.1-INV07-SB30.CorrenteCC_14: double
CLS01.1-INV07-SB30.CorrenteCC_15: double
CLS01.1-INV07-SB30.CorrenteCC_16: double
CLS01.1-INV07-SB30.TensaoCC: double
CLS01.1-INV07-SB30-TR117.PosAngAlvo: double
CLS01.1-INV07-SB30-TR117.PosAngAtual: double
CLS01.1-INV07-SB30-TR118.PosAngAlvo: double
CLS01.1-INV07-SB30-TR118.PosAngAtual: double
CLS01.1-INV07-SB30-TR119.PosAngAlvo: double
CLS01.1-INV07-SB30-TR119.PosAngAtual: double
CLS01.1-INV07-SB30-TR120.PosAngAlvo: double
CLS01.1-INV07-SB30-TR120.PosAngAtual: double
CLS01.1-INV07-SB31.CorrenteCC_01: double
CLS01.1-INV07-SB31.CorrenteCC_02: double
CLS01.1-INV07-SB31.CorrenteCC_03: double
CLS01.1-INV07-SB31.CorrenteCC_04: double
CLS01.1-INV07-SB31.CorrenteCC_05: double
CLS01.1-INV07-SB31.CorrenteCC_06: double
CLS01.1-INV07-SB31.CorrenteCC_07: double
CLS01.1-INV07-SB31.CorrenteCC_08: double
CLS01.1-INV07-SB31.CorrenteCC_09: double
CLS01.1-INV07-SB31.CorrenteCC_10: double
CLS01.1-INV07-SB31.CorrenteCC_11: double
CLS01.1-INV07-SB31.CorrenteCC_12: double
CLS01.1-INV07-SB31.CorrenteCC_13: double
CLS01.1-INV07-SB31.CorrenteCC_14: double
CLS01.1-INV07-SB31.CorrenteCC_15: double
CLS01.1-INV07-SB31.CorrenteCC_16: double
CLS01.1-INV07-SB31.TensaoCC: double
CLS01.1-INV07-SB31-TR121.PosAngAlvo: double
CLS01.1-INV07-SB31-TR121.PosAngAtual: double
CLS01.1-INV07-SB31-TR122.PosAngAlvo: double
CLS01.1-INV07-SB31-TR122.PosAngAtual: double
CLS01.1-INV07-SB31-TR123.PosAngAlvo: double
CLS01.1-INV07-SB31-TR123.PosAngAtual: double
CLS01.1-INV07-SB31-TR124.PosAngAlvo: double
CLS01.1-INV07-SB31-TR124.PosAngAtual: double
CLS01.1-INV07-SB32.CorrenteCC_01: double
CLS01.1-INV07-SB32.CorrenteCC_02: double
CLS01.1-INV07-SB32.CorrenteCC_03: double
CLS01.1-INV07-SB32.CorrenteCC_04: double
CLS01.1-INV07-SB32.CorrenteCC_05: double
CLS01.1-INV07-SB32.CorrenteCC_06: double
CLS01.1-INV07-SB32.CorrenteCC_07: double
CLS01.1-INV07-SB32.CorrenteCC_08: double
CLS01.1-INV07-SB32.CorrenteCC_09: double
CLS01.1-INV07-SB32.CorrenteCC_10: double
CLS01.1-INV07-SB32.CorrenteCC_11: double
CLS01.1-INV07-SB32.CorrenteCC_12: double
CLS01.1-INV07-SB32.CorrenteCC_13: double
CLS01.1-INV07-SB32.CorrenteCC_14: double
CLS01.1-INV07-SB32.CorrenteCC_15: double
CLS01.1-INV07-SB32.CorrenteCC_16: double
CLS01.1-INV07-SB32.TensaoCC: double
CLS01.1-INV07-SB32-TR125.PosAngAlvo: double
CLS01.1-INV07-SB32-TR125.PosAngAtual: double
CLS01.1-INV07-SB32-TR126.PosAngAlvo: double
CLS01.1-INV07-SB32-TR126.PosAngAtual: double
CLS01.1-INV07-SB32-TR127.PosAngAlvo: double
CLS01.1-INV07-SB32-TR127.PosAngAtual: double
CLS01.1-INV07-SB32-TR128.PosAngAlvo: double
CLS01.1-INV07-SB32-TR128.PosAngAtual: double
CLS01.1-INV08.CorA: double
CLS01.1-INV08.CorB: double
CLS01.1-INV08.CorC: double
CLS01.1-INV08.CorrenteCC: double
CLS01.1-INV08.PotAt: double
CLS01.1-INV08.TenAB: double
CLS01.1-INV08.TenBC: double
CLS01.1-INV08.TenCA: double
CLS01.1-INV08.TensaoCC: double
CLS01.1-INV08-SB21.CorrenteCC_01: double
CLS01.1-INV08-SB21.CorrenteCC_02: double
CLS01.1-INV08-SB21.CorrenteCC_03: double
CLS01.1-INV08-SB21.CorrenteCC_04: double
CLS01.1-INV08-SB21.CorrenteCC_05: double
CLS01.1-INV08-SB21.CorrenteCC_06: double
CLS01.1-INV08-SB21.CorrenteCC_07: double
CLS01.1-INV08-SB21.CorrenteCC_08: double
CLS01.1-INV08-SB21.CorrenteCC_09: double
CLS01.1-INV08-SB21.CorrenteCC_10: double
CLS01.1-INV08-SB21.CorrenteCC_11: double
CLS01.1-INV08-SB21.CorrenteCC_12: double
CLS01.1-INV08-SB21.CorrenteCC_13: double
CLS01.1-INV08-SB21.CorrenteCC_14: double
CLS01.1-INV08-SB21.CorrenteCC_15: double
CLS01.1-INV08-SB21.CorrenteCC_16: double
CLS01.1-INV08-SB21.TensaoCC: double
CLS01.1-INV08-SB21-TR081.PosAngAlvo: double
CLS01.1-INV08-SB21-TR081.PosAngAtual: double
CLS01.1-INV08-SB21-TR082.PosAngAlvo: double
CLS01.1-INV08-SB21-TR082.PosAngAtual: double
CLS01.1-INV08-SB21-TR083.PosAngAlvo: double
CLS01.1-INV08-SB21-TR083.PosAngAtual: double
CLS01.1-INV08-SB21-TR084.PosAngAlvo: double
CLS01.1-INV08-SB21-TR084.PosAngAtual: double
CLS01.1-INV08-SB22.CorrenteCC_01: double
CLS01.1-INV08-SB22.CorrenteCC_02: double
CLS01.1-INV08-SB22.CorrenteCC_03: double
CLS01.1-INV08-SB22.CorrenteCC_04: double
CLS01.1-INV08-SB22.CorrenteCC_05: double
CLS01.1-INV08-SB22.CorrenteCC_06: double
CLS01.1-INV08-SB22.CorrenteCC_07: double
CLS01.1-INV08-SB22.CorrenteCC_08: double
CLS01.1-INV08-SB22.CorrenteCC_09: double
CLS01.1-INV08-SB22.CorrenteCC_10: double
CLS01.1-INV08-SB22.CorrenteCC_11: double
CLS01.1-INV08-SB22.CorrenteCC_12: double
CLS01.1-INV08-SB22.CorrenteCC_13: double
CLS01.1-INV08-SB22.CorrenteCC_14: double
CLS01.1-INV08-SB22.CorrenteCC_15: double
CLS01.1-INV08-SB22.CorrenteCC_16: double
CLS01.1-INV08-SB22.TensaoCC: double
CLS01.1-INV08-SB22-TR085.PosAngAlvo: double
CLS01.1-INV08-SB22-TR085.PosAngAtual: double
CLS01.1-INV08-SB22-TR086.PosAngAlvo: double
CLS01.1-INV08-SB22-TR086.PosAngAtual: double
CLS01.1-INV08-SB22-TR087.PosAngAlvo: double
CLS01.1-INV08-SB22-TR087.PosAngAtual: double
CLS01.1-INV08-SB22-TR088.PosAngAlvo: double
CLS01.1-INV08-SB22-TR088.PosAngAtual: double
CLS01.1-INV08-SB23.CorrenteCC_01: double
CLS01.1-INV08-SB23.CorrenteCC_02: double
CLS01.1-INV08-SB23.CorrenteCC_03: double
CLS01.1-INV08-SB23.CorrenteCC_04: double
CLS01.1-INV08-SB23.CorrenteCC_05: double
CLS01.1-INV08-SB23.CorrenteCC_06: double
CLS01.1-INV08-SB23.CorrenteCC_07: double
CLS01.1-INV08-SB23.CorrenteCC_08: double
CLS01.1-INV08-SB23.CorrenteCC_09: double
CLS01.1-INV08-SB23.CorrenteCC_10: double
CLS01.1-INV08-SB23.CorrenteCC_11: double
CLS01.1-INV08-SB23.CorrenteCC_12: double
CLS01.1-INV08-SB23.CorrenteCC_13: double
CLS01.1-INV08-SB23.CorrenteCC_14: double
CLS01.1-INV08-SB23.CorrenteCC_15: double
CLS01.1-INV08-SB23.CorrenteCC_16: double
CLS01.1-INV08-SB23.TensaoCC: double
CLS01.1-INV08-SB23-TR089.PosAngAlvo: double
CLS01.1-INV08-SB23-TR089.PosAngAtual: double
CLS01.1-INV08-SB23-TR090.PosAngAlvo: double
CLS01.1-INV08-SB23-TR090.PosAngAtual: double
CLS01.1-INV08-SB23-TR091.PosAngAlvo: double
CLS01.1-INV08-SB23-TR091.PosAngAtual: double
CLS01.1-INV08-SB23-TR092.PosAngAlvo: double
CLS01.1-INV08-SB23-TR092.PosAngAtual: double
CLS01.1-INV08-SB24.CorrenteCC_01: double
CLS01.1-INV08-SB24.CorrenteCC_02: double
CLS01.1-INV08-SB24.CorrenteCC_03: double
CLS01.1-INV08-SB24.CorrenteCC_04: double
CLS01.1-INV08-SB24.CorrenteCC_05: double
CLS01.1-INV08-SB24.CorrenteCC_06: double
CLS01.1-INV08-SB24.CorrenteCC_07: double
CLS01.1-INV08-SB24.CorrenteCC_08: double
CLS01.1-INV08-SB24.CorrenteCC_09: double
CLS01.1-INV08-SB24.CorrenteCC_10: double
CLS01.1-INV08-SB24.CorrenteCC_11: double
CLS01.1-INV08-SB24.CorrenteCC_12: double
CLS01.1-INV08-SB24.CorrenteCC_13: double
CLS01.1-INV08-SB24.CorrenteCC_14: double
CLS01.1-INV08-SB24.CorrenteCC_15: double
CLS01.1-INV08-SB24.CorrenteCC_16: double
CLS01.1-INV08-SB24.TensaoCC: double
CLS01.1-INV08-SB24-TR093.PosAngAlvo: double
CLS01.1-INV08-SB24-TR093.PosAngAtual: double
CLS01.1-INV08-SB24-TR094.PosAngAlvo: double
CLS01.1-INV08-SB24-TR094.PosAngAtual: double
CLS01.1-INV08-SB24-TR095.PosAngAlvo: double
CLS01.1-INV08-SB24-TR095.PosAngAtual: double
CLS01.1-INV08-SB24-TR096.PosAngAlvo: double
CLS01.1-INV08-SB24-TR096.PosAngAtual: double
CLS01.2-INV01.CorA: double
CLS01.2-INV01.CorB: double
CLS01.2-INV01.CorC: double
CLS01.2-INV01.CorrenteCC: double
CLS01.2-INV01.PotAt: double
CLS01.2-INV01.TenAB: double
CLS01.2-INV01.TenBC: double
CLS01.2-INV01.TenCA: double
CLS01.2-INV01.TensaoCC: double
CLS01.2-INV01-SB13.CorrenteCC_01: double
CLS01.2-INV01-SB13.CorrenteCC_02: double
CLS01.2-INV01-SB13.CorrenteCC_03: double
CLS01.2-INV01-SB13.CorrenteCC_04: double
CLS01.2-INV01-SB13.CorrenteCC_05: double
CLS01.2-INV01-SB13.CorrenteCC_06: double
CLS01.2-INV01-SB13.CorrenteCC_07: double
CLS01.2-INV01-SB13.CorrenteCC_08: double
CLS01.2-INV01-SB13.CorrenteCC_09: double
CLS01.2-INV01-SB13.CorrenteCC_10: double
CLS01.2-INV01-SB13.CorrenteCC_11: double
CLS01.2-INV01-SB13.CorrenteCC_12: double
CLS01.2-INV01-SB13.CorrenteCC_13: double
CLS01.2-INV01-SB13.CorrenteCC_14: double
CLS01.2-INV01-SB13.CorrenteCC_15: double
CLS01.2-INV01-SB13.CorrenteCC_16: double
CLS01.2-INV01-SB13.TensaoCC: double
CLS01.2-INV01-SB13-TR049.PosAngAlvo: double
CLS01.2-INV01-SB13-TR049.PosAngAtual: double
CLS01.2-INV01-SB13-TR050.PosAngAlvo: double
CLS01.2-INV01-SB13-TR050.PosAngAtual: double
CLS01.2-INV01-SB13-TR051.PosAngAlvo: double
CLS01.2-INV01-SB13-TR051.PosAngAtual: double
CLS01.2-INV01-SB13-TR052.PosAngAlvo: double
CLS01.2-INV01-SB13-TR052.PosAngAtual: double
CLS01.2-INV01-SB14.CorrenteCC_01: double
CLS01.2-INV01-SB14.CorrenteCC_02: double
CLS01.2-INV01-SB14.CorrenteCC_03: double
CLS01.2-INV01-SB14.CorrenteCC_04: double
CLS01.2-INV01-SB14.CorrenteCC_05: double
CLS01.2-INV01-SB14.CorrenteCC_06: double
CLS01.2-INV01-SB14.CorrenteCC_07: double
CLS01.2-INV01-SB14.CorrenteCC_08: double
CLS01.2-INV01-SB14.CorrenteCC_09: double
CLS01.2-INV01-SB14.CorrenteCC_10: double
CLS01.2-INV01-SB14.CorrenteCC_11: double
CLS01.2-INV01-SB14.CorrenteCC_12: double
CLS01.2-INV01-SB14.CorrenteCC_13: double
CLS01.2-INV01-SB14.CorrenteCC_14: double
CLS01.2-INV01-SB14.CorrenteCC_15: double
CLS01.2-INV01-SB14.CorrenteCC_16: double
CLS01.2-INV01-SB14.TensaoCC: double
CLS01.2-INV01-SB14-TR053.PosAngAlvo: double
CLS01.2-INV01-SB14-TR053.PosAngAtual: double
CLS01.2-INV01-SB14-TR054.PosAngAlvo: double
CLS01.2-INV01-SB14-TR054.PosAngAtual: double
CLS01.2-INV01-SB14-TR055.PosAngAlvo: double
CLS01.2-INV01-SB14-TR055.PosAngAtual: double
CLS01.2-INV01-SB14-TR056.PosAngAlvo: double
CLS01.2-INV01-SB14-TR056.PosAngAtual: double
CLS01.2-INV01-SB15.CorrenteCC_01: double
CLS01.2-INV01-SB15.CorrenteCC_02: double
CLS01.2-INV01-SB15.CorrenteCC_03: double
CLS01.2-INV01-SB15.CorrenteCC_04: double
CLS01.2-INV01-SB15.CorrenteCC_05: double
CLS01.2-INV01-SB15.CorrenteCC_06: double
CLS01.2-INV01-SB15.CorrenteCC_07: double
CLS01.2-INV01-SB15.CorrenteCC_08: double
CLS01.2-INV01-SB15.CorrenteCC_09: double
CLS01.2-INV01-SB15.CorrenteCC_10: double
CLS01.2-INV01-SB15.CorrenteCC_11: double
CLS01.2-INV01-SB15.CorrenteCC_12: double
CLS01.2-INV01-SB15.CorrenteCC_13: double
CLS01.2-INV01-SB15.CorrenteCC_14: double
CLS01.2-INV01-SB15.CorrenteCC_15: double
CLS01.2-INV01-SB15.CorrenteCC_16: double
CLS01.2-INV01-SB15.TensaoCC: double
CLS01.2-INV01-SB15-TR057.PosAngAlvo: double
CLS01.2-INV01-SB15-TR057.PosAngAtual: double
CLS01.2-INV01-SB15-TR058.PosAngAlvo: double
CLS01.2-INV01-SB15-TR058.PosAngAtual: double
CLS01.2-INV01-SB15-TR059.PosAngAlvo: double
CLS01.2-INV01-SB15-TR059.PosAngAtual: double
CLS01.2-INV01-SB15-TR060.PosAngAlvo: double
CLS01.2-INV01-SB15-TR060.PosAngAtual: double
CLS01.2-INV01-SB16.CorrenteCC_01: double
CLS01.2-INV01-SB16.CorrenteCC_02: double
CLS01.2-INV01-SB16.CorrenteCC_03: double
CLS01.2-INV01-SB16.CorrenteCC_04: double
CLS01.2-INV01-SB16.CorrenteCC_05: double
CLS01.2-INV01-SB16.CorrenteCC_06: double
CLS01.2-INV01-SB16.CorrenteCC_07: double
CLS01.2-INV01-SB16.CorrenteCC_08: double
CLS01.2-INV01-SB16.CorrenteCC_09: double
CLS01.2-INV01-SB16.CorrenteCC_10: double
CLS01.2-INV01-SB16.CorrenteCC_11: double
CLS01.2-INV01-SB16.CorrenteCC_12: double
CLS01.2-INV01-SB16.CorrenteCC_13: double
CLS01.2-INV01-SB16.CorrenteCC_14: double
CLS01.2-INV01-SB16.CorrenteCC_15: double
CLS01.2-INV01-SB16.CorrenteCC_16: double
CLS01.2-INV01-SB16.TensaoCC: double
CLS01.2-INV01-SB16-TR061.PosAngAlvo: double
CLS01.2-INV01-SB16-TR061.PosAngAtual: double
CLS01.2-INV01-SB16-TR062.PosAngAlvo: double
CLS01.2-INV01-SB16-TR062.PosAngAtual: double
CLS01.2-INV01-SB16-TR063.PosAngAlvo: double
CLS01.2-INV01-SB16-TR063.PosAngAtual: double
CLS01.2-INV01-SB16-TR064.PosAngAlvo: double
CLS01.2-INV01-SB16-TR064.PosAngAtual: double
CLS01.2-INV02.CorA: double
CLS01.2-INV02.CorB: double
CLS01.2-INV02.CorC: double
CLS01.2-INV02.CorrenteCC: double
CLS01.2-INV02.PotAt: double
CLS01.2-INV02.TenAB: double
CLS01.2-INV02.TenBC: double
CLS01.2-INV02.TenCA: double
CLS01.2-INV02.TensaoCC: double
CLS01.2-INV02-SB05.CorrenteCC_01: double
CLS01.2-INV02-SB05.CorrenteCC_02: double
CLS01.2-INV02-SB05.CorrenteCC_03: double
CLS01.2-INV02-SB05.CorrenteCC_04: double
CLS01.2-INV02-SB05.CorrenteCC_05: double
CLS01.2-INV02-SB05.CorrenteCC_06: double
CLS01.2-INV02-SB05.CorrenteCC_07: double
CLS01.2-INV02-SB05.CorrenteCC_08: double
CLS01.2-INV02-SB05.CorrenteCC_09: double
CLS01.2-INV02-SB05.CorrenteCC_10: double
CLS01.2-INV02-SB05.CorrenteCC_11: double
CLS01.2-INV02-SB05.CorrenteCC_12: double
CLS01.2-INV02-SB05.CorrenteCC_13: double
CLS01.2-INV02-SB05.CorrenteCC_14: double
CLS01.2-INV02-SB05.CorrenteCC_15: double
CLS01.2-INV02-SB05.CorrenteCC_16: double
CLS01.2-INV02-SB05.TensaoCC: double
CLS01.2-INV02-SB05-TR017.PosAngAlvo: double
CLS01.2-INV02-SB05-TR017.PosAngAtual: double
CLS01.2-INV02-SB05-TR018.PosAngAlvo: double
CLS01.2-INV02-SB05-TR018.PosAngAtual: double
CLS01.2-INV02-SB05-TR019.PosAngAlvo: double
CLS01.2-INV02-SB05-TR019.PosAngAtual: double
CLS01.2-INV02-SB05-TR020.PosAngAlvo: double
CLS01.2-INV02-SB05-TR020.PosAngAtual: double
CLS01.2-INV02-SB06.CorrenteCC_01: double
CLS01.2-INV02-SB06.CorrenteCC_02: double
CLS01.2-INV02-SB06.CorrenteCC_03: double
CLS01.2-INV02-SB06.CorrenteCC_04: double
CLS01.2-INV02-SB06.CorrenteCC_05: double
CLS01.2-INV02-SB06.CorrenteCC_06: double
CLS01.2-INV02-SB06.CorrenteCC_07: double
CLS01.2-INV02-SB06.CorrenteCC_08: double
CLS01.2-INV02-SB06.CorrenteCC_09: double
CLS01.2-INV02-SB06.CorrenteCC_10: double
CLS01.2-INV02-SB06.CorrenteCC_11: double
CLS01.2-INV02-SB06.CorrenteCC_12: double
CLS01.2-INV02-SB06.CorrenteCC_13: double
CLS01.2-INV02-SB06.CorrenteCC_14: double
CLS01.2-INV02-SB06.CorrenteCC_15: double
CLS01.2-INV02-SB06.CorrenteCC_16: double
CLS01.2-INV02-SB06.TensaoCC: double
CLS01.2-INV02-SB06-TR021.PosAngAlvo: double
CLS01.2-INV02-SB06-TR021.PosAngAtual: double
CLS01.2-INV02-SB06-TR022.PosAngAlvo: double
CLS01.2-INV02-SB06-TR022.PosAngAtual: double
CLS01.2-INV02-SB06-TR023.PosAngAlvo: double
CLS01.2-INV02-SB06-TR023.PosAngAtual: double
CLS01.2-INV02-SB06-TR024.PosAngAlvo: double
CLS01.2-INV02-SB06-TR024.PosAngAtual: double
CLS01.2-INV02-SB07.CorrenteCC_01: double
CLS01.2-INV02-SB07.CorrenteCC_02: double
CLS01.2-INV02-SB07.CorrenteCC_03: double
CLS01.2-INV02-SB07.CorrenteCC_04: double
CLS01.2-INV02-SB07.CorrenteCC_05: double
CLS01.2-INV02-SB07.CorrenteCC_06: double
CLS01.2-INV02-SB07.CorrenteCC_07: double
CLS01.2-INV02-SB07.CorrenteCC_08: double
CLS01.2-INV02-SB07.CorrenteCC_09: double
CLS01.2-INV02-SB07.CorrenteCC_10: double
CLS01.2-INV02-SB07.CorrenteCC_11: double
CLS01.2-INV02-SB07.CorrenteCC_12: double
CLS01.2-INV02-SB07.CorrenteCC_13: double
CLS01.2-INV02-SB07.CorrenteCC_14: double
CLS01.2-INV02-SB07.CorrenteCC_15: double
CLS01.2-INV02-SB07.CorrenteCC_16: double
CLS01.2-INV02-SB07.TensaoCC: double
CLS01.2-INV02-SB07-TR025.PosAngAlvo: double
CLS01.2-INV02-SB07-TR025.PosAngAtual: double
CLS01.2-INV02-SB07-TR026.PosAngAlvo: double
CLS01.2-INV02-SB07-TR026.PosAngAtual: double
CLS01.2-INV02-SB07-TR027.PosAngAlvo: double
CLS01.2-INV02-SB07-TR027.PosAngAtual: double
CLS01.2-INV02-SB07-TR028.PosAngAlvo: double
CLS01.2-INV02-SB07-TR028.PosAngAtual: double
CLS01.2-INV02-SB08.CorrenteCC_01: double
CLS01.2-INV02-SB08.CorrenteCC_02: double
CLS01.2-INV02-SB08.CorrenteCC_03: double
CLS01.2-INV02-SB08.CorrenteCC_04: double
CLS01.2-INV02-SB08.CorrenteCC_05: double
CLS01.2-INV02-SB08.CorrenteCC_06: double
CLS01.2-INV02-SB08.CorrenteCC_07: double
CLS01.2-INV02-SB08.CorrenteCC_08: double
CLS01.2-INV02-SB08.CorrenteCC_09: double
CLS01.2-INV02-SB08.CorrenteCC_10: double
CLS01.2-INV02-SB08.CorrenteCC_11: double
CLS01.2-INV02-SB08.CorrenteCC_12: double
CLS01.2-INV02-SB08.CorrenteCC_13: double
CLS01.2-INV02-SB08.CorrenteCC_14: double
CLS01.2-INV02-SB08.CorrenteCC_15: double
CLS01.2-INV02-SB08.CorrenteCC_16: double
CLS01.2-INV02-SB08.TensaoCC: double
CLS01.2-INV02-SB08-TR029.PosAngAlvo: double
CLS01.2-INV02-SB08-TR029.PosAngAtual: double
CLS01.2-INV02-SB08-TR030.PosAngAlvo: double
CLS01.2-INV02-SB08-TR030.PosAngAtual: double
CLS01.2-INV02-SB08-TR031.PosAngAlvo: double
CLS01.2-INV02-SB08-TR031.PosAngAtual: double
CLS01.2-INV02-SB08-TR032.PosAngAlvo: double
CLS01.2-INV02-SB08-TR032.PosAngAtual: double
CLS01.2-INV03.CorA: double
CLS01.2-INV03.CorB: double
CLS01.2-INV03.CorC: double
CLS01.2-INV03.CorrenteCC: double
CLS01.2-INV03.PotAt: double
CLS01.2-INV03.TenAB: double
CLS01.2-INV03.TenBC: double
CLS01.2-INV03.TenCA: double
CLS01.2-INV03.TensaoCC: double
CLS01.2-INV03-SB01.CorrenteCC_01: double
CLS01.2-INV03-SB01.CorrenteCC_02: double
CLS01.2-INV03-SB01.CorrenteCC_03: double
CLS01.2-INV03-SB01.CorrenteCC_04: double
CLS01.2-INV03-SB01.CorrenteCC_05: double
CLS01.2-INV03-SB01.CorrenteCC_06: double
CLS01.2-INV03-SB01.CorrenteCC_07: double
CLS01.2-INV03-SB01.CorrenteCC_08: double
CLS01.2-INV03-SB01.CorrenteCC_09: double
CLS01.2-INV03-SB01.CorrenteCC_10: double
CLS01.2-INV03-SB01.CorrenteCC_11: double
CLS01.2-INV03-SB01.CorrenteCC_12: double
CLS01.2-INV03-SB01.CorrenteCC_13: double
CLS01.2-INV03-SB01.CorrenteCC_14: double
CLS01.2-INV03-SB01.CorrenteCC_15: double
CLS01.2-INV03-SB01.CorrenteCC_16: double
CLS01.2-INV03-SB01.TensaoCC: double
CLS01.2-INV03-SB01-TR001.PosAngAlvo: double
CLS01.2-INV03-SB01-TR001.PosAngAtual: double
CLS01.2-INV03-SB01-TR002.PosAngAlvo: double
CLS01.2-INV03-SB01-TR002.PosAngAtual: double
CLS01.2-INV03-SB01-TR003.PosAngAlvo: double
CLS01.2-INV03-SB01-TR003.PosAngAtual: double
CLS01.2-INV03-SB01-TR004.PosAngAlvo: double
CLS01.2-INV03-SB01-TR004.PosAngAtual: double
CLS01.2-INV03-SB02.CorrenteCC_01: double
CLS01.2-INV03-SB02.CorrenteCC_02: double
CLS01.2-INV03-SB02.CorrenteCC_03: double
CLS01.2-INV03-SB02.CorrenteCC_04: double
CLS01.2-INV03-SB02.CorrenteCC_05: double
CLS01.2-INV03-SB02.CorrenteCC_06: double
CLS01.2-INV03-SB02.CorrenteCC_07: double
CLS01.2-INV03-SB02.CorrenteCC_08: double
CLS01.2-INV03-SB02.CorrenteCC_09: double
CLS01.2-INV03-SB02.CorrenteCC_10: double
CLS01.2-INV03-SB02.CorrenteCC_11: double
CLS01.2-INV03-SB02.CorrenteCC_12: double
CLS01.2-INV03-SB02.CorrenteCC_13: double
CLS01.2-INV03-SB02.CorrenteCC_14: double
CLS01.2-INV03-SB02.CorrenteCC_15: double
CLS01.2-INV03-SB02.CorrenteCC_16: double
CLS01.2-INV03-SB02.TensaoCC: double
CLS01.2-INV03-SB02-TR005.PosAngAlvo: double
CLS01.2-INV03-SB02-TR005.PosAngAtual: double
CLS01.2-INV03-SB02-TR006.PosAngAlvo: double
CLS01.2-INV03-SB02-TR006.PosAngAtual: double
CLS01.2-INV03-SB02-TR007.PosAngAlvo: double
CLS01.2-INV03-SB02-TR007.PosAngAtual: double
CLS01.2-INV03-SB02-TR008.PosAngAlvo: double
CLS01.2-INV03-SB02-TR008.PosAngAtual: double
CLS01.2-INV03-SB03.CorrenteCC_01: double
CLS01.2-INV03-SB03.CorrenteCC_02: double
CLS01.2-INV03-SB03.CorrenteCC_03: double
CLS01.2-INV03-SB03.CorrenteCC_04: double
CLS01.2-INV03-SB03.CorrenteCC_05: double
CLS01.2-INV03-SB03.CorrenteCC_06: double
CLS01.2-INV03-SB03.CorrenteCC_07: double
CLS01.2-INV03-SB03.CorrenteCC_08: double
CLS01.2-INV03-SB03.CorrenteCC_09: double
CLS01.2-INV03-SB03.CorrenteCC_10: double
CLS01.2-INV03-SB03.CorrenteCC_11: double
CLS01.2-INV03-SB03.CorrenteCC_12: double
CLS01.2-INV03-SB03.CorrenteCC_13: double
CLS01.2-INV03-SB03.CorrenteCC_14: double
CLS01.2-INV03-SB03.CorrenteCC_15: double
CLS01.2-INV03-SB03.CorrenteCC_16: double
CLS01.2-INV03-SB03.TensaoCC: double
CLS01.2-INV03-SB03-TR009.PosAngAlvo: double
CLS01.2-INV03-SB03-TR009.PosAngAtual: double
CLS01.2-INV03-SB03-TR010.PosAngAlvo: double
CLS01.2-INV03-SB03-TR010.PosAngAtual: double
CLS01.2-INV03-SB03-TR011.PosAngAlvo: double
CLS01.2-INV03-SB03-TR011.PosAngAtual: double
CLS01.2-INV03-SB03-TR012.PosAngAlvo: double
CLS01.2-INV03-SB03-TR012.PosAngAtual: double
CLS01.2-INV03-SB04.CorrenteCC_01: double
CLS01.2-INV03-SB04.CorrenteCC_02: double
CLS01.2-INV03-SB04.CorrenteCC_03: double
CLS01.2-INV03-SB04.CorrenteCC_04: double
CLS01.2-INV03-SB04.CorrenteCC_05: double
CLS01.2-INV03-SB04.CorrenteCC_06: double
CLS01.2-INV03-SB04.CorrenteCC_07: double
CLS01.2-INV03-SB04.CorrenteCC_08: double
CLS01.2-INV03-SB04.CorrenteCC_09: double
CLS01.2-INV03-SB04.CorrenteCC_10: double
CLS01.2-INV03-SB04.CorrenteCC_11: double
CLS01.2-INV03-SB04.CorrenteCC_12: double
CLS01.2-INV03-SB04.CorrenteCC_13: double
CLS01.2-INV03-SB04.CorrenteCC_14: double
CLS01.2-INV03-SB04.CorrenteCC_15: double
CLS01.2-INV03-SB04.CorrenteCC_16: double
CLS01.2-INV03-SB04.TensaoCC: double
CLS01.2-INV03-SB04-TR013.PosAngAlvo: double
CLS01.2-INV03-SB04-TR013.PosAngAtual: double
CLS01.2-INV03-SB04-TR014.PosAngAlvo: double
CLS01.2-INV03-SB04-TR014.PosAngAtual: double
CLS01.2-INV03-SB04-TR015.PosAngAlvo: double
CLS01.2-INV03-SB04-TR015.PosAngAtual: double
CLS01.2-INV03-SB04-TR016.PosAngAlvo: double
CLS01.2-INV03-SB04-TR016.PosAngAtual: double
CLS01.2-INV04.CorA: double
CLS01.2-INV04.CorB: double
CLS01.2-INV04.CorC: double
CLS01.2-INV04.CorrenteCC: double
CLS01.2-INV04.PotAt: double
CLS01.2-INV04.TenAB: double
CLS01.2-INV04.TenBC: double
CLS01.2-INV04.TenCA: double
CLS01.2-INV04.TensaoCC: double
CLS01.2-INV04-SB09.CorrenteCC_01: double
CLS01.2-INV04-SB09.CorrenteCC_02: double
CLS01.2-INV04-SB09.CorrenteCC_03: double
CLS01.2-INV04-SB09.CorrenteCC_04: double
CLS01.2-INV04-SB09.CorrenteCC_05: double
CLS01.2-INV04-SB09.CorrenteCC_06: double
CLS01.2-INV04-SB09.CorrenteCC_07: double
CLS01.2-INV04-SB09.CorrenteCC_08: double
CLS01.2-INV04-SB09.CorrenteCC_09: double
CLS01.2-INV04-SB09.CorrenteCC_10: double
CLS01.2-INV04-SB09.CorrenteCC_11: double
CLS01.2-INV04-SB09.CorrenteCC_12: double
CLS01.2-INV04-SB09.CorrenteCC_13: double
CLS01.2-INV04-SB09.CorrenteCC_14: double
CLS01.2-INV04-SB09.CorrenteCC_15: double
CLS01.2-INV04-SB09.CorrenteCC_16: double
CLS01.2-INV04-SB09.TensaoCC: double
CLS01.2-INV04-SB09-TR033.PosAngAlvo: double
CLS01.2-INV04-SB09-TR033.PosAngAtual: double
CLS01.2-INV04-SB09-TR034.PosAngAlvo: double
CLS01.2-INV04-SB09-TR034.PosAngAtual: double
CLS01.2-INV04-SB09-TR035.PosAngAlvo: double
CLS01.2-INV04-SB09-TR035.PosAngAtual: double
CLS01.2-INV04-SB09-TR036.PosAngAlvo: double
CLS01.2-INV04-SB09-TR036.PosAngAtual: double
CLS01.2-INV04-SB10.CorrenteCC_01: double
CLS01.2-INV04-SB10.CorrenteCC_02: double
CLS01.2-INV04-SB10.CorrenteCC_03: double
CLS01.2-INV04-SB10.CorrenteCC_04: double
CLS01.2-INV04-SB10.CorrenteCC_05: double
CLS01.2-INV04-SB10.CorrenteCC_06: double
CLS01.2-INV04-SB10.CorrenteCC_07: double
CLS01.2-INV04-SB10.CorrenteCC_08: double
CLS01.2-INV04-SB10.CorrenteCC_09: double
CLS01.2-INV04-SB10.CorrenteCC_10: double
CLS01.2-INV04-SB10.CorrenteCC_11: double
CLS01.2-INV04-SB10.CorrenteCC_12: double
CLS01.2-INV04-SB10.CorrenteCC_13: double
CLS01.2-INV04-SB10.CorrenteCC_14: double
CLS01.2-INV04-SB10.CorrenteCC_15: double
CLS01.2-INV04-SB10.CorrenteCC_16: double
CLS01.2-INV04-SB10.TensaoCC: double
CLS01.2-INV04-SB10-TR037.PosAngAlvo: double
CLS01.2-INV04-SB10-TR037.PosAngAtual: double
CLS01.2-INV04-SB10-TR038.PosAngAlvo: double
CLS01.2-INV04-SB10-TR038.PosAngAtual: double
CLS01.2-INV04-SB10-TR039.PosAngAlvo: double
CLS01.2-INV04-SB10-TR039.PosAngAtual: double
CLS01.2-INV04-SB10-TR040.PosAngAlvo: double
CLS01.2-INV04-SB10-TR040.PosAngAtual: double
CLS01.2-INV04-SB11.CorrenteCC_01: double
CLS01.2-INV04-SB11.CorrenteCC_02: double
CLS01.2-INV04-SB11.CorrenteCC_03: double
CLS01.2-INV04-SB11.CorrenteCC_04: double
CLS01.2-INV04-SB11.CorrenteCC_05: double
CLS01.2-INV04-SB11.CorrenteCC_06: double
CLS01.2-INV04-SB11.CorrenteCC_07: double
CLS01.2-INV04-SB11.CorrenteCC_08: double
CLS01.2-INV04-SB11.CorrenteCC_09: double
CLS01.2-INV04-SB11.CorrenteCC_10: double
CLS01.2-INV04-SB11.CorrenteCC_11: double
CLS01.2-INV04-SB11.CorrenteCC_12: double
CLS01.2-INV04-SB11.CorrenteCC_13: double
CLS01.2-INV04-SB11.CorrenteCC_14: double
CLS01.2-INV04-SB11.CorrenteCC_15: double
CLS01.2-INV04-SB11.CorrenteCC_16: double
CLS01.2-INV04-SB11.TensaoCC: double
CLS01.2-INV04-SB11-TR041.PosAngAlvo: double
CLS01.2-INV04-SB11-TR041.PosAngAtual: double
CLS01.2-INV04-SB11-TR042.PosAngAlvo: double
CLS01.2-INV04-SB11-TR042.PosAngAtual: double
CLS01.2-INV04-SB11-TR043.PosAngAlvo: double
CLS01.2-INV04-SB11-TR043.PosAngAtual: double
CLS01.2-INV04-SB11-TR044.PosAngAlvo: double
CLS01.2-INV04-SB11-TR044.PosAngAtual: double
CLS01.2-INV04-SB12.CorrenteCC_01: double
CLS01.2-INV04-SB12.CorrenteCC_02: double
CLS01.2-INV04-SB12.CorrenteCC_03: double
CLS01.2-INV04-SB12.CorrenteCC_04: double
CLS01.2-INV04-SB12.CorrenteCC_05: double
CLS01.2-INV04-SB12.CorrenteCC_06: double
CLS01.2-INV04-SB12.CorrenteCC_07: double
CLS01.2-INV04-SB12.CorrenteCC_08: double
CLS01.2-INV04-SB12.CorrenteCC_09: double
CLS01.2-INV04-SB12.CorrenteCC_10: double
CLS01.2-INV04-SB12.CorrenteCC_11: double
CLS01.2-INV04-SB12.CorrenteCC_12: double
CLS01.2-INV04-SB12.CorrenteCC_13: double
CLS01.2-INV04-SB12.CorrenteCC_14: double
CLS01.2-INV04-SB12.CorrenteCC_15: double
CLS01.2-INV04-SB12.CorrenteCC_16: double
CLS01.2-INV04-SB12.TensaoCC: double
CLS01.2-INV04-SB12-TR045.PosAngAlvo: double
CLS01.2-INV04-SB12-TR045.PosAngAtual: double
CLS01.2-INV04-SB12-TR046.PosAngAlvo: double
CLS01.2-INV04-SB12-TR046.PosAngAtual: double
CLS01.2-INV04-SB12-TR047.PosAngAlvo: double
CLS01.2-INV04-SB12-TR047.PosAngAtual: double
CLS01.2-INV04-SB12-TR048.PosAngAlvo: double
CLS01.2-INV04-SB12-TR048.PosAngAtual: double
CLS01.2-INV05.CorA: double
CLS01.2-INV05.CorB: double
CLS01.2-INV05.CorC: double
CLS01.2-INV05.CorrenteCC: double
CLS01.2-INV05.PotAt: double
CLS01.2-INV05.TenAB: double
CLS01.2-INV05.TenBC: double
CLS01.2-INV05.TenCA: double
CLS01.2-INV05.TensaoCC: double
CLS01.2-INV05-SB17.CorrenteCC_01: double
CLS01.2-INV05-SB17.CorrenteCC_02: double
CLS01.2-INV05-SB17.CorrenteCC_03: double
CLS01.2-INV05-SB17.CorrenteCC_04: double
CLS01.2-INV05-SB17.CorrenteCC_05: double
CLS01.2-INV05-SB17.CorrenteCC_06: double
CLS01.2-INV05-SB17.CorrenteCC_07: double
CLS01.2-INV05-SB17.CorrenteCC_08: double
CLS01.2-INV05-SB17.CorrenteCC_09: double
CLS01.2-INV05-SB17.CorrenteCC_10: double
CLS01.2-INV05-SB17.CorrenteCC_11: double
CLS01.2-INV05-SB17.CorrenteCC_12: double
CLS01.2-INV05-SB17.CorrenteCC_13: double
CLS01.2-INV05-SB17.CorrenteCC_14: double
CLS01.2-INV05-SB17.CorrenteCC_15: double
CLS01.2-INV05-SB17.CorrenteCC_16: double
CLS01.2-INV05-SB17.TensaoCC: double
CLS01.2-INV05-SB17-TR065.PosAngAlvo: double
CLS01.2-INV05-SB17-TR065.PosAngAtual: double
CLS01.2-INV05-SB17-TR066.PosAngAlvo: double
CLS01.2-INV05-SB17-TR066.PosAngAtual: double
CLS01.2-INV05-SB17-TR067.PosAngAlvo: double
CLS01.2-INV05-SB17-TR067.PosAngAtual: double
CLS01.2-INV05-SB17-TR068.PosAngAlvo: double
CLS01.2-INV05-SB17-TR068.PosAngAtual: double
CLS01.2-INV05-SB18.CorrenteCC_01: double
CLS01.2-INV05-SB18.CorrenteCC_02: double
CLS01.2-INV05-SB18.CorrenteCC_03: double
CLS01.2-INV05-SB18.CorrenteCC_04: double
CLS01.2-INV05-SB18.CorrenteCC_05: double
CLS01.2-INV05-SB18.CorrenteCC_06: double
CLS01.2-INV05-SB18.CorrenteCC_07: double
CLS01.2-INV05-SB18.CorrenteCC_08: double
CLS01.2-INV05-SB18.CorrenteCC_09: double
CLS01.2-INV05-SB18.CorrenteCC_10: double
CLS01.2-INV05-SB18.CorrenteCC_11: double
CLS01.2-INV05-SB18.CorrenteCC_12: double
CLS01.2-INV05-SB18.CorrenteCC_13: double
CLS01.2-INV05-SB18.CorrenteCC_14: double
CLS01.2-INV05-SB18.CorrenteCC_15: double
CLS01.2-INV05-SB18.CorrenteCC_16: double
CLS01.2-INV05-SB18.TensaoCC: double
CLS01.2-INV05-SB18-TR069.PosAngAlvo: double
CLS01.2-INV05-SB18-TR069.PosAngAtual: double
CLS01.2-INV05-SB18-TR070.PosAngAlvo: double
CLS01.2-INV05-SB18-TR070.PosAngAtual: double
CLS01.2-INV05-SB18-TR071.PosAngAlvo: double
CLS01.2-INV05-SB18-TR071.PosAngAtual: double
CLS01.2-INV05-SB18-TR072.PosAngAlvo: double
CLS01.2-INV05-SB18-TR072.PosAngAtual: double
CLS01.2-INV05-SB19.CorrenteCC_01: double
CLS01.2-INV05-SB19.CorrenteCC_02: double
CLS01.2-INV05-SB19.CorrenteCC_03: double
CLS01.2-INV05-SB19.CorrenteCC_04: double
CLS01.2-INV05-SB19.CorrenteCC_05: double
CLS01.2-INV05-SB19.CorrenteCC_06: double
CLS01.2-INV05-SB19.CorrenteCC_07: double
CLS01.2-INV05-SB19.CorrenteCC_08: double
CLS01.2-INV05-SB19.CorrenteCC_09: double
CLS01.2-INV05-SB19.CorrenteCC_10: double
CLS01.2-INV05-SB19.CorrenteCC_11: double
CLS01.2-INV05-SB19.CorrenteCC_12: double
CLS01.2-INV05-SB19.CorrenteCC_13: double
CLS01.2-INV05-SB19.CorrenteCC_14: double
CLS01.2-INV05-SB19.CorrenteCC_15: double
CLS01.2-INV05-SB19.CorrenteCC_16: double
CLS01.2-INV05-SB19.TensaoCC: double
CLS01.2-INV05-SB19-TR073.PosAngAlvo: double
CLS01.2-INV05-SB19-TR073.PosAngAtual: double
CLS01.2-INV05-SB19-TR074.PosAngAlvo: double
CLS01.2-INV05-SB19-TR074.PosAngAtual: double
CLS01.2-INV05-SB19-TR075.PosAngAlvo: double
CLS01.2-INV05-SB19-TR075.PosAngAtual: double
CLS01.2-INV05-SB19-TR076.PosAngAlvo: double
CLS01.2-INV05-SB19-TR076.PosAngAtual: double
CLS01.2-INV05-SB20.CorrenteCC_01: double
CLS01.2-INV05-SB20.CorrenteCC_02: double
CLS01.2-INV05-SB20.CorrenteCC_03: double
CLS01.2-INV05-SB20.CorrenteCC_04: double
CLS01.2-INV05-SB20.CorrenteCC_05: double
CLS01.2-INV05-SB20.CorrenteCC_06: double
CLS01.2-INV05-SB20.CorrenteCC_07: double
CLS01.2-INV05-SB20.CorrenteCC_08: double
CLS01.2-INV05-SB20.CorrenteCC_09: double
CLS01.2-INV05-SB20.CorrenteCC_10: double
CLS01.2-INV05-SB20.CorrenteCC_11: double
CLS01.2-INV05-SB20.CorrenteCC_12: double
CLS01.2-INV05-SB20.CorrenteCC_13: double
CLS01.2-INV05-SB20.CorrenteCC_14: double
CLS01.2-INV05-SB20.CorrenteCC_15: double
CLS01.2-INV05-SB20.CorrenteCC_16: double
CLS01.2-INV05-SB20.TensaoCC: double
CLS01.2-INV05-SB20-TR077.PosAngAlvo: double
CLS01.2-INV05-SB20-TR077.PosAngAtual: double
CLS01.2-INV05-SB20-TR078.PosAngAlvo: double
CLS01.2-INV05-SB20-TR078.PosAngAtual: double
CLS01.2-INV05-SB20-TR079.PosAngAlvo: double
CLS01.2-INV05-SB20-TR079.PosAngAtual: double
CLS01.2-INV05-SB20-TR080.PosAngAlvo: double
CLS01.2-INV05-SB20-TR080.PosAngAtual: double
CLS01.2-INV06.CorA: double
CLS01.2-INV06.CorB: double
CLS01.2-INV06.CorC: double
CLS01.2-INV06.CorrenteCC: double
CLS01.2-INV06.PotAt: double
CLS01.2-INV06.TenAB: double
CLS01.2-INV06.TenBC: double
CLS01.2-INV06.TenCA: double
CLS01.2-INV06.TensaoCC: double
CLS01.2-INV06-SB25.CorrenteCC_01: double
CLS01.2-INV06-SB25.CorrenteCC_02: double
CLS01.2-INV06-SB25.CorrenteCC_03: double
CLS01.2-INV06-SB25.CorrenteCC_04: double
CLS01.2-INV06-SB25.CorrenteCC_05: double
CLS01.2-INV06-SB25.CorrenteCC_06: double
CLS01.2-INV06-SB25.CorrenteCC_07: double
CLS01.2-INV06-SB25.CorrenteCC_08: double
CLS01.2-INV06-SB25.CorrenteCC_09: double
CLS01.2-INV06-SB25.CorrenteCC_10: double
CLS01.2-INV06-SB25.CorrenteCC_11: double
CLS01.2-INV06-SB25.CorrenteCC_12: double
CLS01.2-INV06-SB25.CorrenteCC_13: double
CLS01.2-INV06-SB25.CorrenteCC_14: double
CLS01.2-INV06-SB25.CorrenteCC_15: double
CLS01.2-INV06-SB25.CorrenteCC_16: double
CLS01.2-INV06-SB25.TensaoCC: double
CLS01.2-INV06-SB25-TR097.PosAngAlvo: double
CLS01.2-INV06-SB25-TR097.PosAngAtual: double
CLS01.2-INV06-SB25-TR098.PosAngAlvo: double
CLS01.2-INV06-SB25-TR098.PosAngAtual: double
CLS01.2-INV06-SB25-TR099.PosAngAlvo: double
CLS01.2-INV06-SB25-TR099.PosAngAtual: double
CLS01.2-INV06-SB25-TR100.PosAngAlvo: double
CLS01.2-INV06-SB25-TR100.PosAngAtual: double
CLS01.2-INV06-SB26.CorrenteCC_01: double
CLS01.2-INV06-SB26.CorrenteCC_02: double
CLS01.2-INV06-SB26.CorrenteCC_03: double
CLS01.2-INV06-SB26.CorrenteCC_04: double
CLS01.2-INV06-SB26.CorrenteCC_05: double
CLS01.2-INV06-SB26.CorrenteCC_06: double
CLS01.2-INV06-SB26.CorrenteCC_07: double
CLS01.2-INV06-SB26.CorrenteCC_08: double
CLS01.2-INV06-SB26.CorrenteCC_09: double
CLS01.2-INV06-SB26.CorrenteCC_10: double
CLS01.2-INV06-SB26.CorrenteCC_11: double
CLS01.2-INV06-SB26.CorrenteCC_12: double
CLS01.2-INV06-SB26.CorrenteCC_13: double
CLS01.2-INV06-SB26.CorrenteCC_14: double
CLS01.2-INV06-SB26.CorrenteCC_15: double
CLS01.2-INV06-SB26.CorrenteCC_16: double
CLS01.2-INV06-SB26.TensaoCC: double
CLS01.2-INV06-SB26-TR101.PosAngAlvo: double
CLS01.2-INV06-SB26-TR101.PosAngAtual: double
CLS01.2-INV06-SB26-TR102.PosAngAlvo: double
CLS01.2-INV06-SB26-TR102.PosAngAtual: double
CLS01.2-INV06-SB26-TR103.PosAngAlvo: double
CLS01.2-INV06-SB26-TR103.PosAngAtual: double
CLS01.2-INV06-SB26-TR104.PosAngAlvo: double
CLS01.2-INV06-SB26-TR104.PosAngAtual: double
CLS01.2-INV06-SB27.CorrenteCC_01: double
CLS01.2-INV06-SB27.CorrenteCC_02: double
CLS01.2-INV06-SB27.CorrenteCC_03: double
CLS01.2-INV06-SB27.CorrenteCC_04: double
CLS01.2-INV06-SB27.CorrenteCC_05: double
CLS01.2-INV06-SB27.CorrenteCC_06: double
CLS01.2-INV06-SB27.CorrenteCC_07: double
CLS01.2-INV06-SB27.CorrenteCC_08: double
CLS01.2-INV06-SB27.CorrenteCC_09: double
CLS01.2-INV06-SB27.CorrenteCC_10: double
CLS01.2-INV06-SB27.CorrenteCC_11: double
CLS01.2-INV06-SB27.CorrenteCC_12: double
CLS01.2-INV06-SB27.CorrenteCC_13: double
CLS01.2-INV06-SB27.CorrenteCC_14: double
CLS01.2-INV06-SB27.CorrenteCC_15: double
CLS01.2-INV06-SB27.CorrenteCC_16: double
CLS01.2-INV06-SB27.TensaoCC: double
CLS01.2-INV06-SB27-TR105.PosAngAlvo: double
CLS01.2-INV06-SB27-TR105.PosAngAtual: double
CLS01.2-INV06-SB27-TR106.PosAngAlvo: double
CLS01.2-INV06-SB27-TR106.PosAngAtual: double
CLS01.2-INV06-SB27-TR107.PosAngAlvo: double
CLS01.2-INV06-SB27-TR107.PosAngAtual: double
CLS01.2-INV06-SB27-TR108.PosAngAlvo: double
CLS01.2-INV06-SB27-TR108.PosAngAtual: double
CLS01.2-INV06-SB28.CorrenteCC_01: double
CLS01.2-INV06-SB28.CorrenteCC_02: double
CLS01.2-INV06-SB28.CorrenteCC_03: double
CLS01.2-INV06-SB28.CorrenteCC_04: double
CLS01.2-INV06-SB28.CorrenteCC_05: double
CLS01.2-INV06-SB28.CorrenteCC_06: double
CLS01.2-INV06-SB28.CorrenteCC_07: double
CLS01.2-INV06-SB28.CorrenteCC_08: double
CLS01.2-INV06-SB28.CorrenteCC_09: double
CLS01.2-INV06-SB28.CorrenteCC_10: double
CLS01.2-INV06-SB28.CorrenteCC_11: double
CLS01.2-INV06-SB28.CorrenteCC_12: double
CLS01.2-INV06-SB28.CorrenteCC_13: double
CLS01.2-INV06-SB28.CorrenteCC_14: double
CLS01.2-INV06-SB28.CorrenteCC_15: double
CLS01.2-INV06-SB28.CorrenteCC_16: double
CLS01.2-INV06-SB28.TensaoCC: double
CLS01.2-INV06-SB28-TR109.PosAngAlvo: double
CLS01.2-INV06-SB28-TR109.PosAngAtual: double
CLS01.2-INV06-SB28-TR110.PosAngAlvo: double
CLS01.2-INV06-SB28-TR110.PosAngAtual: double
CLS01.2-INV06-SB28-TR111.PosAngAlvo: double
CLS01.2-INV06-SB28-TR111.PosAngAtual: double
CLS01.2-INV06-SB28-TR112.PosAngAlvo: double
CLS01.2-INV06-SB28-TR112.PosAngAtual: double
CLS01.2-INV07.CorA: double
CLS01.2-INV07.CorB: double
CLS01.2-INV07.CorC: double
CLS01.2-INV07.CorrenteCC: double
CLS01.2-INV07.PotAt: double
CLS01.2-INV07.TenAB: double
CLS01.2-INV07.TenBC: double
CLS01.2-INV07.TenCA: double
CLS01.2-INV07.TensaoCC: double
CLS01.2-INV07-SB29.CorrenteCC_01: double
CLS01.2-INV07-SB29.CorrenteCC_02: double
CLS01.2-INV07-SB29.CorrenteCC_03: double
CLS01.2-INV07-SB29.CorrenteCC_04: double
CLS01.2-INV07-SB29.CorrenteCC_05: double
CLS01.2-INV07-SB29.CorrenteCC_06: double
CLS01.2-INV07-SB29.CorrenteCC_07: double
CLS01.2-INV07-SB29.CorrenteCC_08: double
CLS01.2-INV07-SB29.CorrenteCC_09: double
CLS01.2-INV07-SB29.CorrenteCC_10: double
CLS01.2-INV07-SB29.CorrenteCC_11: double
CLS01.2-INV07-SB29.CorrenteCC_12: double
CLS01.2-INV07-SB29.CorrenteCC_13: double
CLS01.2-INV07-SB29.CorrenteCC_14: double
CLS01.2-INV07-SB29.CorrenteCC_15: double
CLS01.2-INV07-SB29.CorrenteCC_16: double
CLS01.2-INV07-SB29.TensaoCC: double
CLS01.2-INV07-SB29-TR113.PosAngAlvo: double
CLS01.2-INV07-SB29-TR113.PosAngAtual: double
CLS01.2-INV07-SB29-TR114.PosAngAlvo: double
CLS01.2-INV07-SB29-TR114.PosAngAtual: double
CLS01.2-INV07-SB29-TR115.PosAngAlvo: double
CLS01.2-INV07-SB29-TR115.PosAngAtual: double
CLS01.2-INV07-SB29-TR116.PosAngAlvo: double
CLS01.2-INV07-SB29-TR116.PosAngAtual: double
CLS01.2-INV07-SB30.CorrenteCC_01: double
CLS01.2-INV07-SB30.CorrenteCC_02: double
CLS01.2-INV07-SB30.CorrenteCC_03: double
CLS01.2-INV07-SB30.CorrenteCC_04: double
CLS01.2-INV07-SB30.CorrenteCC_05: double
CLS01.2-INV07-SB30.CorrenteCC_06: double
CLS01.2-INV07-SB30.CorrenteCC_07: double
CLS01.2-INV07-SB30.CorrenteCC_08: double
CLS01.2-INV07-SB30.CorrenteCC_09: double
CLS01.2-INV07-SB30.CorrenteCC_10: double
CLS01.2-INV07-SB30.CorrenteCC_11: double
CLS01.2-INV07-SB30.CorrenteCC_12: double
CLS01.2-INV07-SB30.CorrenteCC_13: double
CLS01.2-INV07-SB30.CorrenteCC_14: double
CLS01.2-INV07-SB30.CorrenteCC_15: double
CLS01.2-INV07-SB30.CorrenteCC_16: double
CLS01.2-INV07-SB30.TensaoCC: double
CLS01.2-INV07-SB30-TR117.PosAngAlvo: double
CLS01.2-INV07-SB30-TR117.PosAngAtual: double
CLS01.2-INV07-SB30-TR118.PosAngAlvo: double
CLS01.2-INV07-SB30-TR118.PosAngAtual: double
CLS01.2-INV07-SB30-TR119.PosAngAlvo: double
CLS01.2-INV07-SB30-TR119.PosAngAtual: double
CLS01.2-INV07-SB30-TR120.PosAngAlvo: double
CLS01.2-INV07-SB30-TR120.PosAngAtual: double
CLS01.2-INV07-SB31.CorrenteCC_01: double
CLS01.2-INV07-SB31.CorrenteCC_02: double
CLS01.2-INV07-SB31.CorrenteCC_03: double
CLS01.2-INV07-SB31.CorrenteCC_04: double
CLS01.2-INV07-SB31.CorrenteCC_05: double
CLS01.2-INV07-SB31.CorrenteCC_06: double
CLS01.2-INV07-SB31.CorrenteCC_07: double
CLS01.2-INV07-SB31.CorrenteCC_08: double
CLS01.2-INV07-SB31.CorrenteCC_09: double
CLS01.2-INV07-SB31.CorrenteCC_10: double
CLS01.2-INV07-SB31.CorrenteCC_11: double
CLS01.2-INV07-SB31.CorrenteCC_12: double
CLS01.2-INV07-SB31.CorrenteCC_13: double
CLS01.2-INV07-SB31.CorrenteCC_14: double
CLS01.2-INV07-SB31.CorrenteCC_15: double
CLS01.2-INV07-SB31.CorrenteCC_16: double
CLS01.2-INV07-SB31.TensaoCC: double
CLS01.2-INV07-SB31-TR121.PosAngAlvo: double
CLS01.2-INV07-SB31-TR121.PosAngAtual: double
CLS01.2-INV07-SB31-TR122.PosAngAlvo: double
CLS01.2-INV07-SB31-TR122.PosAngAtual: double
CLS01.2-INV07-SB31-TR123.PosAngAlvo: double
CLS01.2-INV07-SB31-TR123.PosAngAtual: double
CLS01.2-INV07-SB31-TR124.PosAngAlvo: double
CLS01.2-INV07-SB31-TR124.PosAngAtual: double
CLS01.2-INV07-SB32.CorrenteCC_01: double
CLS01.2-INV07-SB32.CorrenteCC_02: double
CLS01.2-INV07-SB32.CorrenteCC_03: double
CLS01.2-INV07-SB32.CorrenteCC_04: double
CLS01.2-INV07-SB32.CorrenteCC_05: double
CLS01.2-INV07-SB32.CorrenteCC_06: double
CLS01.2-INV07-SB32.CorrenteCC_07: double
CLS01.2-INV07-SB32.CorrenteCC_08: double
CLS01.2-INV07-SB32.CorrenteCC_09: double
CLS01.2-INV07-SB32.CorrenteCC_10: double
CLS01.2-INV07-SB32.CorrenteCC_11: double
CLS01.2-INV07-SB32.CorrenteCC_12: double
CLS01.2-INV07-SB32.CorrenteCC_13: double
CLS01.2-INV07-SB32.CorrenteCC_14: double
CLS01.2-INV07-SB32.CorrenteCC_15: double
CLS01.2-INV07-SB32.CorrenteCC_16: double
CLS01.2-INV07-SB32.TensaoCC: double
CLS01.2-INV07-SB32-TR125.PosAngAlvo: double
CLS01.2-INV07-SB32-TR125.PosAngAtual: double
CLS01.2-INV07-SB32-TR126.PosAngAlvo: double
CLS01.2-INV07-SB32-TR126.PosAngAtual: double
CLS01.2-INV07-SB32-TR127.PosAngAlvo: double
CLS01.2-INV07-SB32-TR127.PosAngAtual: double
CLS01.2-INV07-SB32-TR128.PosAngAlvo: double
CLS01.2-INV07-SB32-TR128.PosAngAtual: double
CLS01.2-INV08.CorA: double
CLS01.2-INV08.CorB: double
CLS01.2-INV08.CorC: double
CLS01.2-INV08.CorrenteCC: double
CLS01.2-INV08.PotAt: double
CLS01.2-INV08.TenAB: double
CLS01.2-INV08.TenBC: double
CLS01.2-INV08.TenCA: double
CLS01.2-INV08.TensaoCC: double
CLS01.2-INV08-SB21.CorrenteCC_01: double
CLS01.2-INV08-SB21.CorrenteCC_02: double
CLS01.2-INV08-SB21.CorrenteCC_03: double
CLS01.2-INV08-SB21.CorrenteCC_04: double
CLS01.2-INV08-SB21.CorrenteCC_05: double
CLS01.2-INV08-SB21.CorrenteCC_06: double
CLS01.2-INV08-SB21.CorrenteCC_07: double
CLS01.2-INV08-SB21.CorrenteCC_08: double
CLS01.2-INV08-SB21.CorrenteCC_09: double
CLS01.2-INV08-SB21.CorrenteCC_10: double
CLS01.2-INV08-SB21.CorrenteCC_11: double
CLS01.2-INV08-SB21.CorrenteCC_12: double
CLS01.2-INV08-SB21.CorrenteCC_13: double
CLS01.2-INV08-SB21.CorrenteCC_14: double
CLS01.2-INV08-SB21.CorrenteCC_15: double
CLS01.2-INV08-SB21.CorrenteCC_16: double
CLS01.2-INV08-SB21.TensaoCC: double
CLS01.2-INV08-SB21-TR081.PosAngAlvo: double
CLS01.2-INV08-SB21-TR081.PosAngAtual: double
CLS01.2-INV08-SB21-TR082.PosAngAlvo: double
CLS01.2-INV08-SB21-TR082.PosAngAtual: double
CLS01.2-INV08-SB21-TR083.PosAngAlvo: double
CLS01.2-INV08-SB21-TR083.PosAngAtual: double
CLS01.2-INV08-SB21-TR084.PosAngAlvo: double
CLS01.2-INV08-SB21-TR084.PosAngAtual: double
CLS01.2-INV08-SB22.CorrenteCC_01: double
CLS01.2-INV08-SB22.CorrenteCC_02: double
CLS01.2-INV08-SB22.CorrenteCC_03: double
CLS01.2-INV08-SB22.CorrenteCC_04: double
CLS01.2-INV08-SB22.CorrenteCC_05: double
CLS01.2-INV08-SB22.CorrenteCC_06: double
CLS01.2-INV08-SB22.CorrenteCC_07: double
CLS01.2-INV08-SB22.CorrenteCC_08: double
CLS01.2-INV08-SB22.CorrenteCC_09: double
CLS01.2-INV08-SB22.CorrenteCC_10: double
CLS01.2-INV08-SB22.CorrenteCC_11: double
CLS01.2-INV08-SB22.CorrenteCC_12: double
CLS01.2-INV08-SB22.CorrenteCC_13: double
CLS01.2-INV08-SB22.CorrenteCC_14: double
CLS01.2-INV08-SB22.CorrenteCC_15: double
CLS01.2-INV08-SB22.CorrenteCC_16: double
CLS01.2-INV08-SB22.TensaoCC: double
CLS01.2-INV08-SB22-TR085.PosAngAlvo: double
CLS01.2-INV08-SB22-TR085.PosAngAtual: double
CLS01.2-INV08-SB22-TR086.PosAngAlvo: double
CLS01.2-INV08-SB22-TR086.PosAngAtual: double
CLS01.2-INV08-SB22-TR087.PosAngAlvo: double
CLS01.2-INV08-SB22-TR087.PosAngAtual: double
CLS01.2-INV08-SB22-TR088.PosAngAlvo: double
CLS01.2-INV08-SB22-TR088.PosAngAtual: double
CLS01.2-INV08-SB23.CorrenteCC_01: double
CLS01.2-INV08-SB23.CorrenteCC_02: double
CLS01.2-INV08-SB23.CorrenteCC_03: double
CLS01.2-INV08-SB23.CorrenteCC_04: double
CLS01.2-INV08-SB23.CorrenteCC_05: double
CLS01.2-INV08-SB23.CorrenteCC_06: double
CLS01.2-INV08-SB23.CorrenteCC_07: double
CLS01.2-INV08-SB23.CorrenteCC_08: double
CLS01.2-INV08-SB23.CorrenteCC_09: double
CLS01.2-INV08-SB23.CorrenteCC_10: double
CLS01.2-INV08-SB23.CorrenteCC_11: double
CLS01.2-INV08-SB23.CorrenteCC_12: double
CLS01.2-INV08-SB23.CorrenteCC_13: double
CLS01.2-INV08-SB23.CorrenteCC_14: double
CLS01.2-INV08-SB23.CorrenteCC_15: double
CLS01.2-INV08-SB23.CorrenteCC_16: double
CLS01.2-INV08-SB23.TensaoCC: double
CLS01.2-INV08-SB23-TR089.PosAngAlvo: double
CLS01.2-INV08-SB23-TR089.PosAngAtual: double
CLS01.2-INV08-SB23-TR090.PosAngAlvo: double
CLS01.2-INV08-SB23-TR090.PosAngAtual: double
CLS01.2-INV08-SB23-TR091.PosAngAlvo: double
CLS01.2-INV08-SB23-TR091.PosAngAtual: double
CLS01.2-INV08-SB23-TR092.PosAngAlvo: double
CLS01.2-INV08-SB23-TR092.PosAngAtual: double
CLS01.2-INV08-SB24.CorrenteCC_01: double
CLS01.2-INV08-SB24.CorrenteCC_02: double
CLS01.2-INV08-SB24.CorrenteCC_03: double
CLS01.2-INV08-SB24.CorrenteCC_04: double
CLS01.2-INV08-SB24.CorrenteCC_05: double
CLS01.2-INV08-SB24.CorrenteCC_06: double
CLS01.2-INV08-SB24.CorrenteCC_07: double
CLS01.2-INV08-SB24.CorrenteCC_08: double
CLS01.2-INV08-SB24.CorrenteCC_09: double
CLS01.2-INV08-SB24.CorrenteCC_10: double
CLS01.2-INV08-SB24.CorrenteCC_11: double
CLS01.2-INV08-SB24.CorrenteCC_12: double
CLS01.2-INV08-SB24.CorrenteCC_13: double
CLS01.2-INV08-SB24.CorrenteCC_14: double
CLS01.2-INV08-SB24.CorrenteCC_15: double
CLS01.2-INV08-SB24.CorrenteCC_16: double
CLS01.2-INV08-SB24.TensaoCC: double
CLS01.2-INV08-SB24-TR093.PosAngAlvo: double
CLS01.2-INV08-SB24-TR093.PosAngAtual: double
CLS01.2-INV08-SB24-TR094.PosAngAlvo: double
CLS01.2-INV08-SB24-TR094.PosAngAtual: double
CLS01.2-INV08-SB24-TR095.PosAngAlvo: double
CLS01.2-INV08-SB24-TR095.PosAngAtual: double
CLS01.2-INV08-SB24-TR096.PosAngAlvo: double
CLS01.2-INV08-SB24-TR096.PosAngAtual: double
CLS01.3.MET-B.POA-Irrd: double
CLS01.3.MET-B.POA-Irrd_REAR: double
CLS01.3.MET-B.T_MOD: double
CLS01.3-INV01.CorA: double
CLS01.3-INV01.CorB: double
CLS01.3-INV01.CorC: double
CLS01.3-INV01.CorrenteCC: double
CLS01.3-INV01.PotAt: double
CLS01.3-INV01.TenAB: double
CLS01.3-INV01.TenBC: double
CLS01.3-INV01.TenCA: double
CLS01.3-INV01.TensaoCC: double
CLS01.3-INV01-SB13.CorrenteCC_01: double
CLS01.3-INV01-SB13.CorrenteCC_02: double
CLS01.3-INV01-SB13.CorrenteCC_03: double
CLS01.3-INV01-SB13.CorrenteCC_04: double
CLS01.3-INV01-SB13.CorrenteCC_05: double
CLS01.3-INV01-SB13.CorrenteCC_06: double
CLS01.3-INV01-SB13.CorrenteCC_07: double
CLS01.3-INV01-SB13.CorrenteCC_08: double
CLS01.3-INV01-SB13.CorrenteCC_09: double
CLS01.3-INV01-SB13.CorrenteCC_10: double
CLS01.3-INV01-SB13.CorrenteCC_11: double
CLS01.3-INV01-SB13.CorrenteCC_12: double
CLS01.3-INV01-SB13.CorrenteCC_13: double
CLS01.3-INV01-SB13.CorrenteCC_14: double
CLS01.3-INV01-SB13.CorrenteCC_15: double
CLS01.3-INV01-SB13.CorrenteCC_16: double
CLS01.3-INV01-SB13.TensaoCC: double
CLS01.3-INV01-SB13-TR049.PosAngAlvo: double
CLS01.3-INV01-SB13-TR049.PosAngAtual: double
CLS01.3-INV01-SB13-TR050.PosAngAlvo: double
CLS01.3-INV01-SB13-TR050.PosAngAtual: double
CLS01.3-INV01-SB13-TR051.PosAngAlvo: double
CLS01.3-INV01-SB13-TR051.PosAngAtual: double
CLS01.3-INV01-SB13-TR052.PosAngAlvo: double
CLS01.3-INV01-SB13-TR052.PosAngAtual: double
CLS01.3-INV01-SB14.CorrenteCC_01: double
CLS01.3-INV01-SB14.CorrenteCC_02: double
CLS01.3-INV01-SB14.CorrenteCC_03: double
CLS01.3-INV01-SB14.CorrenteCC_04: double
CLS01.3-INV01-SB14.CorrenteCC_05: double
CLS01.3-INV01-SB14.CorrenteCC_06: double
CLS01.3-INV01-SB14.CorrenteCC_07: double
CLS01.3-INV01-SB14.CorrenteCC_08: double
CLS01.3-INV01-SB14.CorrenteCC_09: double
CLS01.3-INV01-SB14.CorrenteCC_10: double
CLS01.3-INV01-SB14.CorrenteCC_11: double
CLS01.3-INV01-SB14.CorrenteCC_12: double
CLS01.3-INV01-SB14.CorrenteCC_13: double
CLS01.3-INV01-SB14.CorrenteCC_14: double
CLS01.3-INV01-SB14.CorrenteCC_15: double
CLS01.3-INV01-SB14.CorrenteCC_16: double
CLS01.3-INV01-SB14.TensaoCC: double
CLS01.3-INV01-SB14-TR053.PosAngAlvo: double
CLS01.3-INV01-SB14-TR053.PosAngAtual: double
CLS01.3-INV01-SB14-TR054.PosAngAlvo: double
CLS01.3-INV01-SB14-TR054.PosAngAtual: double
CLS01.3-INV01-SB14-TR055.PosAngAlvo: double
CLS01.3-INV01-SB14-TR055.PosAngAtual: double
CLS01.3-INV01-SB14-TR056.PosAngAlvo: double
CLS01.3-INV01-SB14-TR056.PosAngAtual: double
CLS01.3-INV01-SB15.CorrenteCC_01: double
CLS01.3-INV01-SB15.CorrenteCC_02: double
CLS01.3-INV01-SB15.CorrenteCC_03: double
CLS01.3-INV01-SB15.CorrenteCC_04: double
CLS01.3-INV01-SB15.CorrenteCC_05: double
CLS01.3-INV01-SB15.CorrenteCC_06: double
CLS01.3-INV01-SB15.CorrenteCC_07: double
CLS01.3-INV01-SB15.CorrenteCC_08: double
CLS01.3-INV01-SB15.CorrenteCC_09: double
CLS01.3-INV01-SB15.CorrenteCC_10: double
CLS01.3-INV01-SB15.CorrenteCC_11: double
CLS01.3-INV01-SB15.CorrenteCC_12: double
CLS01.3-INV01-SB15.CorrenteCC_13: double
CLS01.3-INV01-SB15.CorrenteCC_14: double
CLS01.3-INV01-SB15.CorrenteCC_15: double
CLS01.3-INV01-SB15.CorrenteCC_16: double
CLS01.3-INV01-SB15.TensaoCC: double
CLS01.3-INV01-SB15-TR057.PosAngAlvo: double
CLS01.3-INV01-SB15-TR057.PosAngAtual: double
CLS01.3-INV01-SB15-TR058.PosAngAlvo: double
CLS01.3-INV01-SB15-TR058.PosAngAtual: double
CLS01.3-INV01-SB15-TR059.PosAngAlvo: double
CLS01.3-INV01-SB15-TR059.PosAngAtual: double
CLS01.3-INV01-SB15-TR060.PosAngAlvo: double
CLS01.3-INV01-SB15-TR060.PosAngAtual: double
CLS01.3-INV01-SB16.CorrenteCC_01: double
CLS01.3-INV01-SB16.CorrenteCC_02: double
CLS01.3-INV01-SB16.CorrenteCC_03: double
CLS01.3-INV01-SB16.CorrenteCC_04: double
CLS01.3-INV01-SB16.CorrenteCC_05: double
CLS01.3-INV01-SB16.CorrenteCC_06: double
CLS01.3-INV01-SB16.CorrenteCC_07: double
CLS01.3-INV01-SB16.CorrenteCC_08: double
CLS01.3-INV01-SB16.CorrenteCC_09: double
CLS01.3-INV01-SB16.CorrenteCC_10: double
CLS01.3-INV01-SB16.CorrenteCC_11: double
CLS01.3-INV01-SB16.CorrenteCC_12: double
CLS01.3-INV01-SB16.CorrenteCC_13: double
CLS01.3-INV01-SB16.CorrenteCC_14: double
CLS01.3-INV01-SB16.CorrenteCC_15: double
CLS01.3-INV01-SB16.CorrenteCC_16: double
CLS01.3-INV01-SB16.TensaoCC: double
CLS01.3-INV01-SB16-TR061.PosAngAlvo: double
CLS01.3-INV01-SB16-TR061.PosAngAtual: double
CLS01.3-INV01-SB16-TR062.PosAngAlvo: double
CLS01.3-INV01-SB16-TR062.PosAngAtual: double
CLS01.3-INV01-SB16-TR063.PosAngAlvo: double
CLS01.3-INV01-SB16-TR063.PosAngAtual: double
CLS01.3-INV01-SB16-TR064.PosAngAlvo: double
CLS01.3-INV01-SB16-TR064.PosAngAtual: double
CLS01.3-INV02.CorA: double
CLS01.3-INV02.CorB: double
CLS01.3-INV02.CorC: double
CLS01.3-INV02.CorrenteCC: double
CLS01.3-INV02.PotAt: double
CLS01.3-INV02.TenAB: double
CLS01.3-INV02.TenBC: double
CLS01.3-INV02.TenCA: double
CLS01.3-INV02.TensaoCC: double
CLS01.3-INV02-SB05.CorrenteCC_01: double
CLS01.3-INV02-SB05.CorrenteCC_02: double
CLS01.3-INV02-SB05.CorrenteCC_03: double
CLS01.3-INV02-SB05.CorrenteCC_04: double
CLS01.3-INV02-SB05.CorrenteCC_05: double
CLS01.3-INV02-SB05.CorrenteCC_06: double
CLS01.3-INV02-SB05.CorrenteCC_07: double
CLS01.3-INV02-SB05.CorrenteCC_08: double
CLS01.3-INV02-SB05.CorrenteCC_09: double
CLS01.3-INV02-SB05.CorrenteCC_10: double
CLS01.3-INV02-SB05.CorrenteCC_11: double
CLS01.3-INV02-SB05.CorrenteCC_12: double
CLS01.3-INV02-SB05.CorrenteCC_13: double
CLS01.3-INV02-SB05.CorrenteCC_14: double
CLS01.3-INV02-SB05.CorrenteCC_15: double
CLS01.3-INV02-SB05.CorrenteCC_16: double
CLS01.3-INV02-SB05.TensaoCC: double
CLS01.3-INV02-SB05-TR017.PosAngAlvo: double
CLS01.3-INV02-SB05-TR017.PosAngAtual: double
CLS01.3-INV02-SB05-TR018.PosAngAlvo: double
CLS01.3-INV02-SB05-TR018.PosAngAtual: double
CLS01.3-INV02-SB05-TR019.PosAngAlvo: double
CLS01.3-INV02-SB05-TR019.PosAngAtual: double
CLS01.3-INV02-SB05-TR020.PosAngAlvo: double
CLS01.3-INV02-SB05-TR020.PosAngAtual: double
CLS01.3-INV02-SB06.CorrenteCC_01: double
CLS01.3-INV02-SB06.CorrenteCC_02: double
CLS01.3-INV02-SB06.CorrenteCC_03: double
CLS01.3-INV02-SB06.CorrenteCC_04: double
CLS01.3-INV02-SB06.CorrenteCC_05: double
CLS01.3-INV02-SB06.CorrenteCC_06: double
CLS01.3-INV02-SB06.CorrenteCC_07: double
CLS01.3-INV02-SB06.CorrenteCC_08: double
CLS01.3-INV02-SB06.CorrenteCC_09: double
CLS01.3-INV02-SB06.CorrenteCC_10: double
CLS01.3-INV02-SB06.CorrenteCC_11: double
CLS01.3-INV02-SB06.CorrenteCC_12: double
CLS01.3-INV02-SB06.CorrenteCC_13: double
CLS01.3-INV02-SB06.CorrenteCC_14: double
CLS01.3-INV02-SB06.CorrenteCC_15: double
CLS01.3-INV02-SB06.CorrenteCC_16: double
CLS01.3-INV02-SB06.TensaoCC: double
CLS01.3-INV02-SB06-TR021.PosAngAlvo: double
CLS01.3-INV02-SB06-TR021.PosAngAtual: double
CLS01.3-INV02-SB06-TR022.PosAngAlvo: double
CLS01.3-INV02-SB06-TR022.PosAngAtual: double
CLS01.3-INV02-SB06-TR023.PosAngAlvo: double
CLS01.3-INV02-SB06-TR023.PosAngAtual: double
CLS01.3-INV02-SB06-TR024.PosAngAlvo: double
CLS01.3-INV02-SB06-TR024.PosAngAtual: double
CLS01.3-INV02-SB07.CorrenteCC_01: double
CLS01.3-INV02-SB07.CorrenteCC_02: double
CLS01.3-INV02-SB07.CorrenteCC_03: double
CLS01.3-INV02-SB07.CorrenteCC_04: double
CLS01.3-INV02-SB07.CorrenteCC_05: double
CLS01.3-INV02-SB07.CorrenteCC_06: double
CLS01.3-INV02-SB07.CorrenteCC_07: double
CLS01.3-INV02-SB07.CorrenteCC_08: double
CLS01.3-INV02-SB07.CorrenteCC_09: double
CLS01.3-INV02-SB07.CorrenteCC_10: double
CLS01.3-INV02-SB07.CorrenteCC_11: double
CLS01.3-INV02-SB07.CorrenteCC_12: double
CLS01.3-INV02-SB07.CorrenteCC_13: double
CLS01.3-INV02-SB07.CorrenteCC_14: double
CLS01.3-INV02-SB07.CorrenteCC_15: double
CLS01.3-INV02-SB07.CorrenteCC_16: double
CLS01.3-INV02-SB07.TensaoCC: double
CLS01.3-INV02-SB07-TR025.PosAngAlvo: double
CLS01.3-INV02-SB07-TR025.PosAngAtual: double
CLS01.3-INV02-SB07-TR026.PosAngAlvo: double
CLS01.3-INV02-SB07-TR026.PosAngAtual: double
CLS01.3-INV02-SB07-TR027.PosAngAlvo: double
CLS01.3-INV02-SB07-TR027.PosAngAtual: double
CLS01.3-INV02-SB07-TR028.PosAngAlvo: double
CLS01.3-INV02-SB07-TR028.PosAngAtual: double
CLS01.3-INV02-SB08.CorrenteCC_01: double
CLS01.3-INV02-SB08.CorrenteCC_02: double
CLS01.3-INV02-SB08.CorrenteCC_03: double
CLS01.3-INV02-SB08.CorrenteCC_04: double
CLS01.3-INV02-SB08.CorrenteCC_05: double
CLS01.3-INV02-SB08.CorrenteCC_06: double
CLS01.3-INV02-SB08.CorrenteCC_07: double
CLS01.3-INV02-SB08.CorrenteCC_08: double
CLS01.3-INV02-SB08.CorrenteCC_09: double
CLS01.3-INV02-SB08.CorrenteCC_10: double
CLS01.3-INV02-SB08.CorrenteCC_11: double
CLS01.3-INV02-SB08.CorrenteCC_12: double
CLS01.3-INV02-SB08.CorrenteCC_13: double
CLS01.3-INV02-SB08.CorrenteCC_14: double
CLS01.3-INV02-SB08.CorrenteCC_15: double
CLS01.3-INV02-SB08.CorrenteCC_16: double
CLS01.3-INV02-SB08.TensaoCC: double
CLS01.3-INV02-SB08-TR029.PosAngAlvo: double
CLS01.3-INV02-SB08-TR029.PosAngAtual: double
CLS01.3-INV02-SB08-TR030.PosAngAlvo: double
CLS01.3-INV02-SB08-TR030.PosAngAtual: double
CLS01.3-INV02-SB08-TR031.PosAngAlvo: double
CLS01.3-INV02-SB08-TR031.PosAngAtual: double
CLS01.3-INV02-SB08-TR032.PosAngAlvo: double
CLS01.3-INV02-SB08-TR032.PosAngAtual: double
CLS01.3-INV03.CorA: double
CLS01.3-INV03.CorB: double
CLS01.3-INV03.CorC: double
CLS01.3-INV03.CorrenteCC: double
CLS01.3-INV03.PotAt: double
CLS01.3-INV03.TenAB: double
CLS01.3-INV03.TenBC: double
CLS01.3-INV03.TenCA: double
CLS01.3-INV03.TensaoCC: double
CLS01.3-INV03-SB01.CorrenteCC_01: double
CLS01.3-INV03-SB01.CorrenteCC_02: double
CLS01.3-INV03-SB01.CorrenteCC_03: double
CLS01.3-INV03-SB01.CorrenteCC_04: double
CLS01.3-INV03-SB01.CorrenteCC_05: double
CLS01.3-INV03-SB01.CorrenteCC_06: double
CLS01.3-INV03-SB01.CorrenteCC_07: double
CLS01.3-INV03-SB01.CorrenteCC_08: double
CLS01.3-INV03-SB01.CorrenteCC_09: double
CLS01.3-INV03-SB01.CorrenteCC_10: double
CLS01.3-INV03-SB01.CorrenteCC_11: double
CLS01.3-INV03-SB01.CorrenteCC_12: double
CLS01.3-INV03-SB01.CorrenteCC_13: double
CLS01.3-INV03-SB01.CorrenteCC_14: double
CLS01.3-INV03-SB01.CorrenteCC_15: double
CLS01.3-INV03-SB01.CorrenteCC_16: double
CLS01.3-INV03-SB01.TensaoCC: double
CLS01.3-INV03-SB01-TR001.PosAngAlvo: double
CLS01.3-INV03-SB01-TR001.PosAngAtual: double
CLS01.3-INV03-SB01-TR002.PosAngAlvo: double
CLS01.3-INV03-SB01-TR002.PosAngAtual: double
CLS01.3-INV03-SB01-TR003.PosAngAlvo: double
CLS01.3-INV03-SB01-TR003.PosAngAtual: double
CLS01.3-INV03-SB01-TR004.PosAngAlvo: double
CLS01.3-INV03-SB01-TR004.PosAngAtual: double
CLS01.3-INV03-SB02.CorrenteCC_01: double
CLS01.3-INV03-SB02.CorrenteCC_02: double
CLS01.3-INV03-SB02.CorrenteCC_03: double
CLS01.3-INV03-SB02.CorrenteCC_04: double
CLS01.3-INV03-SB02.CorrenteCC_05: double
CLS01.3-INV03-SB02.CorrenteCC_06: double
CLS01.3-INV03-SB02.CorrenteCC_07: double
CLS01.3-INV03-SB02.CorrenteCC_08: double
CLS01.3-INV03-SB02.CorrenteCC_09: double
CLS01.3-INV03-SB02.CorrenteCC_10: double
CLS01.3-INV03-SB02.CorrenteCC_11: double
CLS01.3-INV03-SB02.CorrenteCC_12: double
CLS01.3-INV03-SB02.CorrenteCC_13: double
CLS01.3-INV03-SB02.CorrenteCC_14: double
CLS01.3-INV03-SB02.CorrenteCC_15: double
CLS01.3-INV03-SB02.CorrenteCC_16: double
CLS01.3-INV03-SB02.TensaoCC: double
CLS01.3-INV03-SB02-TR005.PosAngAlvo: double
CLS01.3-INV03-SB02-TR005.PosAngAtual: double
CLS01.3-INV03-SB02-TR006.PosAngAlvo: double
CLS01.3-INV03-SB02-TR006.PosAngAtual: double
CLS01.3-INV03-SB02-TR007.PosAngAlvo: double
CLS01.3-INV03-SB02-TR007.PosAngAtual: double
CLS01.3-INV03-SB02-TR008.PosAngAlvo: double
CLS01.3-INV03-SB02-TR008.PosAngAtual: double
CLS01.3-INV03-SB03.CorrenteCC_01: double
CLS01.3-INV03-SB03.CorrenteCC_02: double
CLS01.3-INV03-SB03.CorrenteCC_03: double
CLS01.3-INV03-SB03.CorrenteCC_04: double
CLS01.3-INV03-SB03.CorrenteCC_05: double
CLS01.3-INV03-SB03.CorrenteCC_06: double
CLS01.3-INV03-SB03.CorrenteCC_07: double
CLS01.3-INV03-SB03.CorrenteCC_08: double
CLS01.3-INV03-SB03.CorrenteCC_09: double
CLS01.3-INV03-SB03.CorrenteCC_10: double
CLS01.3-INV03-SB03.CorrenteCC_11: double
CLS01.3-INV03-SB03.CorrenteCC_12: double
CLS01.3-INV03-SB03.CorrenteCC_13: double
CLS01.3-INV03-SB03.CorrenteCC_14: double
CLS01.3-INV03-SB03.CorrenteCC_15: double
CLS01.3-INV03-SB03.CorrenteCC_16: double
CLS01.3-INV03-SB03.TensaoCC: double
CLS01.3-INV03-SB03-TR009.PosAngAlvo: double
CLS01.3-INV03-SB03-TR009.PosAngAtual: double
CLS01.3-INV03-SB03-TR010.PosAngAlvo: double
CLS01.3-INV03-SB03-TR010.PosAngAtual: double
CLS01.3-INV03-SB03-TR011.PosAngAlvo: double
CLS01.3-INV03-SB03-TR011.PosAngAtual: double
CLS01.3-INV03-SB03-TR012.PosAngAlvo: double
CLS01.3-INV03-SB03-TR012.PosAngAtual: double
CLS01.3-INV03-SB04.CorrenteCC_01: double
CLS01.3-INV03-SB04.CorrenteCC_02: double
CLS01.3-INV03-SB04.CorrenteCC_03: double
CLS01.3-INV03-SB04.CorrenteCC_04: double
CLS01.3-INV03-SB04.CorrenteCC_05: double
CLS01.3-INV03-SB04.CorrenteCC_06: double
CLS01.3-INV03-SB04.CorrenteCC_07: double
CLS01.3-INV03-SB04.CorrenteCC_08: double
CLS01.3-INV03-SB04.CorrenteCC_09: double
CLS01.3-INV03-SB04.CorrenteCC_10: double
CLS01.3-INV03-SB04.CorrenteCC_11: double
CLS01.3-INV03-SB04.CorrenteCC_12: double
CLS01.3-INV03-SB04.CorrenteCC_13: double
CLS01.3-INV03-SB04.CorrenteCC_14: double
CLS01.3-INV03-SB04.CorrenteCC_15: double
CLS01.3-INV03-SB04.CorrenteCC_16: double
CLS01.3-INV03-SB04.TensaoCC: double
CLS01.3-INV03-SB04-TR013.PosAngAlvo: double
CLS01.3-INV03-SB04-TR013.PosAngAtual: double
CLS01.3-INV03-SB04-TR014.PosAngAlvo: double
CLS01.3-INV03-SB04-TR014.PosAngAtual: double
CLS01.3-INV03-SB04-TR015.PosAngAlvo: double
CLS01.3-INV03-SB04-TR015.PosAngAtual: double
CLS01.3-INV03-SB04-TR016.PosAngAlvo: double
CLS01.3-INV03-SB04-TR016.PosAngAtual: double
CLS01.3-INV04.CorA: double
CLS01.3-INV04.CorB: double
CLS01.3-INV04.CorC: double
CLS01.3-INV04.CorrenteCC: double
CLS01.3-INV04.PotAt: double
CLS01.3-INV04.TenAB: double
CLS01.3-INV04.TenBC: double
CLS01.3-INV04.TenCA: double
CLS01.3-INV04.TensaoCC: double
CLS01.3-INV04-SB09.CorrenteCC_01: double
CLS01.3-INV04-SB09.CorrenteCC_02: double
CLS01.3-INV04-SB09.CorrenteCC_03: double
CLS01.3-INV04-SB09.CorrenteCC_04: double
CLS01.3-INV04-SB09.CorrenteCC_05: double
CLS01.3-INV04-SB09.CorrenteCC_06: double
CLS01.3-INV04-SB09.CorrenteCC_07: double
CLS01.3-INV04-SB09.CorrenteCC_08: double
CLS01.3-INV04-SB09.CorrenteCC_09: double
CLS01.3-INV04-SB09.CorrenteCC_10: double
CLS01.3-INV04-SB09.CorrenteCC_11: double
CLS01.3-INV04-SB09.CorrenteCC_12: double
CLS01.3-INV04-SB09.CorrenteCC_13: double
CLS01.3-INV04-SB09.CorrenteCC_14: double
CLS01.3-INV04-SB09.CorrenteCC_15: double
CLS01.3-INV04-SB09.CorrenteCC_16: double
CLS01.3-INV04-SB09.TensaoCC: double
CLS01.3-INV04-SB09-TR033.PosAngAlvo: double
CLS01.3-INV04-SB09-TR033.PosAngAtual: double
CLS01.3-INV04-SB09-TR034.PosAngAlvo: double
CLS01.3-INV04-SB09-TR034.PosAngAtual: double
CLS01.3-INV04-SB09-TR035.PosAngAlvo: double
CLS01.3-INV04-SB09-TR035.PosAngAtual: double
CLS01.3-INV04-SB09-TR036.PosAngAlvo: double
CLS01.3-INV04-SB09-TR036.PosAngAtual: double
CLS01.3-INV04-SB10.CorrenteCC_01: double
CLS01.3-INV04-SB10.CorrenteCC_02: double
CLS01.3-INV04-SB10.CorrenteCC_03: double
CLS01.3-INV04-SB10.CorrenteCC_04: double
CLS01.3-INV04-SB10.CorrenteCC_05: double
CLS01.3-INV04-SB10.CorrenteCC_06: double
CLS01.3-INV04-SB10.CorrenteCC_07: double
CLS01.3-INV04-SB10.CorrenteCC_08: double
CLS01.3-INV04-SB10.CorrenteCC_09: double
CLS01.3-INV04-SB10.CorrenteCC_10: double
CLS01.3-INV04-SB10.CorrenteCC_11: double
CLS01.3-INV04-SB10.CorrenteCC_12: double
CLS01.3-INV04-SB10.CorrenteCC_13: double
CLS01.3-INV04-SB10.CorrenteCC_14: double
CLS01.3-INV04-SB10.CorrenteCC_15: double
CLS01.3-INV04-SB10.CorrenteCC_16: double
CLS01.3-INV04-SB10.TensaoCC: double
CLS01.3-INV04-SB10-TR037.PosAngAlvo: double
CLS01.3-INV04-SB10-TR037.PosAngAtual: double
CLS01.3-INV04-SB10-TR038.PosAngAlvo: double
CLS01.3-INV04-SB10-TR038.PosAngAtual: double
CLS01.3-INV04-SB10-TR039.PosAngAlvo: double
CLS01.3-INV04-SB10-TR039.PosAngAtual: double
CLS01.3-INV04-SB10-TR040.PosAngAlvo: double
CLS01.3-INV04-SB10-TR040.PosAngAtual: double
CLS01.3-INV04-SB11.CorrenteCC_01: double
CLS01.3-INV04-SB11.CorrenteCC_02: double
CLS01.3-INV04-SB11.CorrenteCC_03: double
CLS01.3-INV04-SB11.CorrenteCC_04: double
CLS01.3-INV04-SB11.CorrenteCC_05: double
CLS01.3-INV04-SB11.CorrenteCC_06: double
CLS01.3-INV04-SB11.CorrenteCC_07: double
CLS01.3-INV04-SB11.CorrenteCC_08: double
CLS01.3-INV04-SB11.CorrenteCC_09: double
CLS01.3-INV04-SB11.CorrenteCC_10: double
CLS01.3-INV04-SB11.CorrenteCC_11: double
CLS01.3-INV04-SB11.CorrenteCC_12: double
CLS01.3-INV04-SB11.CorrenteCC_13: double
CLS01.3-INV04-SB11.CorrenteCC_14: double
CLS01.3-INV04-SB11.CorrenteCC_15: double
CLS01.3-INV04-SB11.CorrenteCC_16: double
CLS01.3-INV04-SB11.TensaoCC: double
CLS01.3-INV04-SB11-TR041.PosAngAlvo: double
CLS01.3-INV04-SB11-TR041.PosAngAtual: double
CLS01.3-INV04-SB11-TR042.PosAngAlvo: double
CLS01.3-INV04-SB11-TR042.PosAngAtual: double
CLS01.3-INV04-SB11-TR043.PosAngAlvo: double
CLS01.3-INV04-SB11-TR043.PosAngAtual: double
CLS01.3-INV04-SB11-TR044.PosAngAlvo: double
CLS01.3-INV04-SB11-TR044.PosAngAtual: double
CLS01.3-INV04-SB12.CorrenteCC_01: double
CLS01.3-INV04-SB12.CorrenteCC_02: double
CLS01.3-INV04-SB12.CorrenteCC_03: double
CLS01.3-INV04-SB12.CorrenteCC_04: double
CLS01.3-INV04-SB12.CorrenteCC_05: double
CLS01.3-INV04-SB12.CorrenteCC_06: double
CLS01.3-INV04-SB12.CorrenteCC_07: double
CLS01.3-INV04-SB12.CorrenteCC_08: double
CLS01.3-INV04-SB12.CorrenteCC_09: double
CLS01.3-INV04-SB12.CorrenteCC_10: double
CLS01.3-INV04-SB12.CorrenteCC_11: double
CLS01.3-INV04-SB12.CorrenteCC_12: double
CLS01.3-INV04-SB12.CorrenteCC_13: double
CLS01.3-INV04-SB12.CorrenteCC_14: double
CLS01.3-INV04-SB12.CorrenteCC_15: double
CLS01.3-INV04-SB12.CorrenteCC_16: double
CLS01.3-INV04-SB12.TensaoCC: double
CLS01.3-INV04-SB12-TR045.PosAngAlvo: double
CLS01.3-INV04-SB12-TR045.PosAngAtual: double
CLS01.3-INV04-SB12-TR046.PosAngAlvo: double
CLS01.3-INV04-SB12-TR046.PosAngAtual: double
CLS01.3-INV04-SB12-TR047.PosAngAlvo: double
CLS01.3-INV04-SB12-TR047.PosAngAtual: double
CLS01.3-INV04-SB12-TR048.PosAngAlvo: double
CLS01.3-INV04-SB12-TR048.PosAngAtual: double
CLS01.3-INV05.CorA: double
CLS01.3-INV05.CorB: double
CLS01.3-INV05.CorC: double
CLS01.3-INV05.CorrenteCC: double
CLS01.3-INV05.PotAt: double
CLS01.3-INV05.TenAB: double
CLS01.3-INV05.TenBC: double
CLS01.3-INV05.TenCA: double
CLS01.3-INV05.TensaoCC: double
CLS01.3-INV05-SB17.CorrenteCC_01: double
CLS01.3-INV05-SB17.CorrenteCC_02: double
CLS01.3-INV05-SB17.CorrenteCC_03: double
CLS01.3-INV05-SB17.CorrenteCC_04: double
CLS01.3-INV05-SB17.CorrenteCC_05: double
CLS01.3-INV05-SB17.CorrenteCC_06: double
CLS01.3-INV05-SB17.CorrenteCC_07: double
CLS01.3-INV05-SB17.CorrenteCC_08: double
CLS01.3-INV05-SB17.CorrenteCC_09: double
CLS01.3-INV05-SB17.CorrenteCC_10: double
CLS01.3-INV05-SB17.CorrenteCC_11: double
CLS01.3-INV05-SB17.CorrenteCC_12: double
CLS01.3-INV05-SB17.CorrenteCC_13: double
CLS01.3-INV05-SB17.CorrenteCC_14: double
CLS01.3-INV05-SB17.CorrenteCC_15: double
CLS01.3-INV05-SB17.CorrenteCC_16: double
CLS01.3-INV05-SB17.TensaoCC: double
CLS01.3-INV05-SB17-TR065.PosAngAlvo: double
CLS01.3-INV05-SB17-TR065.PosAngAtual: double
CLS01.3-INV05-SB17-TR066.PosAngAlvo: double
CLS01.3-INV05-SB17-TR066.PosAngAtual: double
CLS01.3-INV05-SB17-TR067.PosAngAlvo: double
CLS01.3-INV05-SB17-TR067.PosAngAtual: double
CLS01.3-INV05-SB17-TR068.PosAngAlvo: double
CLS01.3-INV05-SB17-TR068.PosAngAtual: double
CLS01.3-INV05-SB18.CorrenteCC_01: double
CLS01.3-INV05-SB18.CorrenteCC_02: double
CLS01.3-INV05-SB18.CorrenteCC_03: double
CLS01.3-INV05-SB18.CorrenteCC_04: double
CLS01.3-INV05-SB18.CorrenteCC_05: double
CLS01.3-INV05-SB18.CorrenteCC_06: double
CLS01.3-INV05-SB18.CorrenteCC_07: double
CLS01.3-INV05-SB18.CorrenteCC_08: double
CLS01.3-INV05-SB18.CorrenteCC_09: double
CLS01.3-INV05-SB18.CorrenteCC_10: double
CLS01.3-INV05-SB18.CorrenteCC_11: double
CLS01.3-INV05-SB18.CorrenteCC_12: double
CLS01.3-INV05-SB18.CorrenteCC_13: double
CLS01.3-INV05-SB18.CorrenteCC_14: double
CLS01.3-INV05-SB18.CorrenteCC_15: double
CLS01.3-INV05-SB18.CorrenteCC_16: double
CLS01.3-INV05-SB18.TensaoCC: double
CLS01.3-INV05-SB18-TR069.PosAngAlvo: double
CLS01.3-INV05-SB18-TR069.PosAngAtual: double
CLS01.3-INV05-SB18-TR070.PosAngAlvo: double
CLS01.3-INV05-SB18-TR070.PosAngAtual: double
CLS01.3-INV05-SB18-TR071.PosAngAlvo: double
CLS01.3-INV05-SB18-TR071.PosAngAtual: double
CLS01.3-INV05-SB18-TR072.PosAngAlvo: double
CLS01.3-INV05-SB18-TR072.PosAngAtual: double
CLS01.3-INV05-SB19.CorrenteCC_01: double
CLS01.3-INV05-SB19.CorrenteCC_02: double
CLS01.3-INV05-SB19.CorrenteCC_03: double
CLS01.3-INV05-SB19.CorrenteCC_04: double
CLS01.3-INV05-SB19.CorrenteCC_05: double
CLS01.3-INV05-SB19.CorrenteCC_06: double
CLS01.3-INV05-SB19.CorrenteCC_07: double
CLS01.3-INV05-SB19.CorrenteCC_08: double
CLS01.3-INV05-SB19.CorrenteCC_09: double
CLS01.3-INV05-SB19.CorrenteCC_10: double
CLS01.3-INV05-SB19.CorrenteCC_11: double
CLS01.3-INV05-SB19.CorrenteCC_12: double
CLS01.3-INV05-SB19.CorrenteCC_13: double
CLS01.3-INV05-SB19.CorrenteCC_14: double
CLS01.3-INV05-SB19.CorrenteCC_15: double
CLS01.3-INV05-SB19.CorrenteCC_16: double
CLS01.3-INV05-SB19.TensaoCC: double
CLS01.3-INV05-SB19-TR073.PosAngAlvo: double
CLS01.3-INV05-SB19-TR073.PosAngAtual: double
CLS01.3-INV05-SB19-TR074.PosAngAlvo: double
CLS01.3-INV05-SB19-TR074.PosAngAtual: double
CLS01.3-INV05-SB19-TR075.PosAngAlvo: double
CLS01.3-INV05-SB19-TR075.PosAngAtual: double
CLS01.3-INV05-SB19-TR076.PosAngAlvo: double
CLS01.3-INV05-SB19-TR076.PosAngAtual: double
CLS01.3-INV05-SB20.CorrenteCC_01: double
CLS01.3-INV05-SB20.CorrenteCC_02: double
CLS01.3-INV05-SB20.CorrenteCC_03: double
CLS01.3-INV05-SB20.CorrenteCC_04: double
CLS01.3-INV05-SB20.CorrenteCC_05: double
CLS01.3-INV05-SB20.CorrenteCC_06: double
CLS01.3-INV05-SB20.CorrenteCC_07: double
CLS01.3-INV05-SB20.CorrenteCC_08: double
CLS01.3-INV05-SB20.CorrenteCC_09: double
CLS01.3-INV05-SB20.CorrenteCC_10: double
CLS01.3-INV05-SB20.CorrenteCC_11: double
CLS01.3-INV05-SB20.CorrenteCC_12: double
CLS01.3-INV05-SB20.CorrenteCC_13: double
CLS01.3-INV05-SB20.CorrenteCC_14: double
CLS01.3-INV05-SB20.CorrenteCC_15: double
CLS01.3-INV05-SB20.CorrenteCC_16: double
CLS01.3-INV05-SB20.TensaoCC: double
CLS01.3-INV05-SB20-TR077.PosAngAlvo: double
CLS01.3-INV05-SB20-TR077.PosAngAtual: double
CLS01.3-INV05-SB20-TR078.PosAngAlvo: double
CLS01.3-INV05-SB20-TR078.PosAngAtual: double
CLS01.3-INV05-SB20-TR079.PosAngAlvo: double
CLS01.3-INV05-SB20-TR079.PosAngAtual: double
CLS01.3-INV05-SB20-TR080.PosAngAlvo: double
CLS01.3-INV05-SB20-TR080.PosAngAtual: double
CLS01.3-INV06.CorA: double
CLS01.3-INV06.CorB: double
CLS01.3-INV06.CorC: double
CLS01.3-INV06.CorrenteCC: double
CLS01.3-INV06.PotAt: double
CLS01.3-INV06.TenAB: double
CLS01.3-INV06.TenBC: double
CLS01.3-INV06.TenCA: double
CLS01.3-INV06.TensaoCC: double
CLS01.3-INV06-SB25.CorrenteCC_01: double
CLS01.3-INV06-SB25.CorrenteCC_02: double
CLS01.3-INV06-SB25.CorrenteCC_03: double
CLS01.3-INV06-SB25.CorrenteCC_04: double
CLS01.3-INV06-SB25.CorrenteCC_05: double
CLS01.3-INV06-SB25.CorrenteCC_06: double
CLS01.3-INV06-SB25.CorrenteCC_07: double
CLS01.3-INV06-SB25.CorrenteCC_08: double
CLS01.3-INV06-SB25.CorrenteCC_09: double
CLS01.3-INV06-SB25.CorrenteCC_10: double
CLS01.3-INV06-SB25.CorrenteCC_11: double
CLS01.3-INV06-SB25.CorrenteCC_12: double
CLS01.3-INV06-SB25.CorrenteCC_13: double
CLS01.3-INV06-SB25.CorrenteCC_14: double
CLS01.3-INV06-SB25.CorrenteCC_15: double
CLS01.3-INV06-SB25.CorrenteCC_16: double
CLS01.3-INV06-SB25.TensaoCC: double
CLS01.3-INV06-SB25-TR097.PosAngAlvo: double
CLS01.3-INV06-SB25-TR097.PosAngAtual: double
CLS01.3-INV06-SB25-TR098.PosAngAlvo: double
CLS01.3-INV06-SB25-TR098.PosAngAtual: double
CLS01.3-INV06-SB25-TR099.PosAngAlvo: double
CLS01.3-INV06-SB25-TR099.PosAngAtual: double
CLS01.3-INV06-SB25-TR100.PosAngAlvo: double
CLS01.3-INV06-SB25-TR100.PosAngAtual: double
CLS01.3-INV06-SB26.CorrenteCC_01: double
CLS01.3-INV06-SB26.CorrenteCC_02: double
CLS01.3-INV06-SB26.CorrenteCC_03: double
CLS01.3-INV06-SB26.CorrenteCC_04: double
CLS01.3-INV06-SB26.CorrenteCC_05: double
CLS01.3-INV06-SB26.CorrenteCC_06: double
CLS01.3-INV06-SB26.CorrenteCC_07: double
CLS01.3-INV06-SB26.CorrenteCC_08: double
CLS01.3-INV06-SB26.CorrenteCC_09: double
CLS01.3-INV06-SB26.CorrenteCC_10: double
CLS01.3-INV06-SB26.CorrenteCC_11: double
CLS01.3-INV06-SB26.CorrenteCC_12: double
CLS01.3-INV06-SB26.CorrenteCC_13: double
CLS01.3-INV06-SB26.CorrenteCC_14: double
CLS01.3-INV06-SB26.CorrenteCC_15: double
CLS01.3-INV06-SB26.CorrenteCC_16: double
CLS01.3-INV06-SB26.TensaoCC: double
CLS01.3-INV06-SB26-TR101.PosAngAlvo: double
CLS01.3-INV06-SB26-TR101.PosAngAtual: double
CLS01.3-INV06-SB26-TR102.PosAngAlvo: double
CLS01.3-INV06-SB26-TR102.PosAngAtual: double
CLS01.3-INV06-SB26-TR103.PosAngAlvo: double
CLS01.3-INV06-SB26-TR103.PosAngAtual: double
CLS01.3-INV06-SB26-TR104.PosAngAlvo: double
CLS01.3-INV06-SB26-TR104.PosAngAtual: double
CLS01.3-INV06-SB27.CorrenteCC_01: double
CLS01.3-INV06-SB27.CorrenteCC_02: double
CLS01.3-INV06-SB27.CorrenteCC_03: double
CLS01.3-INV06-SB27.CorrenteCC_04: double
CLS01.3-INV06-SB27.CorrenteCC_05: double
CLS01.3-INV06-SB27.CorrenteCC_06: double
CLS01.3-INV06-SB27.CorrenteCC_07: double
CLS01.3-INV06-SB27.CorrenteCC_08: double
CLS01.3-INV06-SB27.CorrenteCC_09: double
CLS01.3-INV06-SB27.CorrenteCC_10: double
CLS01.3-INV06-SB27.CorrenteCC_11: double
CLS01.3-INV06-SB27.CorrenteCC_12: double
CLS01.3-INV06-SB27.CorrenteCC_13: double
CLS01.3-INV06-SB27.CorrenteCC_14: double
CLS01.3-INV06-SB27.CorrenteCC_15: double
CLS01.3-INV06-SB27.CorrenteCC_16: double
CLS01.3-INV06-SB27.TensaoCC: double
CLS01.3-INV06-SB27-TR105.PosAngAlvo: double
CLS01.3-INV06-SB27-TR105.PosAngAtual: double
CLS01.3-INV06-SB27-TR106.PosAngAlvo: double
CLS01.3-INV06-SB27-TR106.PosAngAtual: double
CLS01.3-INV06-SB27-TR107.PosAngAlvo: double
CLS01.3-INV06-SB27-TR107.PosAngAtual: double
CLS01.3-INV06-SB27-TR108.PosAngAlvo: double
CLS01.3-INV06-SB27-TR108.PosAngAtual: double
CLS01.3-INV06-SB28.CorrenteCC_01: double
CLS01.3-INV06-SB28.CorrenteCC_02: double
CLS01.3-INV06-SB28.CorrenteCC_03: double
CLS01.3-INV06-SB28.CorrenteCC_04: double
CLS01.3-INV06-SB28.CorrenteCC_05: double
CLS01.3-INV06-SB28.CorrenteCC_06: double
CLS01.3-INV06-SB28.CorrenteCC_07: double
CLS01.3-INV06-SB28.CorrenteCC_08: double
CLS01.3-INV06-SB28.CorrenteCC_09: double
CLS01.3-INV06-SB28.CorrenteCC_10: double
CLS01.3-INV06-SB28.CorrenteCC_11: double
CLS01.3-INV06-SB28.CorrenteCC_12: double
CLS01.3-INV06-SB28.CorrenteCC_13: double
CLS01.3-INV06-SB28.CorrenteCC_14: double
CLS01.3-INV06-SB28.CorrenteCC_15: double
CLS01.3-INV06-SB28.CorrenteCC_16: double
CLS01.3-INV06-SB28.TensaoCC: double
CLS01.3-INV06-SB28-TR109.PosAngAlvo: double
CLS01.3-INV06-SB28-TR109.PosAngAtual: double
CLS01.3-INV06-SB28-TR110.PosAngAlvo: double
CLS01.3-INV06-SB28-TR110.PosAngAtual: double
CLS01.3-INV06-SB28-TR111.PosAngAlvo: double
CLS01.3-INV06-SB28-TR111.PosAngAtual: double
CLS01.3-INV06-SB28-TR112.PosAngAlvo: double
CLS01.3-INV06-SB28-TR112.PosAngAtual: double
CLS01.3-INV07.CorA: double
CLS01.3-INV07.CorB: double
CLS01.3-INV07.CorC: double
CLS01.3-INV07.CorrenteCC: double
CLS01.3-INV07.PotAt: double
CLS01.3-INV07.TenAB: double
CLS01.3-INV07.TenBC: double
CLS01.3-INV07.TenCA: double
CLS01.3-INV07.TensaoCC: double
CLS01.3-INV07-SB29.CorrenteCC_01: double
CLS01.3-INV07-SB29.CorrenteCC_02: double
CLS01.3-INV07-SB29.CorrenteCC_03: double
CLS01.3-INV07-SB29.CorrenteCC_04: double
CLS01.3-INV07-SB29.CorrenteCC_05: double
CLS01.3-INV07-SB29.CorrenteCC_06: double
CLS01.3-INV07-SB29.CorrenteCC_07: double
CLS01.3-INV07-SB29.CorrenteCC_08: double
CLS01.3-INV07-SB29.CorrenteCC_09: double
CLS01.3-INV07-SB29.CorrenteCC_10: double
CLS01.3-INV07-SB29.CorrenteCC_11: double
CLS01.3-INV07-SB29.CorrenteCC_12: double
CLS01.3-INV07-SB29.CorrenteCC_13: double
CLS01.3-INV07-SB29.CorrenteCC_14: double
CLS01.3-INV07-SB29.CorrenteCC_15: double
CLS01.3-INV07-SB29.CorrenteCC_16: double
CLS01.3-INV07-SB29.TensaoCC: double
CLS01.3-INV07-SB29-TR113.PosAngAlvo: double
CLS01.3-INV07-SB29-TR113.PosAngAtual: double
CLS01.3-INV07-SB29-TR114.PosAngAlvo: double
CLS01.3-INV07-SB29-TR114.PosAngAtual: double
CLS01.3-INV07-SB29-TR115.PosAngAlvo: double
CLS01.3-INV07-SB29-TR115.PosAngAtual: double
CLS01.3-INV07-SB29-TR116.PosAngAlvo: double
CLS01.3-INV07-SB29-TR116.PosAngAtual: double
CLS01.3-INV07-SB30.CorrenteCC_01: double
CLS01.3-INV07-SB30.CorrenteCC_02: double
CLS01.3-INV07-SB30.CorrenteCC_03: double
CLS01.3-INV07-SB30.CorrenteCC_04: double
CLS01.3-INV07-SB30.CorrenteCC_05: double
CLS01.3-INV07-SB30.CorrenteCC_06: double
CLS01.3-INV07-SB30.CorrenteCC_07: double
CLS01.3-INV07-SB30.CorrenteCC_08: double
CLS01.3-INV07-SB30.CorrenteCC_09: double
CLS01.3-INV07-SB30.CorrenteCC_10: double
CLS01.3-INV07-SB30.CorrenteCC_11: double
CLS01.3-INV07-SB30.CorrenteCC_12: double
CLS01.3-INV07-SB30.CorrenteCC_13: double
CLS01.3-INV07-SB30.CorrenteCC_14: double
CLS01.3-INV07-SB30.CorrenteCC_15: double
CLS01.3-INV07-SB30.CorrenteCC_16: double
CLS01.3-INV07-SB30.TensaoCC: double
CLS01.3-INV07-SB30-TR117.PosAngAlvo: double
CLS01.3-INV07-SB30-TR117.PosAngAtual: double
CLS01.3-INV07-SB30-TR118.PosAngAlvo: double
CLS01.3-INV07-SB30-TR118.PosAngAtual: double
CLS01.3-INV07-SB30-TR119.PosAngAlvo: double
CLS01.3-INV07-SB30-TR119.PosAngAtual: double
CLS01.3-INV07-SB30-TR120.PosAngAlvo: double
CLS01.3-INV07-SB30-TR120.PosAngAtual: double
CLS01.3-INV07-SB31.CorrenteCC_01: double
CLS01.3-INV07-SB31.CorrenteCC_02: double
CLS01.3-INV07-SB31.CorrenteCC_03: double
CLS01.3-INV07-SB31.CorrenteCC_04: double
CLS01.3-INV07-SB31.CorrenteCC_05: double
CLS01.3-INV07-SB31.CorrenteCC_06: double
CLS01.3-INV07-SB31.CorrenteCC_07: double
CLS01.3-INV07-SB31.CorrenteCC_08: double
CLS01.3-INV07-SB31.CorrenteCC_09: double
CLS01.3-INV07-SB31.CorrenteCC_10: double
CLS01.3-INV07-SB31.CorrenteCC_11: double
CLS01.3-INV07-SB31.CorrenteCC_12: double
CLS01.3-INV07-SB31.CorrenteCC_13: double
CLS01.3-INV07-SB31.CorrenteCC_14: double
CLS01.3-INV07-SB31.CorrenteCC_15: double
CLS01.3-INV07-SB31.CorrenteCC_16: double
CLS01.3-INV07-SB31.TensaoCC: double
CLS01.3-INV07-SB31-TR121.PosAngAlvo: double
CLS01.3-INV07-SB31-TR121.PosAngAtual: double
CLS01.3-INV07-SB31-TR122.PosAngAlvo: double
CLS01.3-INV07-SB31-TR122.PosAngAtual: double
CLS01.3-INV07-SB31-TR123.PosAngAlvo: double
CLS01.3-INV07-SB31-TR123.PosAngAtual: double
CLS01.3-INV07-SB31-TR124.PosAngAlvo: double
CLS01.3-INV07-SB31-TR124.PosAngAtual: double
CLS01.3-INV07-SB32.CorrenteCC_01: double
CLS01.3-INV07-SB32.CorrenteCC_02: double
CLS01.3-INV07-SB32.CorrenteCC_03: double
CLS01.3-INV07-SB32.CorrenteCC_04: double
CLS01.3-INV07-SB32.CorrenteCC_05: double
CLS01.3-INV07-SB32.CorrenteCC_06: double
CLS01.3-INV07-SB32.CorrenteCC_07: double
CLS01.3-INV07-SB32.CorrenteCC_08: double
CLS01.3-INV07-SB32.CorrenteCC_09: double
CLS01.3-INV07-SB32.CorrenteCC_10: double
CLS01.3-INV07-SB32.CorrenteCC_11: double
CLS01.3-INV07-SB32.CorrenteCC_12: double
CLS01.3-INV07-SB32.CorrenteCC_13: double
CLS01.3-INV07-SB32.CorrenteCC_14: double
CLS01.3-INV07-SB32.CorrenteCC_15: double
CLS01.3-INV07-SB32.CorrenteCC_16: double
CLS01.3-INV07-SB32.TensaoCC: double
CLS01.3-INV07-SB32-TR125.PosAngAlvo: double
CLS01.3-INV07-SB32-TR125.PosAngAtual: double
CLS01.3-INV07-SB32-TR126.PosAngAlvo: double
CLS01.3-INV07-SB32-TR126.PosAngAtual: double
CLS01.3-INV07-SB32-TR127.PosAngAlvo: double
CLS01.3-INV07-SB32-TR127.PosAngAtual: double
CLS01.3-INV07-SB32-TR128.PosAngAlvo: double
CLS01.3-INV07-SB32-TR128.PosAngAtual: double
CLS01.3-INV08.CorA: double
CLS01.3-INV08.CorB: double
CLS01.3-INV08.CorC: double
CLS01.3-INV08.CorrenteCC: double
CLS01.3-INV08.PotAt: double
CLS01.3-INV08.TenAB: double
CLS01.3-INV08.TenBC: double
CLS01.3-INV08.TenCA: double
CLS01.3-INV08.TensaoCC: double
CLS01.3-INV08-SB21.CorrenteCC_01: double
CLS01.3-INV08-SB21.CorrenteCC_02: double
CLS01.3-INV08-SB21.CorrenteCC_03: double
CLS01.3-INV08-SB21.CorrenteCC_04: double
CLS01.3-INV08-SB21.CorrenteCC_05: double
CLS01.3-INV08-SB21.CorrenteCC_06: double
CLS01.3-INV08-SB21.CorrenteCC_07: double
CLS01.3-INV08-SB21.CorrenteCC_08: double
CLS01.3-INV08-SB21.CorrenteCC_09: double
CLS01.3-INV08-SB21.CorrenteCC_10: double
CLS01.3-INV08-SB21.CorrenteCC_11: double
CLS01.3-INV08-SB21.CorrenteCC_12: double
CLS01.3-INV08-SB21.CorrenteCC_13: double
CLS01.3-INV08-SB21.CorrenteCC_14: double
CLS01.3-INV08-SB21.CorrenteCC_15: double
CLS01.3-INV08-SB21.CorrenteCC_16: double
CLS01.3-INV08-SB21.TensaoCC: double
CLS01.3-INV08-SB21-TR081.PosAngAlvo: double
CLS01.3-INV08-SB21-TR081.PosAngAtual: double
CLS01.3-INV08-SB21-TR082.PosAngAlvo: double
CLS01.3-INV08-SB21-TR082.PosAngAtual: double
CLS01.3-INV08-SB21-TR083.PosAngAlvo: double
CLS01.3-INV08-SB21-TR083.PosAngAtual: double
CLS01.3-INV08-SB21-TR084.PosAngAlvo: double
CLS01.3-INV08-SB21-TR084.PosAngAtual: double
CLS01.3-INV08-SB22.CorrenteCC_01: double
CLS01.3-INV08-SB22.CorrenteCC_02: double
CLS01.3-INV08-SB22.CorrenteCC_03: double
CLS01.3-INV08-SB22.CorrenteCC_04: double
CLS01.3-INV08-SB22.CorrenteCC_05: double
CLS01.3-INV08-SB22.CorrenteCC_06: double
CLS01.3-INV08-SB22.CorrenteCC_07: double
CLS01.3-INV08-SB22.CorrenteCC_08: double
CLS01.3-INV08-SB22.CorrenteCC_09: double
CLS01.3-INV08-SB22.CorrenteCC_10: double
CLS01.3-INV08-SB22.CorrenteCC_11: double
CLS01.3-INV08-SB22.CorrenteCC_12: double
CLS01.3-INV08-SB22.CorrenteCC_13: double
CLS01.3-INV08-SB22.CorrenteCC_14: double
CLS01.3-INV08-SB22.CorrenteCC_15: double
CLS01.3-INV08-SB22.CorrenteCC_16: double
CLS01.3-INV08-SB22.TensaoCC: double
CLS01.3-INV08-SB22-TR085.PosAngAlvo: double
CLS01.3-INV08-SB22-TR085.PosAngAtual: double
CLS01.3-INV08-SB22-TR086.PosAngAlvo: double
CLS01.3-INV08-SB22-TR086.PosAngAtual: double
CLS01.3-INV08-SB22-TR087.PosAngAlvo: double
CLS01.3-INV08-SB22-TR087.PosAngAtual: double
CLS01.3-INV08-SB22-TR088.PosAngAlvo: double
CLS01.3-INV08-SB22-TR088.PosAngAtual: double
CLS01.3-INV08-SB23.CorrenteCC_01: double
CLS01.3-INV08-SB23.CorrenteCC_02: double
CLS01.3-INV08-SB23.CorrenteCC_03: double
CLS01.3-INV08-SB23.CorrenteCC_04: double
CLS01.3-INV08-SB23.CorrenteCC_05: double
CLS01.3-INV08-SB23.CorrenteCC_06: double
CLS01.3-INV08-SB23.CorrenteCC_07: double
CLS01.3-INV08-SB23.CorrenteCC_08: double
CLS01.3-INV08-SB23.CorrenteCC_09: double
CLS01.3-INV08-SB23.CorrenteCC_10: double
CLS01.3-INV08-SB23.CorrenteCC_11: double
CLS01.3-INV08-SB23.CorrenteCC_12: double
CLS01.3-INV08-SB23.CorrenteCC_13: double
CLS01.3-INV08-SB23.CorrenteCC_14: double
CLS01.3-INV08-SB23.CorrenteCC_15: double
CLS01.3-INV08-SB23.CorrenteCC_16: double
CLS01.3-INV08-SB23.TensaoCC: double
CLS01.3-INV08-SB23-TR089.PosAngAlvo: double
CLS01.3-INV08-SB23-TR089.PosAngAtual: double
CLS01.3-INV08-SB23-TR090.PosAngAlvo: double
CLS01.3-INV08-SB23-TR090.PosAngAtual: double
CLS01.3-INV08-SB23-TR091.PosAngAlvo: double
CLS01.3-INV08-SB23-TR091.PosAngAtual: double
CLS01.3-INV08-SB23-TR092.PosAngAlvo: double
CLS01.3-INV08-SB23-TR092.PosAngAtual: double
CLS01.3-INV08-SB24.CorrenteCC_01: double
CLS01.3-INV08-SB24.CorrenteCC_02: double
CLS01.3-INV08-SB24.CorrenteCC_03: double
CLS01.3-INV08-SB24.CorrenteCC_04: double
CLS01.3-INV08-SB24.CorrenteCC_05: double
CLS01.3-INV08-SB24.CorrenteCC_06: double
CLS01.3-INV08-SB24.CorrenteCC_07: double
CLS01.3-INV08-SB24.CorrenteCC_08: double
CLS01.3-INV08-SB24.CorrenteCC_09: double
CLS01.3-INV08-SB24.CorrenteCC_10: double
CLS01.3-INV08-SB24.CorrenteCC_11: double
CLS01.3-INV08-SB24.CorrenteCC_12: double
CLS01.3-INV08-SB24.CorrenteCC_13: double
CLS01.3-INV08-SB24.CorrenteCC_14: double
CLS01.3-INV08-SB24.CorrenteCC_15: double
CLS01.3-INV08-SB24.CorrenteCC_16: double
CLS01.3-INV08-SB24.TensaoCC: double
CLS01.3-INV08-SB24-TR093.PosAngAlvo: double
CLS01.3-INV08-SB24-TR093.PosAngAtual: double
CLS01.3-INV08-SB24-TR094.PosAngAlvo: double
CLS01.3-INV08-SB24-TR094.PosAngAtual: double
CLS01.3-INV08-SB24-TR095.PosAngAlvo: double
CLS01.3-INV08-SB24-TR095.PosAngAtual: double
CLS01.3-INV08-SB24-TR096.PosAngAlvo: double
CLS01.3-INV08-SB24-TR096.PosAngAtual: double
CLS01.4-INV01.CorA: double
CLS01.4-INV01.CorB: double
CLS01.4-INV01.CorC: double
CLS01.4-INV01.CorrenteCC: double
CLS01.4-INV01.PotAt: double
CLS01.4-INV01.TenAB: double
CLS01.4-INV01.TenBC: double
CLS01.4-INV01.TenCA: double
CLS01.4-INV01.TensaoCC: double
CLS01.4-INV01-SB13.CorrenteCC_01: double
CLS01.4-INV01-SB13.CorrenteCC_02: double
CLS01.4-INV01-SB13.CorrenteCC_03: double
CLS01.4-INV01-SB13.CorrenteCC_04: double
CLS01.4-INV01-SB13.CorrenteCC_05: double
CLS01.4-INV01-SB13.CorrenteCC_06: double
CLS01.4-INV01-SB13.CorrenteCC_07: double
CLS01.4-INV01-SB13.CorrenteCC_08: double
CLS01.4-INV01-SB13.CorrenteCC_09: double
CLS01.4-INV01-SB13.CorrenteCC_10: double
CLS01.4-INV01-SB13.CorrenteCC_11: double
CLS01.4-INV01-SB13.CorrenteCC_12: double
CLS01.4-INV01-SB13.CorrenteCC_13: double
CLS01.4-INV01-SB13.CorrenteCC_14: double
CLS01.4-INV01-SB13.CorrenteCC_15: double
CLS01.4-INV01-SB13.CorrenteCC_16: double
CLS01.4-INV01-SB13.TensaoCC: double
CLS01.4-INV01-SB13-TR049.PosAngAlvo: double
CLS01.4-INV01-SB13-TR049.PosAngAtual: double
CLS01.4-INV01-SB13-TR050.PosAngAlvo: double
CLS01.4-INV01-SB13-TR050.PosAngAtual: double
CLS01.4-INV01-SB13-TR051.PosAngAlvo: double
CLS01.4-INV01-SB13-TR051.PosAngAtual: double
CLS01.4-INV01-SB13-TR052.PosAngAlvo: double
CLS01.4-INV01-SB13-TR052.PosAngAtual: double
CLS01.4-INV01-SB14.CorrenteCC_01: double
CLS01.4-INV01-SB14.CorrenteCC_02: double
CLS01.4-INV01-SB14.CorrenteCC_03: double
CLS01.4-INV01-SB14.CorrenteCC_04: double
CLS01.4-INV01-SB14.CorrenteCC_05: double
CLS01.4-INV01-SB14.CorrenteCC_06: double
CLS01.4-INV01-SB14.CorrenteCC_07: double
CLS01.4-INV01-SB14.CorrenteCC_08: double
CLS01.4-INV01-SB14.CorrenteCC_09: double
CLS01.4-INV01-SB14.CorrenteCC_10: double
CLS01.4-INV01-SB14.CorrenteCC_11: double
CLS01.4-INV01-SB14.CorrenteCC_12: double
CLS01.4-INV01-SB14.CorrenteCC_13: double
CLS01.4-INV01-SB14.CorrenteCC_14: double
CLS01.4-INV01-SB14.CorrenteCC_15: double
CLS01.4-INV01-SB14.CorrenteCC_16: double
CLS01.4-INV01-SB14.TensaoCC: double
CLS01.4-INV01-SB14-TR053.PosAngAlvo: double
CLS01.4-INV01-SB14-TR053.PosAngAtual: double
CLS01.4-INV01-SB14-TR054.PosAngAlvo: double
CLS01.4-INV01-SB14-TR054.PosAngAtual: double
CLS01.4-INV01-SB14-TR055.PosAngAlvo: double
CLS01.4-INV01-SB14-TR055.PosAngAtual: double
CLS01.4-INV01-SB14-TR056.PosAngAlvo: double
CLS01.4-INV01-SB14-TR056.PosAngAtual: double
CLS01.4-INV01-SB15.CorrenteCC_01: double
CLS01.4-INV01-SB15.CorrenteCC_02: double
CLS01.4-INV01-SB15.CorrenteCC_03: double
CLS01.4-INV01-SB15.CorrenteCC_04: double
CLS01.4-INV01-SB15.CorrenteCC_05: double
CLS01.4-INV01-SB15.CorrenteCC_06: double
CLS01.4-INV01-SB15.CorrenteCC_07: double
CLS01.4-INV01-SB15.CorrenteCC_08: double
CLS01.4-INV01-SB15.CorrenteCC_09: double
CLS01.4-INV01-SB15.CorrenteCC_10: double
CLS01.4-INV01-SB15.CorrenteCC_11: double
CLS01.4-INV01-SB15.CorrenteCC_12: double
CLS01.4-INV01-SB15.CorrenteCC_13: double
CLS01.4-INV01-SB15.CorrenteCC_14: double
CLS01.4-INV01-SB15.CorrenteCC_15: double
CLS01.4-INV01-SB15.CorrenteCC_16: double
CLS01.4-INV01-SB15.TensaoCC: double
CLS01.4-INV01-SB15-TR057.PosAngAlvo: double
CLS01.4-INV01-SB15-TR057.PosAngAtual: double
CLS01.4-INV01-SB15-TR058.PosAngAlvo: double
CLS01.4-INV01-SB15-TR058.PosAngAtual: double
CLS01.4-INV01-SB15-TR059.PosAngAlvo: double
CLS01.4-INV01-SB15-TR059.PosAngAtual: double
CLS01.4-INV01-SB15-TR060.PosAngAlvo: double
CLS01.4-INV01-SB15-TR060.PosAngAtual: double
CLS01.4-INV01-SB16.CorrenteCC_01: double
CLS01.4-INV01-SB16.CorrenteCC_02: double
CLS01.4-INV01-SB16.CorrenteCC_03: double
CLS01.4-INV01-SB16.CorrenteCC_04: double
CLS01.4-INV01-SB16.CorrenteCC_05: double
CLS01.4-INV01-SB16.CorrenteCC_06: double
CLS01.4-INV01-SB16.CorrenteCC_07: double
CLS01.4-INV01-SB16.CorrenteCC_08: double
CLS01.4-INV01-SB16.CorrenteCC_09: double
CLS01.4-INV01-SB16.CorrenteCC_10: double
CLS01.4-INV01-SB16.CorrenteCC_11: double
CLS01.4-INV01-SB16.CorrenteCC_12: double
CLS01.4-INV01-SB16.CorrenteCC_13: double
CLS01.4-INV01-SB16.CorrenteCC_14: double
CLS01.4-INV01-SB16.CorrenteCC_15: double
CLS01.4-INV01-SB16.CorrenteCC_16: double
CLS01.4-INV01-SB16.TensaoCC: double
CLS01.4-INV01-SB16-TR061.PosAngAlvo: double
CLS01.4-INV01-SB16-TR061.PosAngAtual: double
CLS01.4-INV01-SB16-TR062.PosAngAlvo: double
CLS01.4-INV01-SB16-TR062.PosAngAtual: double
CLS01.4-INV01-SB16-TR063.PosAngAlvo: double
CLS01.4-INV01-SB16-TR063.PosAngAtual: double
CLS01.4-INV01-SB16-TR064.PosAngAlvo: double
CLS01.4-INV01-SB16-TR064.PosAngAtual: double
CLS01.4-INV02.CorA: double
CLS01.4-INV02.CorB: double
CLS01.4-INV02.CorC: double
CLS01.4-INV02.CorrenteCC: double
CLS01.4-INV02.PotAt: double
CLS01.4-INV02.TenAB: double
CLS01.4-INV02.TenBC: double
CLS01.4-INV02.TenCA: double
CLS01.4-INV02.TensaoCC: double
CLS01.4-INV02-SB05.CorrenteCC_01: double
CLS01.4-INV02-SB05.CorrenteCC_02: double
CLS01.4-INV02-SB05.CorrenteCC_03: double
CLS01.4-INV02-SB05.CorrenteCC_04: double
CLS01.4-INV02-SB05.CorrenteCC_05: double
CLS01.4-INV02-SB05.CorrenteCC_06: double
CLS01.4-INV02-SB05.CorrenteCC_07: double
CLS01.4-INV02-SB05.CorrenteCC_08: double
CLS01.4-INV02-SB05.CorrenteCC_09: double
CLS01.4-INV02-SB05.CorrenteCC_10: double
CLS01.4-INV02-SB05.CorrenteCC_11: double
CLS01.4-INV02-SB05.CorrenteCC_12: double
CLS01.4-INV02-SB05.CorrenteCC_13: double
CLS01.4-INV02-SB05.CorrenteCC_14: double
CLS01.4-INV02-SB05.CorrenteCC_15: double
CLS01.4-INV02-SB05.CorrenteCC_16: double
CLS01.4-INV02-SB05.TensaoCC: double
CLS01.4-INV02-SB05-TR017.PosAngAlvo: double
CLS01.4-INV02-SB05-TR017.PosAngAtual: double
CLS01.4-INV02-SB05-TR018.PosAngAlvo: double
CLS01.4-INV02-SB05-TR018.PosAngAtual: double
CLS01.4-INV02-SB05-TR019.PosAngAlvo: double
CLS01.4-INV02-SB05-TR019.PosAngAtual: double
CLS01.4-INV02-SB05-TR020.PosAngAlvo: double
CLS01.4-INV02-SB05-TR020.PosAngAtual: double
CLS01.4-INV02-SB06.CorrenteCC_01: double
CLS01.4-INV02-SB06.CorrenteCC_02: double
CLS01.4-INV02-SB06.CorrenteCC_03: double
CLS01.4-INV02-SB06.CorrenteCC_04: double
CLS01.4-INV02-SB06.CorrenteCC_05: double
CLS01.4-INV02-SB06.CorrenteCC_06: double
CLS01.4-INV02-SB06.CorrenteCC_07: double
CLS01.4-INV02-SB06.CorrenteCC_08: double
CLS01.4-INV02-SB06.CorrenteCC_09: double
CLS01.4-INV02-SB06.CorrenteCC_10: double
CLS01.4-INV02-SB06.CorrenteCC_11: double
CLS01.4-INV02-SB06.CorrenteCC_12: double
CLS01.4-INV02-SB06.CorrenteCC_13: double
CLS01.4-INV02-SB06.CorrenteCC_14: double
CLS01.4-INV02-SB06.CorrenteCC_15: double
CLS01.4-INV02-SB06.CorrenteCC_16: double
CLS01.4-INV02-SB06.TensaoCC: double
CLS01.4-INV02-SB06-TR021.PosAngAlvo: double
CLS01.4-INV02-SB06-TR021.PosAngAtual: double
CLS01.4-INV02-SB06-TR022.PosAngAlvo: double
CLS01.4-INV02-SB06-TR022.PosAngAtual: double
CLS01.4-INV02-SB06-TR023.PosAngAlvo: double
CLS01.4-INV02-SB06-TR023.PosAngAtual: double
CLS01.4-INV02-SB06-TR024.PosAngAlvo: double
CLS01.4-INV02-SB06-TR024.PosAngAtual: double
CLS01.4-INV02-SB07.CorrenteCC_01: double
CLS01.4-INV02-SB07.CorrenteCC_02: double
CLS01.4-INV02-SB07.CorrenteCC_03: double
CLS01.4-INV02-SB07.CorrenteCC_04: double
CLS01.4-INV02-SB07.CorrenteCC_05: double
CLS01.4-INV02-SB07.CorrenteCC_06: double
CLS01.4-INV02-SB07.CorrenteCC_07: double
CLS01.4-INV02-SB07.CorrenteCC_08: double
CLS01.4-INV02-SB07.CorrenteCC_09: double
CLS01.4-INV02-SB07.CorrenteCC_10: double
CLS01.4-INV02-SB07.CorrenteCC_11: double
CLS01.4-INV02-SB07.CorrenteCC_12: double
CLS01.4-INV02-SB07.CorrenteCC_13: double
CLS01.4-INV02-SB07.CorrenteCC_14: double
CLS01.4-INV02-SB07.CorrenteCC_15: double
CLS01.4-INV02-SB07.CorrenteCC_16: double
CLS01.4-INV02-SB07.TensaoCC: double
CLS01.4-INV02-SB07-TR025.PosAngAlvo: double
CLS01.4-INV02-SB07-TR025.PosAngAtual: double
CLS01.4-INV02-SB07-TR026.PosAngAlvo: double
CLS01.4-INV02-SB07-TR026.PosAngAtual: double
CLS01.4-INV02-SB07-TR027.PosAngAlvo: double
CLS01.4-INV02-SB07-TR027.PosAngAtual: double
CLS01.4-INV02-SB07-TR028.PosAngAlvo: double
CLS01.4-INV02-SB07-TR028.PosAngAtual: double
CLS01.4-INV02-SB08.CorrenteCC_01: double
CLS01.4-INV02-SB08.CorrenteCC_02: double
CLS01.4-INV02-SB08.CorrenteCC_03: double
CLS01.4-INV02-SB08.CorrenteCC_04: double
CLS01.4-INV02-SB08.CorrenteCC_05: double
CLS01.4-INV02-SB08.CorrenteCC_06: double
CLS01.4-INV02-SB08.CorrenteCC_07: double
CLS01.4-INV02-SB08.CorrenteCC_08: double
CLS01.4-INV02-SB08.CorrenteCC_09: double
CLS01.4-INV02-SB08.CorrenteCC_10: double
CLS01.4-INV02-SB08.CorrenteCC_11: double
CLS01.4-INV02-SB08.CorrenteCC_12: double
CLS01.4-INV02-SB08.CorrenteCC_13: double
CLS01.4-INV02-SB08.CorrenteCC_14: double
CLS01.4-INV02-SB08.CorrenteCC_15: double
CLS01.4-INV02-SB08.CorrenteCC_16: double
CLS01.4-INV02-SB08.TensaoCC: double
CLS01.4-INV02-SB08-TR029.PosAngAlvo: double
CLS01.4-INV02-SB08-TR029.PosAngAtual: double
CLS01.4-INV02-SB08-TR030.PosAngAlvo: double
CLS01.4-INV02-SB08-TR030.PosAngAtual: double
CLS01.4-INV02-SB08-TR031.PosAngAlvo: double
CLS01.4-INV02-SB08-TR031.PosAngAtual: double
CLS01.4-INV02-SB08-TR032.PosAngAlvo: double
CLS01.4-INV02-SB08-TR032.PosAngAtual: double
CLS01.4-INV03.CorA: double
CLS01.4-INV03.CorB: double
CLS01.4-INV03.CorC: double
CLS01.4-INV03.CorrenteCC: double
CLS01.4-INV03.PotAt: double
CLS01.4-INV03.TenAB: double
CLS01.4-INV03.TenBC: double
CLS01.4-INV03.TenCA: double
CLS01.4-INV03.TensaoCC: double
CLS01.4-INV03-SB01.CorrenteCC_01: double
CLS01.4-INV03-SB01.CorrenteCC_02: double
CLS01.4-INV03-SB01.CorrenteCC_03: double
CLS01.4-INV03-SB01.CorrenteCC_04: double
CLS01.4-INV03-SB01.CorrenteCC_05: double
CLS01.4-INV03-SB01.CorrenteCC_06: double
CLS01.4-INV03-SB01.CorrenteCC_07: double
CLS01.4-INV03-SB01.CorrenteCC_08: double
CLS01.4-INV03-SB01.CorrenteCC_09: double
CLS01.4-INV03-SB01.CorrenteCC_10: double
CLS01.4-INV03-SB01.CorrenteCC_11: double
CLS01.4-INV03-SB01.CorrenteCC_12: double
CLS01.4-INV03-SB01.CorrenteCC_13: double
CLS01.4-INV03-SB01.CorrenteCC_14: double
CLS01.4-INV03-SB01.CorrenteCC_15: double
CLS01.4-INV03-SB01.CorrenteCC_16: double
CLS01.4-INV03-SB01.TensaoCC: double
CLS01.4-INV03-SB01-TR001.PosAngAlvo: double
CLS01.4-INV03-SB01-TR001.PosAngAtual: double
CLS01.4-INV03-SB01-TR002.PosAngAlvo: double
CLS01.4-INV03-SB01-TR002.PosAngAtual: double
CLS01.4-INV03-SB01-TR003.PosAngAlvo: double
CLS01.4-INV03-SB01-TR003.PosAngAtual: double
CLS01.4-INV03-SB01-TR004.PosAngAlvo: double
CLS01.4-INV03-SB01-TR004.PosAngAtual: double
CLS01.4-INV03-SB02.CorrenteCC_01: double
CLS01.4-INV03-SB02.CorrenteCC_02: double
CLS01.4-INV03-SB02.CorrenteCC_03: double
CLS01.4-INV03-SB02.CorrenteCC_04: double
CLS01.4-INV03-SB02.CorrenteCC_05: double
CLS01.4-INV03-SB02.CorrenteCC_06: double
CLS01.4-INV03-SB02.CorrenteCC_07: double
CLS01.4-INV03-SB02.CorrenteCC_08: double
CLS01.4-INV03-SB02.CorrenteCC_09: double
CLS01.4-INV03-SB02.CorrenteCC_10: double
CLS01.4-INV03-SB02.CorrenteCC_11: double
CLS01.4-INV03-SB02.CorrenteCC_12: double
CLS01.4-INV03-SB02.CorrenteCC_13: double
CLS01.4-INV03-SB02.CorrenteCC_14: double
CLS01.4-INV03-SB02.CorrenteCC_15: double
CLS01.4-INV03-SB02.CorrenteCC_16: double
CLS01.4-INV03-SB02.TensaoCC: double
CLS01.4-INV03-SB02-TR005.PosAngAlvo: double
CLS01.4-INV03-SB02-TR005.PosAngAtual: double
CLS01.4-INV03-SB02-TR006.PosAngAlvo: double
CLS01.4-INV03-SB02-TR006.PosAngAtual: double
CLS01.4-INV03-SB02-TR007.PosAngAlvo: double
CLS01.4-INV03-SB02-TR007.PosAngAtual: double
CLS01.4-INV03-SB02-TR008.PosAngAlvo: double
CLS01.4-INV03-SB02-TR008.PosAngAtual: double
CLS01.4-INV03-SB03.CorrenteCC_01: double
CLS01.4-INV03-SB03.CorrenteCC_02: double
CLS01.4-INV03-SB03.CorrenteCC_03: double
CLS01.4-INV03-SB03.CorrenteCC_04: double
CLS01.4-INV03-SB03.CorrenteCC_05: double
CLS01.4-INV03-SB03.CorrenteCC_06: double
CLS01.4-INV03-SB03.CorrenteCC_07: double
CLS01.4-INV03-SB03.CorrenteCC_08: double
CLS01.4-INV03-SB03.CorrenteCC_09: double
CLS01.4-INV03-SB03.CorrenteCC_10: double
CLS01.4-INV03-SB03.CorrenteCC_11: double
CLS01.4-INV03-SB03.CorrenteCC_12: double
CLS01.4-INV03-SB03.CorrenteCC_13: double
CLS01.4-INV03-SB03.CorrenteCC_14: double
CLS01.4-INV03-SB03.CorrenteCC_15: double
CLS01.4-INV03-SB03.CorrenteCC_16: double
CLS01.4-INV03-SB03.TensaoCC: double
CLS01.4-INV03-SB03-TR009.PosAngAlvo: double
CLS01.4-INV03-SB03-TR009.PosAngAtual: double
CLS01.4-INV03-SB03-TR010.PosAngAlvo: double
CLS01.4-INV03-SB03-TR010.PosAngAtual: double
CLS01.4-INV03-SB03-TR011.PosAngAlvo: double
CLS01.4-INV03-SB03-TR011.PosAngAtual: double
CLS01.4-INV03-SB03-TR012.PosAngAlvo: double
CLS01.4-INV03-SB03-TR012.PosAngAtual: double
CLS01.4-INV03-SB04.CorrenteCC_01: double
CLS01.4-INV03-SB04.CorrenteCC_02: double
CLS01.4-INV03-SB04.CorrenteCC_03: double
CLS01.4-INV03-SB04.CorrenteCC_04: double
CLS01.4-INV03-SB04.CorrenteCC_05: double
CLS01.4-INV03-SB04.CorrenteCC_06: double
CLS01.4-INV03-SB04.CorrenteCC_07: double
CLS01.4-INV03-SB04.CorrenteCC_08: double
CLS01.4-INV03-SB04.CorrenteCC_09: double
CLS01.4-INV03-SB04.CorrenteCC_10: double
CLS01.4-INV03-SB04.CorrenteCC_11: double
CLS01.4-INV03-SB04.CorrenteCC_12: double
CLS01.4-INV03-SB04.CorrenteCC_13: double
CLS01.4-INV03-SB04.CorrenteCC_14: double
CLS01.4-INV03-SB04.CorrenteCC_15: double
CLS01.4-INV03-SB04.CorrenteCC_16: double
CLS01.4-INV03-SB04.TensaoCC: double
CLS01.4-INV03-SB04-TR013.PosAngAlvo: double
CLS01.4-INV03-SB04-TR013.PosAngAtual: double
CLS01.4-INV03-SB04-TR014.PosAngAlvo: double
CLS01.4-INV03-SB04-TR014.PosAngAtual: double
CLS01.4-INV03-SB04-TR015.PosAngAlvo: double
CLS01.4-INV03-SB04-TR015.PosAngAtual: double
CLS01.4-INV03-SB04-TR016.PosAngAlvo: double
CLS01.4-INV03-SB04-TR016.PosAngAtual: double
CLS01.4-INV04.CorA: double
CLS01.4-INV04.CorB: double
CLS01.4-INV04.CorC: double
CLS01.4-INV04.CorrenteCC: double
CLS01.4-INV04.PotAt: double
CLS01.4-INV04.TenAB: double
CLS01.4-INV04.TenBC: double
CLS01.4-INV04.TenCA: double
CLS01.4-INV04.TensaoCC: double
CLS01.4-INV04-SB09.CorrenteCC_01: double
CLS01.4-INV04-SB09.CorrenteCC_02: double
CLS01.4-INV04-SB09.CorrenteCC_03: double
CLS01.4-INV04-SB09.CorrenteCC_04: double
CLS01.4-INV04-SB09.CorrenteCC_05: double
CLS01.4-INV04-SB09.CorrenteCC_06: double
CLS01.4-INV04-SB09.CorrenteCC_07: double
CLS01.4-INV04-SB09.CorrenteCC_08: double
CLS01.4-INV04-SB09.CorrenteCC_09: double
CLS01.4-INV04-SB09.CorrenteCC_10: double
CLS01.4-INV04-SB09.CorrenteCC_11: double
CLS01.4-INV04-SB09.CorrenteCC_12: double
CLS01.4-INV04-SB09.CorrenteCC_13: double
CLS01.4-INV04-SB09.CorrenteCC_14: double
CLS01.4-INV04-SB09.CorrenteCC_15: double
CLS01.4-INV04-SB09.CorrenteCC_16: double
CLS01.4-INV04-SB09.TensaoCC: double
CLS01.4-INV04-SB09-TR033.PosAngAlvo: double
CLS01.4-INV04-SB09-TR033.PosAngAtual: double
CLS01.4-INV04-SB09-TR034.PosAngAlvo: double
CLS01.4-INV04-SB09-TR034.PosAngAtual: double
CLS01.4-INV04-SB09-TR035.PosAngAlvo: double
CLS01.4-INV04-SB09-TR035.PosAngAtual: double
CLS01.4-INV04-SB09-TR036.PosAngAlvo: double
CLS01.4-INV04-SB09-TR036.PosAngAtual: double
CLS01.4-INV04-SB10.CorrenteCC_01: double
CLS01.4-INV04-SB10.CorrenteCC_02: double
CLS01.4-INV04-SB10.CorrenteCC_03: double
CLS01.4-INV04-SB10.CorrenteCC_04: double
CLS01.4-INV04-SB10.CorrenteCC_05: double
CLS01.4-INV04-SB10.CorrenteCC_06: double
CLS01.4-INV04-SB10.CorrenteCC_07: double
CLS01.4-INV04-SB10.CorrenteCC_08: double
CLS01.4-INV04-SB10.CorrenteCC_09: double
CLS01.4-INV04-SB10.CorrenteCC_10: double
CLS01.4-INV04-SB10.CorrenteCC_11: double
CLS01.4-INV04-SB10.CorrenteCC_12: double
CLS01.4-INV04-SB10.CorrenteCC_13: double
CLS01.4-INV04-SB10.CorrenteCC_14: double
CLS01.4-INV04-SB10.CorrenteCC_15: double
CLS01.4-INV04-SB10.CorrenteCC_16: double
CLS01.4-INV04-SB10.TensaoCC: double
CLS01.4-INV04-SB10-TR037.PosAngAlvo: double
CLS01.4-INV04-SB10-TR037.PosAngAtual: double
CLS01.4-INV04-SB10-TR038.PosAngAlvo: double
CLS01.4-INV04-SB10-TR038.PosAngAtual: double
CLS01.4-INV04-SB10-TR039.PosAngAlvo: double
CLS01.4-INV04-SB10-TR039.PosAngAtual: double
CLS01.4-INV04-SB10-TR040.PosAngAlvo: double
CLS01.4-INV04-SB10-TR040.PosAngAtual: double
CLS01.4-INV04-SB11.CorrenteCC_01: double
CLS01.4-INV04-SB11.CorrenteCC_02: double
CLS01.4-INV04-SB11.CorrenteCC_03: double
CLS01.4-INV04-SB11.CorrenteCC_04: double
CLS01.4-INV04-SB11.CorrenteCC_05: double
CLS01.4-INV04-SB11.CorrenteCC_06: double
CLS01.4-INV04-SB11.CorrenteCC_07: double
CLS01.4-INV04-SB11.CorrenteCC_08: double
CLS01.4-INV04-SB11.CorrenteCC_09: double
CLS01.4-INV04-SB11.CorrenteCC_10: double
CLS01.4-INV04-SB11.CorrenteCC_11: double
CLS01.4-INV04-SB11.CorrenteCC_12: double
CLS01.4-INV04-SB11.CorrenteCC_13: double
CLS01.4-INV04-SB11.CorrenteCC_14: double
CLS01.4-INV04-SB11.CorrenteCC_15: double
CLS01.4-INV04-SB11.CorrenteCC_16: double
CLS01.4-INV04-SB11.TensaoCC: double
CLS01.4-INV04-SB11-TR041.PosAngAlvo: double
CLS01.4-INV04-SB11-TR041.PosAngAtual: double
CLS01.4-INV04-SB11-TR042.PosAngAlvo: double
CLS01.4-INV04-SB11-TR042.PosAngAtual: double
CLS01.4-INV04-SB11-TR043.PosAngAlvo: double
CLS01.4-INV04-SB11-TR043.PosAngAtual: double
CLS01.4-INV04-SB11-TR044.PosAngAlvo: double
CLS01.4-INV04-SB11-TR044.PosAngAtual: double
CLS01.4-INV04-SB12.CorrenteCC_01: double
CLS01.4-INV04-SB12.CorrenteCC_02: double
CLS01.4-INV04-SB12.CorrenteCC_03: double
CLS01.4-INV04-SB12.CorrenteCC_04: double
CLS01.4-INV04-SB12.CorrenteCC_05: double
CLS01.4-INV04-SB12.CorrenteCC_06: double
CLS01.4-INV04-SB12.CorrenteCC_07: double
CLS01.4-INV04-SB12.CorrenteCC_08: double
CLS01.4-INV04-SB12.CorrenteCC_09: double
CLS01.4-INV04-SB12.CorrenteCC_10: double
CLS01.4-INV04-SB12.CorrenteCC_11: double
CLS01.4-INV04-SB12.CorrenteCC_12: double
CLS01.4-INV04-SB12.CorrenteCC_13: double
CLS01.4-INV04-SB12.CorrenteCC_14: double
CLS01.4-INV04-SB12.CorrenteCC_15: double
CLS01.4-INV04-SB12.CorrenteCC_16: double
CLS01.4-INV04-SB12.TensaoCC: double
CLS01.4-INV04-SB12-TR045.PosAngAlvo: double
CLS01.4-INV04-SB12-TR045.PosAngAtual: double
CLS01.4-INV04-SB12-TR046.PosAngAlvo: double
CLS01.4-INV04-SB12-TR046.PosAngAtual: double
CLS01.4-INV04-SB12-TR047.PosAngAlvo: double
CLS01.4-INV04-SB12-TR047.PosAngAtual: double
CLS01.4-INV04-SB12-TR048.PosAngAlvo: double
CLS01.4-INV04-SB12-TR048.PosAngAtual: double
CLS01.4-INV05.CorA: double
CLS01.4-INV05.CorB: double
CLS01.4-INV05.CorC: double
CLS01.4-INV05.CorrenteCC: double
CLS01.4-INV05.PotAt: double
CLS01.4-INV05.TenAB: double
CLS01.4-INV05.TenBC: double
CLS01.4-INV05.TenCA: double
CLS01.4-INV05.TensaoCC: double
CLS01.4-INV05-SB17.CorrenteCC_01: double
CLS01.4-INV05-SB17.CorrenteCC_02: double
CLS01.4-INV05-SB17.CorrenteCC_03: double
CLS01.4-INV05-SB17.CorrenteCC_04: double
CLS01.4-INV05-SB17.CorrenteCC_05: double
CLS01.4-INV05-SB17.CorrenteCC_06: double
CLS01.4-INV05-SB17.CorrenteCC_07: double
CLS01.4-INV05-SB17.CorrenteCC_08: double
CLS01.4-INV05-SB17.CorrenteCC_09: double
CLS01.4-INV05-SB17.CorrenteCC_10: double
CLS01.4-INV05-SB17.CorrenteCC_11: double
CLS01.4-INV05-SB17.CorrenteCC_12: double
CLS01.4-INV05-SB17.CorrenteCC_13: double
CLS01.4-INV05-SB17.CorrenteCC_14: double
CLS01.4-INV05-SB17.CorrenteCC_15: double
CLS01.4-INV05-SB17.CorrenteCC_16: double
CLS01.4-INV05-SB17.TensaoCC: double
CLS01.4-INV05-SB17-TR065.PosAngAlvo: double
CLS01.4-INV05-SB17-TR065.PosAngAtual: double
CLS01.4-INV05-SB17-TR066.PosAngAlvo: double
CLS01.4-INV05-SB17-TR066.PosAngAtual: double
CLS01.4-INV05-SB17-TR067.PosAngAlvo: double
CLS01.4-INV05-SB17-TR067.PosAngAtual: double
CLS01.4-INV05-SB17-TR068.PosAngAlvo: double
CLS01.4-INV05-SB17-TR068.PosAngAtual: double
CLS01.4-INV05-SB18.CorrenteCC_01: double
CLS01.4-INV05-SB18.CorrenteCC_02: double
CLS01.4-INV05-SB18.CorrenteCC_03: double
CLS01.4-INV05-SB18.CorrenteCC_04: double
CLS01.4-INV05-SB18.CorrenteCC_05: double
CLS01.4-INV05-SB18.CorrenteCC_06: double
CLS01.4-INV05-SB18.CorrenteCC_07: double
CLS01.4-INV05-SB18.CorrenteCC_08: double
CLS01.4-INV05-SB18.CorrenteCC_09: double
CLS01.4-INV05-SB18.CorrenteCC_10: double
CLS01.4-INV05-SB18.CorrenteCC_11: double
CLS01.4-INV05-SB18.CorrenteCC_12: double
CLS01.4-INV05-SB18.CorrenteCC_13: double
CLS01.4-INV05-SB18.CorrenteCC_14: double
CLS01.4-INV05-SB18.CorrenteCC_15: double
CLS01.4-INV05-SB18.CorrenteCC_16: double
CLS01.4-INV05-SB18.TensaoCC: double
CLS01.4-INV05-SB18-TR069.PosAngAlvo: double
CLS01.4-INV05-SB18-TR069.PosAngAtual: double
CLS01.4-INV05-SB18-TR070.PosAngAlvo: double
CLS01.4-INV05-SB18-TR070.PosAngAtual: double
CLS01.4-INV05-SB18-TR071.PosAngAlvo: double
CLS01.4-INV05-SB18-TR071.PosAngAtual: double
CLS01.4-INV05-SB18-TR072.PosAngAlvo: double
CLS01.4-INV05-SB18-TR072.PosAngAtual: double
CLS01.4-INV05-SB19.CorrenteCC_01: double
CLS01.4-INV05-SB19.CorrenteCC_02: double
CLS01.4-INV05-SB19.CorrenteCC_03: double
CLS01.4-INV05-SB19.CorrenteCC_04: double
CLS01.4-INV05-SB19.CorrenteCC_05: double
CLS01.4-INV05-SB19.CorrenteCC_06: double
CLS01.4-INV05-SB19.CorrenteCC_07: double
CLS01.4-INV05-SB19.CorrenteCC_08: double
CLS01.4-INV05-SB19.CorrenteCC_09: double
CLS01.4-INV05-SB19.CorrenteCC_10: double
CLS01.4-INV05-SB19.CorrenteCC_11: double
CLS01.4-INV05-SB19.CorrenteCC_12: double
CLS01.4-INV05-SB19.CorrenteCC_13: double
CLS01.4-INV05-SB19.CorrenteCC_14: double
CLS01.4-INV05-SB19.CorrenteCC_15: double
CLS01.4-INV05-SB19.CorrenteCC_16: double
CLS01.4-INV05-SB19.TensaoCC: double
CLS01.4-INV05-SB19-TR073.PosAngAlvo: double
CLS01.4-INV05-SB19-TR073.PosAngAtual: double
CLS01.4-INV05-SB19-TR074.PosAngAlvo: double
CLS01.4-INV05-SB19-TR074.PosAngAtual: double
CLS01.4-INV05-SB19-TR075.PosAngAlvo: double
CLS01.4-INV05-SB19-TR075.PosAngAtual: double
CLS01.4-INV05-SB19-TR076.PosAngAlvo: double
CLS01.4-INV05-SB19-TR076.PosAngAtual: double
CLS01.4-INV05-SB20.CorrenteCC_01: double
CLS01.4-INV05-SB20.CorrenteCC_02: double
CLS01.4-INV05-SB20.CorrenteCC_03: double
CLS01.4-INV05-SB20.CorrenteCC_04: double
CLS01.4-INV05-SB20.CorrenteCC_05: double
CLS01.4-INV05-SB20.CorrenteCC_06: double
CLS01.4-INV05-SB20.CorrenteCC_07: double
CLS01.4-INV05-SB20.CorrenteCC_08: double
CLS01.4-INV05-SB20.CorrenteCC_09: double
CLS01.4-INV05-SB20.CorrenteCC_10: double
CLS01.4-INV05-SB20.CorrenteCC_11: double
CLS01.4-INV05-SB20.CorrenteCC_12: double
CLS01.4-INV05-SB20.CorrenteCC_13: double
CLS01.4-INV05-SB20.CorrenteCC_14: double
CLS01.4-INV05-SB20.CorrenteCC_15: double
CLS01.4-INV05-SB20.CorrenteCC_16: double
CLS01.4-INV05-SB20.TensaoCC: double
CLS01.4-INV05-SB20-TR077.PosAngAlvo: double
CLS01.4-INV05-SB20-TR077.PosAngAtual: double
CLS01.4-INV05-SB20-TR078.PosAngAlvo: double
CLS01.4-INV05-SB20-TR078.PosAngAtual: double
CLS01.4-INV05-SB20-TR079.PosAngAlvo: double
CLS01.4-INV05-SB20-TR079.PosAngAtual: double
CLS01.4-INV05-SB20-TR080.PosAngAlvo: double
CLS01.4-INV05-SB20-TR080.PosAngAtual: double
CLS01.4-INV06.CorA: double
CLS01.4-INV06.CorB: double
CLS01.4-INV06.CorC: double
CLS01.4-INV06.CorrenteCC: double
CLS01.4-INV06.PotAt: double
CLS01.4-INV06.TenAB: double
CLS01.4-INV06.TenBC: double
CLS01.4-INV06.TenCA: double
CLS01.4-INV06.TensaoCC: double
CLS01.4-INV06-SB25.CorrenteCC_01: double
CLS01.4-INV06-SB25.CorrenteCC_02: double
CLS01.4-INV06-SB25.CorrenteCC_03: double
CLS01.4-INV06-SB25.CorrenteCC_04: double
CLS01.4-INV06-SB25.CorrenteCC_05: double
CLS01.4-INV06-SB25.CorrenteCC_06: double
CLS01.4-INV06-SB25.CorrenteCC_07: double
CLS01.4-INV06-SB25.CorrenteCC_08: double
CLS01.4-INV06-SB25.CorrenteCC_09: double
CLS01.4-INV06-SB25.CorrenteCC_10: double
CLS01.4-INV06-SB25.CorrenteCC_11: double
CLS01.4-INV06-SB25.CorrenteCC_12: double
CLS01.4-INV06-SB25.CorrenteCC_13: double
CLS01.4-INV06-SB25.CorrenteCC_14: double
CLS01.4-INV06-SB25.CorrenteCC_15: double
CLS01.4-INV06-SB25.CorrenteCC_16: double
CLS01.4-INV06-SB25.TensaoCC: double
CLS01.4-INV06-SB25-TR097.PosAngAlvo: double
CLS01.4-INV06-SB25-TR097.PosAngAtual: double
CLS01.4-INV06-SB25-TR098.PosAngAlvo: double
CLS01.4-INV06-SB25-TR098.PosAngAtual: double
CLS01.4-INV06-SB25-TR099.PosAngAlvo: double
CLS01.4-INV06-SB25-TR099.PosAngAtual: double
CLS01.4-INV06-SB25-TR100.PosAngAlvo: double
CLS01.4-INV06-SB25-TR100.PosAngAtual: double
CLS01.4-INV06-SB26.CorrenteCC_01: double
CLS01.4-INV06-SB26.CorrenteCC_02: double
CLS01.4-INV06-SB26.CorrenteCC_03: double
CLS01.4-INV06-SB26.CorrenteCC_04: double
CLS01.4-INV06-SB26.CorrenteCC_05: double
CLS01.4-INV06-SB26.CorrenteCC_06: double
CLS01.4-INV06-SB26.CorrenteCC_07: double
CLS01.4-INV06-SB26.CorrenteCC_08: double
CLS01.4-INV06-SB26.CorrenteCC_09: double
CLS01.4-INV06-SB26.CorrenteCC_10: double
CLS01.4-INV06-SB26.CorrenteCC_11: double
CLS01.4-INV06-SB26.CorrenteCC_12: double
CLS01.4-INV06-SB26.CorrenteCC_13: double
CLS01.4-INV06-SB26.CorrenteCC_14: double
CLS01.4-INV06-SB26.CorrenteCC_15: double
CLS01.4-INV06-SB26.CorrenteCC_16: double
CLS01.4-INV06-SB26.TensaoCC: double
CLS01.4-INV06-SB26-TR101.PosAngAlvo: double
CLS01.4-INV06-SB26-TR101.PosAngAtual: double
CLS01.4-INV06-SB26-TR102.PosAngAlvo: double
CLS01.4-INV06-SB26-TR102.PosAngAtual: double
CLS01.4-INV06-SB26-TR103.PosAngAlvo: double
CLS01.4-INV06-SB26-TR103.PosAngAtual: double
CLS01.4-INV06-SB26-TR104.PosAngAlvo: double
CLS01.4-INV06-SB26-TR104.PosAngAtual: double
CLS01.4-INV06-SB27.CorrenteCC_01: double
CLS01.4-INV06-SB27.CorrenteCC_02: double
CLS01.4-INV06-SB27.CorrenteCC_03: double
CLS01.4-INV06-SB27.CorrenteCC_04: double
CLS01.4-INV06-SB27.CorrenteCC_05: double
CLS01.4-INV06-SB27.CorrenteCC_06: double
CLS01.4-INV06-SB27.CorrenteCC_07: double
CLS01.4-INV06-SB27.CorrenteCC_08: double
CLS01.4-INV06-SB27.CorrenteCC_09: double
CLS01.4-INV06-SB27.CorrenteCC_10: double
CLS01.4-INV06-SB27.CorrenteCC_11: double
CLS01.4-INV06-SB27.CorrenteCC_12: double
CLS01.4-INV06-SB27.CorrenteCC_13: double
CLS01.4-INV06-SB27.CorrenteCC_14: double
CLS01.4-INV06-SB27.CorrenteCC_15: double
CLS01.4-INV06-SB27.CorrenteCC_16: double
CLS01.4-INV06-SB27.TensaoCC: double
CLS01.4-INV06-SB27-TR105.PosAngAlvo: double
CLS01.4-INV06-SB27-TR105.PosAngAtual: double
CLS01.4-INV06-SB27-TR106.PosAngAlvo: double
CLS01.4-INV06-SB27-TR106.PosAngAtual: double
CLS01.4-INV06-SB27-TR107.PosAngAlvo: double
CLS01.4-INV06-SB27-TR107.PosAngAtual: double
CLS01.4-INV06-SB27-TR108.PosAngAlvo: double
CLS01.4-INV06-SB27-TR108.PosAngAtual: double
CLS01.4-INV06-SB28.CorrenteCC_01: double
CLS01.4-INV06-SB28.CorrenteCC_02: double
CLS01.4-INV06-SB28.CorrenteCC_03: double
CLS01.4-INV06-SB28.CorrenteCC_04: double
CLS01.4-INV06-SB28.CorrenteCC_05: double
CLS01.4-INV06-SB28.CorrenteCC_06: double
CLS01.4-INV06-SB28.CorrenteCC_07: double
CLS01.4-INV06-SB28.CorrenteCC_08: double
CLS01.4-INV06-SB28.CorrenteCC_09: double
CLS01.4-INV06-SB28.CorrenteCC_10: double
CLS01.4-INV06-SB28.CorrenteCC_11: double
CLS01.4-INV06-SB28.CorrenteCC_12: double
CLS01.4-INV06-SB28.CorrenteCC_13: double
CLS01.4-INV06-SB28.CorrenteCC_14: double
CLS01.4-INV06-SB28.CorrenteCC_15: double
CLS01.4-INV06-SB28.CorrenteCC_16: double
CLS01.4-INV06-SB28.TensaoCC: double
CLS01.4-INV06-SB28-TR109.PosAngAlvo: double
CLS01.4-INV06-SB28-TR109.PosAngAtual: double
CLS01.4-INV06-SB28-TR110.PosAngAlvo: double
CLS01.4-INV06-SB28-TR110.PosAngAtual: double
CLS01.4-INV06-SB28-TR111.PosAngAlvo: double
CLS01.4-INV06-SB28-TR111.PosAngAtual: double
CLS01.4-INV06-SB28-TR112.PosAngAlvo: double
CLS01.4-INV06-SB28-TR112.PosAngAtual: double
CLS01.4-INV07.CorA: double
CLS01.4-INV07.CorB: double
CLS01.4-INV07.CorC: double
CLS01.4-INV07.CorrenteCC: double
CLS01.4-INV07.PotAt: double
CLS01.4-INV07.TenAB: double
CLS01.4-INV07.TenBC: double
CLS01.4-INV07.TenCA: double
CLS01.4-INV07.TensaoCC: double
CLS01.4-INV07-SB29.CorrenteCC_01: double
CLS01.4-INV07-SB29.CorrenteCC_02: double
CLS01.4-INV07-SB29.CorrenteCC_03: double
CLS01.4-INV07-SB29.CorrenteCC_04: double
CLS01.4-INV07-SB29.CorrenteCC_05: double
CLS01.4-INV07-SB29.CorrenteCC_06: double
CLS01.4-INV07-SB29.CorrenteCC_07: double
CLS01.4-INV07-SB29.CorrenteCC_08: double
CLS01.4-INV07-SB29.CorrenteCC_09: double
CLS01.4-INV07-SB29.CorrenteCC_10: double
CLS01.4-INV07-SB29.CorrenteCC_11: double
CLS01.4-INV07-SB29.CorrenteCC_12: double
CLS01.4-INV07-SB29.CorrenteCC_13: double
CLS01.4-INV07-SB29.CorrenteCC_14: double
CLS01.4-INV07-SB29.CorrenteCC_15: double
CLS01.4-INV07-SB29.CorrenteCC_16: double
CLS01.4-INV07-SB29.TensaoCC: double
CLS01.4-INV07-SB29-TR113.PosAngAlvo: double
CLS01.4-INV07-SB29-TR113.PosAngAtual: double
CLS01.4-INV07-SB29-TR114.PosAngAlvo: double
CLS01.4-INV07-SB29-TR114.PosAngAtual: double
CLS01.4-INV07-SB29-TR115.PosAngAlvo: double
CLS01.4-INV07-SB29-TR115.PosAngAtual: double
CLS01.4-INV07-SB29-TR116.PosAngAlvo: double
CLS01.4-INV07-SB29-TR116.PosAngAtual: double
CLS01.4-INV07-SB30.CorrenteCC_01: double
CLS01.4-INV07-SB30.CorrenteCC_02: double
CLS01.4-INV07-SB30.CorrenteCC_03: double
CLS01.4-INV07-SB30.CorrenteCC_04: double
CLS01.4-INV07-SB30.CorrenteCC_05: double
CLS01.4-INV07-SB30.CorrenteCC_06: double
CLS01.4-INV07-SB30.CorrenteCC_07: double
CLS01.4-INV07-SB30.CorrenteCC_08: double
CLS01.4-INV07-SB30.CorrenteCC_09: double
CLS01.4-INV07-SB30.CorrenteCC_10: double
CLS01.4-INV07-SB30.CorrenteCC_11: double
CLS01.4-INV07-SB30.CorrenteCC_12: double
CLS01.4-INV07-SB30.CorrenteCC_13: double
CLS01.4-INV07-SB30.CorrenteCC_14: double
CLS01.4-INV07-SB30.CorrenteCC_15: double
CLS01.4-INV07-SB30.CorrenteCC_16: double
CLS01.4-INV07-SB30.TensaoCC: double
CLS01.4-INV07-SB30-TR117.PosAngAlvo: double
CLS01.4-INV07-SB30-TR117.PosAngAtual: double
CLS01.4-INV07-SB30-TR118.PosAngAlvo: double
CLS01.4-INV07-SB30-TR118.PosAngAtual: double
CLS01.4-INV07-SB30-TR119.PosAngAlvo: double
CLS01.4-INV07-SB30-TR119.PosAngAtual: double
CLS01.4-INV07-SB30-TR120.PosAngAlvo: double
CLS01.4-INV07-SB30-TR120.PosAngAtual: double
CLS01.4-INV07-SB31.CorrenteCC_01: double
CLS01.4-INV07-SB31.CorrenteCC_02: double
CLS01.4-INV07-SB31.CorrenteCC_03: double
CLS01.4-INV07-SB31.CorrenteCC_04: double
CLS01.4-INV07-SB31.CorrenteCC_05: double
CLS01.4-INV07-SB31.CorrenteCC_06: double
CLS01.4-INV07-SB31.CorrenteCC_07: double
CLS01.4-INV07-SB31.CorrenteCC_08: double
CLS01.4-INV07-SB31.CorrenteCC_09: double
CLS01.4-INV07-SB31.CorrenteCC_10: double
CLS01.4-INV07-SB31.CorrenteCC_11: double
CLS01.4-INV07-SB31.CorrenteCC_12: double
CLS01.4-INV07-SB31.CorrenteCC_13: double
CLS01.4-INV07-SB31.CorrenteCC_14: double
CLS01.4-INV07-SB31.CorrenteCC_15: double
CLS01.4-INV07-SB31.CorrenteCC_16: double
CLS01.4-INV07-SB31.TensaoCC: double
CLS01.4-INV07-SB31-TR121.PosAngAlvo: double
CLS01.4-INV07-SB31-TR121.PosAngAtual: double
CLS01.4-INV07-SB31-TR122.PosAngAlvo: double
CLS01.4-INV07-SB31-TR122.PosAngAtual: double
CLS01.4-INV07-SB31-TR123.PosAngAlvo: double
CLS01.4-INV07-SB31-TR123.PosAngAtual: double
CLS01.4-INV07-SB31-TR124.PosAngAlvo: double
CLS01.4-INV07-SB31-TR124.PosAngAtual: double
CLS01.4-INV07-SB32.CorrenteCC_01: double
CLS01.4-INV07-SB32.CorrenteCC_02: double
CLS01.4-INV07-SB32.CorrenteCC_03: double
CLS01.4-INV07-SB32.CorrenteCC_04: double
CLS01.4-INV07-SB32.CorrenteCC_05: double
CLS01.4-INV07-SB32.CorrenteCC_06: double
CLS01.4-INV07-SB32.CorrenteCC_07: double
CLS01.4-INV07-SB32.CorrenteCC_08: double
CLS01.4-INV07-SB32.CorrenteCC_09: double
CLS01.4-INV07-SB32.CorrenteCC_10: double
CLS01.4-INV07-SB32.CorrenteCC_11: double
CLS01.4-INV07-SB32.CorrenteCC_12: double
CLS01.4-INV07-SB32.CorrenteCC_13: double
CLS01.4-INV07-SB32.CorrenteCC_14: double
CLS01.4-INV07-SB32.CorrenteCC_15: double
CLS01.4-INV07-SB32.CorrenteCC_16: double
CLS01.4-INV07-SB32.TensaoCC: double
CLS01.4-INV07-SB32-TR125.PosAngAlvo: double
CLS01.4-INV07-SB32-TR125.PosAngAtual: double
CLS01.4-INV07-SB32-TR126.PosAngAlvo: double
CLS01.4-INV07-SB32-TR126.PosAngAtual: double
CLS01.4-INV07-SB32-TR127.PosAngAlvo: double
CLS01.4-INV07-SB32-TR127.PosAngAtual: double
CLS01.4-INV07-SB32-TR128.PosAngAlvo: double
CLS01.4-INV07-SB32-TR128.PosAngAtual: double
CLS01.4-INV08.CorA: double
CLS01.4-INV08.CorB: double
CLS01.4-INV08.CorC: double
CLS01.4-INV08.CorrenteCC: double
CLS01.4-INV08.PotAt: double
CLS01.4-INV08.TenAB: double
CLS01.4-INV08.TenBC: double
CLS01.4-INV08.TenCA: double
CLS01.4-INV08.TensaoCC: double
CLS01.4-INV08-SB21.CorrenteCC_01: double
CLS01.4-INV08-SB21.CorrenteCC_02: double
CLS01.4-INV08-SB21.CorrenteCC_03: double
CLS01.4-INV08-SB21.CorrenteCC_04: double
CLS01.4-INV08-SB21.CorrenteCC_05: double
CLS01.4-INV08-SB21.CorrenteCC_06: double
CLS01.4-INV08-SB21.CorrenteCC_07: double
CLS01.4-INV08-SB21.CorrenteCC_08: double
CLS01.4-INV08-SB21.CorrenteCC_09: double
CLS01.4-INV08-SB21.CorrenteCC_10: double
CLS01.4-INV08-SB21.CorrenteCC_11: double
CLS01.4-INV08-SB21.CorrenteCC_12: double
CLS01.4-INV08-SB21.CorrenteCC_13: double
CLS01.4-INV08-SB21.CorrenteCC_14: double
CLS01.4-INV08-SB21.CorrenteCC_15: double
CLS01.4-INV08-SB21.CorrenteCC_16: double
CLS01.4-INV08-SB21.TensaoCC: double
CLS01.4-INV08-SB21-TR081.PosAngAlvo: double
CLS01.4-INV08-SB21-TR081.PosAngAtual: double
CLS01.4-INV08-SB21-TR082.PosAngAlvo: double
CLS01.4-INV08-SB21-TR082.PosAngAtual: double
CLS01.4-INV08-SB21-TR083.PosAngAlvo: double
CLS01.4-INV08-SB21-TR083.PosAngAtual: double
CLS01.4-INV08-SB21-TR084.PosAngAlvo: double
CLS01.4-INV08-SB21-TR084.PosAngAtual: double
CLS01.4-INV08-SB22.CorrenteCC_01: double
CLS01.4-INV08-SB22.CorrenteCC_02: double
CLS01.4-INV08-SB22.CorrenteCC_03: double
CLS01.4-INV08-SB22.CorrenteCC_04: double
CLS01.4-INV08-SB22.CorrenteCC_05: double
CLS01.4-INV08-SB22.CorrenteCC_06: double
CLS01.4-INV08-SB22.CorrenteCC_07: double
CLS01.4-INV08-SB22.CorrenteCC_08: double
CLS01.4-INV08-SB22.CorrenteCC_09: double
CLS01.4-INV08-SB22.CorrenteCC_10: double
CLS01.4-INV08-SB22.CorrenteCC_11: double
CLS01.4-INV08-SB22.CorrenteCC_12: double
CLS01.4-INV08-SB22.CorrenteCC_13: double
CLS01.4-INV08-SB22.CorrenteCC_14: double
CLS01.4-INV08-SB22.CorrenteCC_15: double
CLS01.4-INV08-SB22.CorrenteCC_16: double
CLS01.4-INV08-SB22.TensaoCC: double
CLS01.4-INV08-SB22-TR085.PosAngAlvo: double
CLS01.4-INV08-SB22-TR085.PosAngAtual: double
CLS01.4-INV08-SB22-TR086.PosAngAlvo: double
CLS01.4-INV08-SB22-TR086.PosAngAtual: double
CLS01.4-INV08-SB22-TR087.PosAngAlvo: double
CLS01.4-INV08-SB22-TR087.PosAngAtual: double
CLS01.4-INV08-SB22-TR088.PosAngAlvo: double
CLS01.4-INV08-SB22-TR088.PosAngAtual: double
CLS01.4-INV08-SB23.CorrenteCC_01: double
CLS01.4-INV08-SB23.CorrenteCC_02: double
CLS01.4-INV08-SB23.CorrenteCC_03: double
CLS01.4-INV08-SB23.CorrenteCC_04: double
CLS01.4-INV08-SB23.CorrenteCC_05: double
CLS01.4-INV08-SB23.CorrenteCC_06: double
CLS01.4-INV08-SB23.CorrenteCC_07: double
CLS01.4-INV08-SB23.CorrenteCC_08: double
CLS01.4-INV08-SB23.CorrenteCC_09: double
CLS01.4-INV08-SB23.CorrenteCC_10: double
CLS01.4-INV08-SB23.CorrenteCC_11: double
CLS01.4-INV08-SB23.CorrenteCC_12: double
CLS01.4-INV08-SB23.CorrenteCC_13: double
CLS01.4-INV08-SB23.CorrenteCC_14: double
CLS01.4-INV08-SB23.CorrenteCC_15: double
CLS01.4-INV08-SB23.CorrenteCC_16: double
CLS01.4-INV08-SB23.TensaoCC: double
CLS01.4-INV08-SB23-TR089.PosAngAlvo: double
CLS01.4-INV08-SB23-TR089.PosAngAtual: double
CLS01.4-INV08-SB23-TR090.PosAngAlvo: double
CLS01.4-INV08-SB23-TR090.PosAngAtual: double
CLS01.4-INV08-SB23-TR091.PosAngAlvo: double
CLS01.4-INV08-SB23-TR091.PosAngAtual: double
CLS01.4-INV08-SB23-TR092.PosAngAlvo: double
CLS01.4-INV08-SB23-TR092.PosAngAtual: double
CLS01.4-INV08-SB24.CorrenteCC_01: double
CLS01.4-INV08-SB24.CorrenteCC_02: double
CLS01.4-INV08-SB24.CorrenteCC_03: double
CLS01.4-INV08-SB24.CorrenteCC_04: double
CLS01.4-INV08-SB24.CorrenteCC_05: double
CLS01.4-INV08-SB24.CorrenteCC_06: double
CLS01.4-INV08-SB24.CorrenteCC_07: double
CLS01.4-INV08-SB24.CorrenteCC_08: double
CLS01.4-INV08-SB24.CorrenteCC_09: double
CLS01.4-INV08-SB24.CorrenteCC_10: double
CLS01.4-INV08-SB24.CorrenteCC_11: double
CLS01.4-INV08-SB24.CorrenteCC_12: double
CLS01.4-INV08-SB24.CorrenteCC_13: double
CLS01.4-INV08-SB24.CorrenteCC_14: double
CLS01.4-INV08-SB24.CorrenteCC_15: double
CLS01.4-INV08-SB24.CorrenteCC_16: double
CLS01.4-INV08-SB24.TensaoCC: double
CLS01.4-INV08-SB24-TR093.PosAngAlvo: double
CLS01.4-INV08-SB24-TR093.PosAngAtual: double
CLS01.4-INV08-SB24-TR094.PosAngAlvo: double
CLS01.4-INV08-SB24-TR094.PosAngAtual: double
CLS01.4-INV08-SB24-TR095.PosAngAlvo: double
CLS01.4-INV08-SB24-TR095.PosAngAtual: double
CLS01.4-INV08-SB24-TR096.PosAngAlvo: double
CLS01.4-INV08-SB24-TR096.PosAngAtual: double
CLS01.5.MET-A.POA-Irrd: double
CLS01.5.MET-A.POA-Irrd_REAR: double
CLS01.5.MET-A.T_MOD: double
CLS01.5.MET-A.TxaSuj_1: double
CLS01.5.MET-A.TxaSuj_2: double
CLS01.5-INV01.CorA: double
CLS01.5-INV01.CorB: double
CLS01.5-INV01.CorC: double
CLS01.5-INV01.CorrenteCC: double
CLS01.5-INV01.PotAt: double
CLS01.5-INV01.TenAB: double
CLS01.5-INV01.TenBC: double
CLS01.5-INV01.TenCA: double
CLS01.5-INV01.TensaoCC: double
CLS01.5-INV01-SB13.CorrenteCC_01: double
CLS01.5-INV01-SB13.CorrenteCC_02: double
CLS01.5-INV01-SB13.CorrenteCC_03: double
CLS01.5-INV01-SB13.CorrenteCC_04: double
CLS01.5-INV01-SB13.CorrenteCC_05: double
CLS01.5-INV01-SB13.CorrenteCC_06: double
CLS01.5-INV01-SB13.CorrenteCC_07: double
CLS01.5-INV01-SB13.CorrenteCC_08: double
CLS01.5-INV01-SB13.CorrenteCC_09: double
CLS01.5-INV01-SB13.CorrenteCC_10: double
CLS01.5-INV01-SB13.CorrenteCC_11: double
CLS01.5-INV01-SB13.CorrenteCC_12: double
CLS01.5-INV01-SB13.CorrenteCC_13: double
CLS01.5-INV01-SB13.CorrenteCC_14: double
CLS01.5-INV01-SB13.CorrenteCC_15: double
CLS01.5-INV01-SB13.CorrenteCC_16: double
CLS01.5-INV01-SB13.TensaoCC: double
CLS01.5-INV01-SB13-TR049.PosAngAlvo: double
CLS01.5-INV01-SB13-TR049.PosAngAtual: double
CLS01.5-INV01-SB13-TR050.PosAngAlvo: double
CLS01.5-INV01-SB13-TR050.PosAngAtual: double
CLS01.5-INV01-SB13-TR051.PosAngAlvo: double
CLS01.5-INV01-SB13-TR051.PosAngAtual: double
CLS01.5-INV01-SB13-TR052.PosAngAlvo: double
CLS01.5-INV01-SB13-TR052.PosAngAtual: double
CLS01.5-INV01-SB14.CorrenteCC_01: double
CLS01.5-INV01-SB14.CorrenteCC_02: double
CLS01.5-INV01-SB14.CorrenteCC_03: double
CLS01.5-INV01-SB14.CorrenteCC_04: double
CLS01.5-INV01-SB14.CorrenteCC_05: double
CLS01.5-INV01-SB14.CorrenteCC_06: double
CLS01.5-INV01-SB14.CorrenteCC_07: double
CLS01.5-INV01-SB14.CorrenteCC_08: double
CLS01.5-INV01-SB14.CorrenteCC_09: double
CLS01.5-INV01-SB14.CorrenteCC_10: double
CLS01.5-INV01-SB14.CorrenteCC_11: double
CLS01.5-INV01-SB14.CorrenteCC_12: double
CLS01.5-INV01-SB14.CorrenteCC_13: double
CLS01.5-INV01-SB14.CorrenteCC_14: double
CLS01.5-INV01-SB14.CorrenteCC_15: double
CLS01.5-INV01-SB14.CorrenteCC_16: double
CLS01.5-INV01-SB14.TensaoCC: double
CLS01.5-INV01-SB14-TR053.PosAngAlvo: double
CLS01.5-INV01-SB14-TR053.PosAngAtual: double
CLS01.5-INV01-SB14-TR054.PosAngAlvo: double
CLS01.5-INV01-SB14-TR054.PosAngAtual: double
CLS01.5-INV01-SB14-TR055.PosAngAlvo: double
CLS01.5-INV01-SB14-TR055.PosAngAtual: double
CLS01.5-INV01-SB14-TR056.PosAngAlvo: double
CLS01.5-INV01-SB14-TR056.PosAngAtual: double
CLS01.5-INV01-SB15.CorrenteCC_01: double
CLS01.5-INV01-SB15.CorrenteCC_02: double
CLS01.5-INV01-SB15.CorrenteCC_03: double
CLS01.5-INV01-SB15.CorrenteCC_04: double
CLS01.5-INV01-SB15.CorrenteCC_05: double
CLS01.5-INV01-SB15.CorrenteCC_06: double
CLS01.5-INV01-SB15.CorrenteCC_07: double
CLS01.5-INV01-SB15.CorrenteCC_08: double
CLS01.5-INV01-SB15.CorrenteCC_09: double
CLS01.5-INV01-SB15.CorrenteCC_10: double
CLS01.5-INV01-SB15.CorrenteCC_11: double
CLS01.5-INV01-SB15.CorrenteCC_12: double
CLS01.5-INV01-SB15.CorrenteCC_13: double
CLS01.5-INV01-SB15.CorrenteCC_14: double
CLS01.5-INV01-SB15.CorrenteCC_15: double
CLS01.5-INV01-SB15.CorrenteCC_16: double
CLS01.5-INV01-SB15.TensaoCC: double
CLS01.5-INV01-SB15-TR057.PosAngAlvo: double
CLS01.5-INV01-SB15-TR057.PosAngAtual: double
CLS01.5-INV01-SB15-TR058.PosAngAlvo: double
CLS01.5-INV01-SB15-TR058.PosAngAtual: double
CLS01.5-INV01-SB15-TR059.PosAngAlvo: double
CLS01.5-INV01-SB15-TR059.PosAngAtual: double
CLS01.5-INV01-SB15-TR060.PosAngAlvo: double
CLS01.5-INV01-SB15-TR060.PosAngAtual: double
CLS01.5-INV01-SB16.CorrenteCC_01: double
CLS01.5-INV01-SB16.CorrenteCC_02: double
CLS01.5-INV01-SB16.CorrenteCC_03: double
CLS01.5-INV01-SB16.CorrenteCC_04: double
CLS01.5-INV01-SB16.CorrenteCC_05: double
CLS01.5-INV01-SB16.CorrenteCC_06: double
CLS01.5-INV01-SB16.CorrenteCC_07: double
CLS01.5-INV01-SB16.CorrenteCC_08: double
CLS01.5-INV01-SB16.CorrenteCC_09: double
CLS01.5-INV01-SB16.CorrenteCC_10: double
CLS01.5-INV01-SB16.CorrenteCC_11: double
CLS01.5-INV01-SB16.CorrenteCC_12: double
CLS01.5-INV01-SB16.CorrenteCC_13: double
CLS01.5-INV01-SB16.CorrenteCC_14: double
CLS01.5-INV01-SB16.CorrenteCC_15: double
CLS01.5-INV01-SB16.CorrenteCC_16: double
CLS01.5-INV01-SB16.TensaoCC: double
CLS01.5-INV01-SB16-TR061.PosAngAlvo: double
CLS01.5-INV01-SB16-TR061.PosAngAtual: double
CLS01.5-INV01-SB16-TR062.PosAngAlvo: double
CLS01.5-INV01-SB16-TR062.PosAngAtual: double
CLS01.5-INV01-SB16-TR063.PosAngAlvo: double
CLS01.5-INV01-SB16-TR063.PosAngAtual: double
CLS01.5-INV01-SB16-TR064.PosAngAlvo: double
CLS01.5-INV01-SB16-TR064.PosAngAtual: double
CLS01.5-INV02.CorA: double
CLS01.5-INV02.CorB: double
CLS01.5-INV02.CorC: double
CLS01.5-INV02.CorrenteCC: double
CLS01.5-INV02.PotAt: double
CLS01.5-INV02.TenAB: double
CLS01.5-INV02.TenBC: double
CLS01.5-INV02.TenCA: double
CLS01.5-INV02.TensaoCC: double
CLS01.5-INV02-SB05.CorrenteCC_01: double
CLS01.5-INV02-SB05.CorrenteCC_02: double
CLS01.5-INV02-SB05.CorrenteCC_03: double
CLS01.5-INV02-SB05.CorrenteCC_04: double
CLS01.5-INV02-SB05.CorrenteCC_05: double
CLS01.5-INV02-SB05.CorrenteCC_06: double
CLS01.5-INV02-SB05.CorrenteCC_07: double
CLS01.5-INV02-SB05.CorrenteCC_08: double
CLS01.5-INV02-SB05.CorrenteCC_09: double
CLS01.5-INV02-SB05.CorrenteCC_10: double
CLS01.5-INV02-SB05.CorrenteCC_11: double
CLS01.5-INV02-SB05.CorrenteCC_12: double
CLS01.5-INV02-SB05.CorrenteCC_13: double
CLS01.5-INV02-SB05.CorrenteCC_14: double
CLS01.5-INV02-SB05.CorrenteCC_15: double
CLS01.5-INV02-SB05.CorrenteCC_16: double
CLS01.5-INV02-SB05.TensaoCC: double
CLS01.5-INV02-SB05-TR017.PosAngAlvo: double
CLS01.5-INV02-SB05-TR017.PosAngAtual: double
CLS01.5-INV02-SB05-TR018.PosAngAlvo: double
CLS01.5-INV02-SB05-TR018.PosAngAtual: double
CLS01.5-INV02-SB05-TR019.PosAngAlvo: double
CLS01.5-INV02-SB05-TR019.PosAngAtual: double
CLS01.5-INV02-SB05-TR020.PosAngAlvo: double
CLS01.5-INV02-SB05-TR020.PosAngAtual: double
CLS01.5-INV02-SB06.CorrenteCC_01: double
CLS01.5-INV02-SB06.CorrenteCC_02: double
CLS01.5-INV02-SB06.CorrenteCC_03: double
CLS01.5-INV02-SB06.CorrenteCC_04: double
CLS01.5-INV02-SB06.CorrenteCC_05: double
CLS01.5-INV02-SB06.CorrenteCC_06: double
CLS01.5-INV02-SB06.CorrenteCC_07: double
CLS01.5-INV02-SB06.CorrenteCC_08: double
CLS01.5-INV02-SB06.CorrenteCC_09: double
CLS01.5-INV02-SB06.CorrenteCC_10: double
CLS01.5-INV02-SB06.CorrenteCC_11: double
CLS01.5-INV02-SB06.CorrenteCC_12: double
CLS01.5-INV02-SB06.CorrenteCC_13: double
CLS01.5-INV02-SB06.CorrenteCC_14: double
CLS01.5-INV02-SB06.CorrenteCC_15: double
CLS01.5-INV02-SB06.CorrenteCC_16: double
CLS01.5-INV02-SB06.TensaoCC: double
CLS01.5-INV02-SB06-TR021.PosAngAlvo: double
CLS01.5-INV02-SB06-TR021.PosAngAtual: double
CLS01.5-INV02-SB06-TR022.PosAngAlvo: double
CLS01.5-INV02-SB06-TR022.PosAngAtual: double
CLS01.5-INV02-SB06-TR023.PosAngAlvo: double
CLS01.5-INV02-SB06-TR023.PosAngAtual: double
CLS01.5-INV02-SB06-TR024.PosAngAlvo: double
CLS01.5-INV02-SB06-TR024.PosAngAtual: double
CLS01.5-INV02-SB07.CorrenteCC_01: double
CLS01.5-INV02-SB07.CorrenteCC_02: double
CLS01.5-INV02-SB07.CorrenteCC_03: double
CLS01.5-INV02-SB07.CorrenteCC_04: double
CLS01.5-INV02-SB07.CorrenteCC_05: double
CLS01.5-INV02-SB07.CorrenteCC_06: double
CLS01.5-INV02-SB07.CorrenteCC_07: double
CLS01.5-INV02-SB07.CorrenteCC_08: double
CLS01.5-INV02-SB07.CorrenteCC_09: double
CLS01.5-INV02-SB07.CorrenteCC_10: double
CLS01.5-INV02-SB07.CorrenteCC_11: double
CLS01.5-INV02-SB07.CorrenteCC_12: double
CLS01.5-INV02-SB07.CorrenteCC_13: double
CLS01.5-INV02-SB07.CorrenteCC_14: double
CLS01.5-INV02-SB07.CorrenteCC_15: double
CLS01.5-INV02-SB07.CorrenteCC_16: double
CLS01.5-INV02-SB07.TensaoCC: double
CLS01.5-INV02-SB07-TR025.PosAngAlvo: double
CLS01.5-INV02-SB07-TR025.PosAngAtual: double
CLS01.5-INV02-SB07-TR026.PosAngAlvo: double
CLS01.5-INV02-SB07-TR026.PosAngAtual: double
CLS01.5-INV02-SB07-TR027.PosAngAlvo: double
CLS01.5-INV02-SB07-TR027.PosAngAtual: double
CLS01.5-INV02-SB07-TR028.PosAngAlvo: double
CLS01.5-INV02-SB07-TR028.PosAngAtual: double
CLS01.5-INV02-SB08.CorrenteCC_01: double
CLS01.5-INV02-SB08.CorrenteCC_02: double
CLS01.5-INV02-SB08.CorrenteCC_03: double
CLS01.5-INV02-SB08.CorrenteCC_04: double
CLS01.5-INV02-SB08.CorrenteCC_05: double
CLS01.5-INV02-SB08.CorrenteCC_06: double
CLS01.5-INV02-SB08.CorrenteCC_07: double
CLS01.5-INV02-SB08.CorrenteCC_08: double
CLS01.5-INV02-SB08.CorrenteCC_09: double
CLS01.5-INV02-SB08.CorrenteCC_10: double
CLS01.5-INV02-SB08.CorrenteCC_11: double
CLS01.5-INV02-SB08.CorrenteCC_12: double
CLS01.5-INV02-SB08.CorrenteCC_13: double
CLS01.5-INV02-SB08.CorrenteCC_14: double
CLS01.5-INV02-SB08.CorrenteCC_15: double
CLS01.5-INV02-SB08.CorrenteCC_16: double
CLS01.5-INV02-SB08.TensaoCC: double
CLS01.5-INV02-SB08-TR029.PosAngAlvo: double
CLS01.5-INV02-SB08-TR029.PosAngAtual: double
CLS01.5-INV02-SB08-TR030.PosAngAlvo: double
CLS01.5-INV02-SB08-TR030.PosAngAtual: double
CLS01.5-INV02-SB08-TR031.PosAngAlvo: double
CLS01.5-INV02-SB08-TR031.PosAngAtual: double
CLS01.5-INV02-SB08-TR032.PosAngAlvo: double
CLS01.5-INV02-SB08-TR032.PosAngAtual: double
CLS01.5-INV03.CorA: double
CLS01.5-INV03.CorB: double
CLS01.5-INV03.CorC: double
CLS01.5-INV03.CorrenteCC: double
CLS01.5-INV03.PotAt: double
CLS01.5-INV03.TenAB: double
CLS01.5-INV03.TenBC: double
CLS01.5-INV03.TenCA: double
CLS01.5-INV03.TensaoCC: double
CLS01.5-INV03-SB01.CorrenteCC_01: double
CLS01.5-INV03-SB01.CorrenteCC_02: double
CLS01.5-INV03-SB01.CorrenteCC_03: double
CLS01.5-INV03-SB01.CorrenteCC_04: double
CLS01.5-INV03-SB01.CorrenteCC_05: double
CLS01.5-INV03-SB01.CorrenteCC_06: double
CLS01.5-INV03-SB01.CorrenteCC_07: double
CLS01.5-INV03-SB01.CorrenteCC_08: double
CLS01.5-INV03-SB01.CorrenteCC_09: double
CLS01.5-INV03-SB01.CorrenteCC_10: double
CLS01.5-INV03-SB01.CorrenteCC_11: double
CLS01.5-INV03-SB01.CorrenteCC_12: double
CLS01.5-INV03-SB01.CorrenteCC_13: double
CLS01.5-INV03-SB01.CorrenteCC_14: double
CLS01.5-INV03-SB01.CorrenteCC_15: double
CLS01.5-INV03-SB01.CorrenteCC_16: double
CLS01.5-INV03-SB01.TensaoCC: double
CLS01.5-INV03-SB01-TR001.PosAngAlvo: double
CLS01.5-INV03-SB01-TR001.PosAngAtual: double
CLS01.5-INV03-SB01-TR002.PosAngAlvo: double
CLS01.5-INV03-SB01-TR002.PosAngAtual: double
CLS01.5-INV03-SB01-TR003.PosAngAlvo: double
CLS01.5-INV03-SB01-TR003.PosAngAtual: double
CLS01.5-INV03-SB01-TR004.PosAngAlvo: double
CLS01.5-INV03-SB01-TR004.PosAngAtual: double
CLS01.5-INV03-SB02.CorrenteCC_01: double
CLS01.5-INV03-SB02.CorrenteCC_02: double
CLS01.5-INV03-SB02.CorrenteCC_03: double
CLS01.5-INV03-SB02.CorrenteCC_04: double
CLS01.5-INV03-SB02.CorrenteCC_05: double
CLS01.5-INV03-SB02.CorrenteCC_06: double
CLS01.5-INV03-SB02.CorrenteCC_07: double
CLS01.5-INV03-SB02.CorrenteCC_08: double
CLS01.5-INV03-SB02.CorrenteCC_09: double
CLS01.5-INV03-SB02.CorrenteCC_10: double
CLS01.5-INV03-SB02.CorrenteCC_11: double
CLS01.5-INV03-SB02.CorrenteCC_12: double
CLS01.5-INV03-SB02.CorrenteCC_13: double
CLS01.5-INV03-SB02.CorrenteCC_14: double
CLS01.5-INV03-SB02.CorrenteCC_15: double
CLS01.5-INV03-SB02.CorrenteCC_16: double
CLS01.5-INV03-SB02.TensaoCC: double
CLS01.5-INV03-SB02-TR005.PosAngAlvo: double
CLS01.5-INV03-SB02-TR005.PosAngAtual: double
CLS01.5-INV03-SB02-TR006.PosAngAlvo: double
CLS01.5-INV03-SB02-TR006.PosAngAtual: double
CLS01.5-INV03-SB02-TR007.PosAngAlvo: double
CLS01.5-INV03-SB02-TR007.PosAngAtual: double
CLS01.5-INV03-SB02-TR008.PosAngAlvo: double
CLS01.5-INV03-SB02-TR008.PosAngAtual: double
CLS01.5-INV03-SB03.CorrenteCC_01: double
CLS01.5-INV03-SB03.CorrenteCC_02: double
CLS01.5-INV03-SB03.CorrenteCC_03: double
CLS01.5-INV03-SB03.CorrenteCC_04: double
CLS01.5-INV03-SB03.CorrenteCC_05: double
CLS01.5-INV03-SB03.CorrenteCC_06: double
CLS01.5-INV03-SB03.CorrenteCC_07: double
CLS01.5-INV03-SB03.CorrenteCC_08: double
CLS01.5-INV03-SB03.CorrenteCC_09: double
CLS01.5-INV03-SB03.CorrenteCC_10: double
CLS01.5-INV03-SB03.CorrenteCC_11: double
CLS01.5-INV03-SB03.CorrenteCC_12: double
CLS01.5-INV03-SB03.CorrenteCC_13: double
CLS01.5-INV03-SB03.CorrenteCC_14: double
CLS01.5-INV03-SB03.CorrenteCC_15: double
CLS01.5-INV03-SB03.CorrenteCC_16: double
CLS01.5-INV03-SB03.TensaoCC: double
CLS01.5-INV03-SB03-TR009.PosAngAlvo: double
CLS01.5-INV03-SB03-TR009.PosAngAtual: double
CLS01.5-INV03-SB03-TR010.PosAngAlvo: double
CLS01.5-INV03-SB03-TR010.PosAngAtual: double
CLS01.5-INV03-SB03-TR011.PosAngAlvo: double
CLS01.5-INV03-SB03-TR011.PosAngAtual: double
CLS01.5-INV03-SB03-TR012.PosAngAlvo: double
CLS01.5-INV03-SB03-TR012.PosAngAtual: double
CLS01.5-INV03-SB04.CorrenteCC_01: double
CLS01.5-INV03-SB04.CorrenteCC_02: double
CLS01.5-INV03-SB04.CorrenteCC_03: double
CLS01.5-INV03-SB04.CorrenteCC_04: double
CLS01.5-INV03-SB04.CorrenteCC_05: double
CLS01.5-INV03-SB04.CorrenteCC_06: double
CLS01.5-INV03-SB04.CorrenteCC_07: double
CLS01.5-INV03-SB04.CorrenteCC_08: double
CLS01.5-INV03-SB04.CorrenteCC_09: double
CLS01.5-INV03-SB04.CorrenteCC_10: double
CLS01.5-INV03-SB04.CorrenteCC_11: double
CLS01.5-INV03-SB04.CorrenteCC_12: double
CLS01.5-INV03-SB04.CorrenteCC_13: double
CLS01.5-INV03-SB04.CorrenteCC_14: double
CLS01.5-INV03-SB04.CorrenteCC_15: double
CLS01.5-INV03-SB04.CorrenteCC_16: double
CLS01.5-INV03-SB04.TensaoCC: double
CLS01.5-INV03-SB04-TR013.PosAngAlvo: double
CLS01.5-INV03-SB04-TR013.PosAngAtual: double
CLS01.5-INV03-SB04-TR014.PosAngAlvo: double
CLS01.5-INV03-SB04-TR014.PosAngAtual: double
CLS01.5-INV03-SB04-TR015.PosAngAlvo: double
CLS01.5-INV03-SB04-TR015.PosAngAtual: double
CLS01.5-INV03-SB04-TR016.PosAngAlvo: double
CLS01.5-INV03-SB04-TR016.PosAngAtual: double
CLS01.5-INV04.CorA: double
CLS01.5-INV04.CorB: double
CLS01.5-INV04.CorC: double
CLS01.5-INV04.CorrenteCC: double
CLS01.5-INV04.PotAt: double
CLS01.5-INV04.TenAB: double
CLS01.5-INV04.TenBC: double
CLS01.5-INV04.TenCA: double
CLS01.5-INV04.TensaoCC: double
CLS01.5-INV04-SB09.CorrenteCC_01: double
CLS01.5-INV04-SB09.CorrenteCC_02: double
CLS01.5-INV04-SB09.CorrenteCC_03: double
CLS01.5-INV04-SB09.CorrenteCC_04: double
CLS01.5-INV04-SB09.CorrenteCC_05: double
CLS01.5-INV04-SB09.CorrenteCC_06: double
CLS01.5-INV04-SB09.CorrenteCC_07: double
CLS01.5-INV04-SB09.CorrenteCC_08: double
CLS01.5-INV04-SB09.CorrenteCC_09: double
CLS01.5-INV04-SB09.CorrenteCC_10: double
CLS01.5-INV04-SB09.CorrenteCC_11: double
CLS01.5-INV04-SB09.CorrenteCC_12: double
CLS01.5-INV04-SB09.CorrenteCC_13: double
CLS01.5-INV04-SB09.CorrenteCC_14: double
CLS01.5-INV04-SB09.CorrenteCC_15: double
CLS01.5-INV04-SB09.CorrenteCC_16: double
CLS01.5-INV04-SB09.TensaoCC: double
CLS01.5-INV04-SB09-TR033.PosAngAlvo: double
CLS01.5-INV04-SB09-TR033.PosAngAtual: double
CLS01.5-INV04-SB09-TR034.PosAngAlvo: double
CLS01.5-INV04-SB09-TR034.PosAngAtual: double
CLS01.5-INV04-SB09-TR035.PosAngAlvo: double
CLS01.5-INV04-SB09-TR035.PosAngAtual: double
CLS01.5-INV04-SB09-TR036.PosAngAlvo: double
CLS01.5-INV04-SB09-TR036.PosAngAtual: double
CLS01.5-INV04-SB10.CorrenteCC_01: double
CLS01.5-INV04-SB10.CorrenteCC_02: double
CLS01.5-INV04-SB10.CorrenteCC_03: double
CLS01.5-INV04-SB10.CorrenteCC_04: double
CLS01.5-INV04-SB10.CorrenteCC_05: double
CLS01.5-INV04-SB10.CorrenteCC_06: double
CLS01.5-INV04-SB10.CorrenteCC_07: double
CLS01.5-INV04-SB10.CorrenteCC_08: double
CLS01.5-INV04-SB10.CorrenteCC_09: double
CLS01.5-INV04-SB10.CorrenteCC_10: double
CLS01.5-INV04-SB10.CorrenteCC_11: double
CLS01.5-INV04-SB10.CorrenteCC_12: double
CLS01.5-INV04-SB10.CorrenteCC_13: double
CLS01.5-INV04-SB10.CorrenteCC_14: double
CLS01.5-INV04-SB10.CorrenteCC_15: double
CLS01.5-INV04-SB10.CorrenteCC_16: double
CLS01.5-INV04-SB10.TensaoCC: double
CLS01.5-INV04-SB10-TR037.PosAngAlvo: double
CLS01.5-INV04-SB10-TR037.PosAngAtual: double
CLS01.5-INV04-SB10-TR038.PosAngAlvo: double
CLS01.5-INV04-SB10-TR038.PosAngAtual: double
CLS01.5-INV04-SB10-TR039.PosAngAlvo: double
CLS01.5-INV04-SB10-TR039.PosAngAtual: double
CLS01.5-INV04-SB10-TR040.PosAngAlvo: double
CLS01.5-INV04-SB10-TR040.PosAngAtual: double
CLS01.5-INV04-SB11.CorrenteCC_01: double
CLS01.5-INV04-SB11.CorrenteCC_02: double
CLS01.5-INV04-SB11.CorrenteCC_03: double
CLS01.5-INV04-SB11.CorrenteCC_04: double
CLS01.5-INV04-SB11.CorrenteCC_05: double
CLS01.5-INV04-SB11.CorrenteCC_06: double
CLS01.5-INV04-SB11.CorrenteCC_07: double
CLS01.5-INV04-SB11.CorrenteCC_08: double
CLS01.5-INV04-SB11.CorrenteCC_09: double
CLS01.5-INV04-SB11.CorrenteCC_10: double
CLS01.5-INV04-SB11.CorrenteCC_11: double
CLS01.5-INV04-SB11.CorrenteCC_12: double
CLS01.5-INV04-SB11.CorrenteCC_13: double
CLS01.5-INV04-SB11.CorrenteCC_14: double
CLS01.5-INV04-SB11.CorrenteCC_15: double
CLS01.5-INV04-SB11.CorrenteCC_16: double
CLS01.5-INV04-SB11.TensaoCC: double
CLS01.5-INV04-SB11-TR041.PosAngAlvo: double
CLS01.5-INV04-SB11-TR041.PosAngAtual: double
CLS01.5-INV04-SB11-TR042.PosAngAlvo: double
CLS01.5-INV04-SB11-TR042.PosAngAtual: double
CLS01.5-INV04-SB11-TR043.PosAngAlvo: double
CLS01.5-INV04-SB11-TR043.PosAngAtual: double
CLS01.5-INV04-SB11-TR044.PosAngAlvo: double
CLS01.5-INV04-SB11-TR044.PosAngAtual: double
CLS01.5-INV04-SB12.CorrenteCC_01: double
CLS01.5-INV04-SB12.CorrenteCC_02: double
CLS01.5-INV04-SB12.CorrenteCC_03: double
CLS01.5-INV04-SB12.CorrenteCC_04: double
CLS01.5-INV04-SB12.CorrenteCC_05: double
CLS01.5-INV04-SB12.CorrenteCC_06: double
CLS01.5-INV04-SB12.CorrenteCC_07: double
CLS01.5-INV04-SB12.CorrenteCC_08: double
CLS01.5-INV04-SB12.CorrenteCC_09: double
CLS01.5-INV04-SB12.CorrenteCC_10: double
CLS01.5-INV04-SB12.CorrenteCC_11: double
CLS01.5-INV04-SB12.CorrenteCC_12: double
CLS01.5-INV04-SB12.CorrenteCC_13: double
CLS01.5-INV04-SB12.CorrenteCC_14: double
CLS01.5-INV04-SB12.CorrenteCC_15: double
CLS01.5-INV04-SB12.CorrenteCC_16: double
CLS01.5-INV04-SB12.TensaoCC: double
CLS01.5-INV04-SB12-TR045.PosAngAlvo: double
CLS01.5-INV04-SB12-TR045.PosAngAtual: double
CLS01.5-INV04-SB12-TR046.PosAngAlvo: double
CLS01.5-INV04-SB12-TR046.PosAngAtual: double
CLS01.5-INV04-SB12-TR047.PosAngAlvo: double
CLS01.5-INV04-SB12-TR047.PosAngAtual: double
CLS01.5-INV04-SB12-TR048.PosAngAlvo: double
CLS01.5-INV04-SB12-TR048.PosAngAtual: double
CLS01.5-INV05.CorA: double
CLS01.5-INV05.CorB: double
CLS01.5-INV05.CorC: double
CLS01.5-INV05.CorrenteCC: double
CLS01.5-INV05.PotAt: double
CLS01.5-INV05.TenAB: double
CLS01.5-INV05.TenBC: double
CLS01.5-INV05.TenCA: double
CLS01.5-INV05.TensaoCC: double
CLS01.5-INV05-SB17.CorrenteCC_01: double
CLS01.5-INV05-SB17.CorrenteCC_02: double
CLS01.5-INV05-SB17.CorrenteCC_03: double
CLS01.5-INV05-SB17.CorrenteCC_04: double
CLS01.5-INV05-SB17.CorrenteCC_05: double
CLS01.5-INV05-SB17.CorrenteCC_06: double
CLS01.5-INV05-SB17.CorrenteCC_07: double
CLS01.5-INV05-SB17.CorrenteCC_08: double
CLS01.5-INV05-SB17.CorrenteCC_09: double
CLS01.5-INV05-SB17.CorrenteCC_10: double
CLS01.5-INV05-SB17.CorrenteCC_11: double
CLS01.5-INV05-SB17.CorrenteCC_12: double
CLS01.5-INV05-SB17.CorrenteCC_13: double
CLS01.5-INV05-SB17.CorrenteCC_14: double
CLS01.5-INV05-SB17.CorrenteCC_15: double
CLS01.5-INV05-SB17.CorrenteCC_16: double
CLS01.5-INV05-SB17.TensaoCC: double
CLS01.5-INV05-SB17-TR065.PosAngAlvo: double
CLS01.5-INV05-SB17-TR065.PosAngAtual: double
CLS01.5-INV05-SB17-TR066.PosAngAlvo: double
CLS01.5-INV05-SB17-TR066.PosAngAtual: double
CLS01.5-INV05-SB17-TR067.PosAngAlvo: double
CLS01.5-INV05-SB17-TR067.PosAngAtual: double
CLS01.5-INV05-SB17-TR068.PosAngAlvo: double
CLS01.5-INV05-SB17-TR068.PosAngAtual: double
CLS01.5-INV05-SB18.CorrenteCC_01: double
CLS01.5-INV05-SB18.CorrenteCC_02: double
CLS01.5-INV05-SB18.CorrenteCC_03: double
CLS01.5-INV05-SB18.CorrenteCC_04: double
CLS01.5-INV05-SB18.CorrenteCC_05: double
CLS01.5-INV05-SB18.CorrenteCC_06: double
CLS01.5-INV05-SB18.CorrenteCC_07: double
CLS01.5-INV05-SB18.CorrenteCC_08: double
CLS01.5-INV05-SB18.CorrenteCC_09: double
CLS01.5-INV05-SB18.CorrenteCC_10: double
CLS01.5-INV05-SB18.CorrenteCC_11: double
CLS01.5-INV05-SB18.CorrenteCC_12: double
CLS01.5-INV05-SB18.CorrenteCC_13: double
CLS01.5-INV05-SB18.CorrenteCC_14: double
CLS01.5-INV05-SB18.CorrenteCC_15: double
CLS01.5-INV05-SB18.CorrenteCC_16: double
CLS01.5-INV05-SB18.TensaoCC: double
CLS01.5-INV05-SB18-TR069.PosAngAlvo: double
CLS01.5-INV05-SB18-TR069.PosAngAtual: double
CLS01.5-INV05-SB18-TR070.PosAngAlvo: double
CLS01.5-INV05-SB18-TR070.PosAngAtual: double
CLS01.5-INV05-SB18-TR071.PosAngAlvo: double
CLS01.5-INV05-SB18-TR071.PosAngAtual: double
CLS01.5-INV05-SB18-TR072.PosAngAlvo: double
CLS01.5-INV05-SB18-TR072.PosAngAtual: double
CLS01.5-INV05-SB19.CorrenteCC_01: double
CLS01.5-INV05-SB19.CorrenteCC_02: double
CLS01.5-INV05-SB19.CorrenteCC_03: double
CLS01.5-INV05-SB19.CorrenteCC_04: double
CLS01.5-INV05-SB19.CorrenteCC_05: double
CLS01.5-INV05-SB19.CorrenteCC_06: double
CLS01.5-INV05-SB19.CorrenteCC_07: double
CLS01.5-INV05-SB19.CorrenteCC_08: double
CLS01.5-INV05-SB19.CorrenteCC_09: double
CLS01.5-INV05-SB19.CorrenteCC_10: double
CLS01.5-INV05-SB19.CorrenteCC_11: double
CLS01.5-INV05-SB19.CorrenteCC_12: double
CLS01.5-INV05-SB19.CorrenteCC_13: double
CLS01.5-INV05-SB19.CorrenteCC_14: double
CLS01.5-INV05-SB19.CorrenteCC_15: double
CLS01.5-INV05-SB19.CorrenteCC_16: double
CLS01.5-INV05-SB19.TensaoCC: double
CLS01.5-INV05-SB19-TR073.PosAngAlvo: double
CLS01.5-INV05-SB19-TR073.PosAngAtual: double
CLS01.5-INV05-SB19-TR074.PosAngAlvo: double
CLS01.5-INV05-SB19-TR074.PosAngAtual: double
CLS01.5-INV05-SB19-TR075.PosAngAlvo: double
CLS01.5-INV05-SB19-TR075.PosAngAtual: double
CLS01.5-INV05-SB19-TR076.PosAngAlvo: double
CLS01.5-INV05-SB19-TR076.PosAngAtual: double
CLS01.5-INV05-SB20.CorrenteCC_01: double
CLS01.5-INV05-SB20.CorrenteCC_02: double
CLS01.5-INV05-SB20.CorrenteCC_03: double
CLS01.5-INV05-SB20.CorrenteCC_04: double
CLS01.5-INV05-SB20.CorrenteCC_05: double
CLS01.5-INV05-SB20.CorrenteCC_06: double
CLS01.5-INV05-SB20.CorrenteCC_07: double
CLS01.5-INV05-SB20.CorrenteCC_08: double
CLS01.5-INV05-SB20.CorrenteCC_09: double
CLS01.5-INV05-SB20.CorrenteCC_10: double
CLS01.5-INV05-SB20.CorrenteCC_11: double
CLS01.5-INV05-SB20.CorrenteCC_12: double
CLS01.5-INV05-SB20.CorrenteCC_13: double
CLS01.5-INV05-SB20.CorrenteCC_14: double
CLS01.5-INV05-SB20.CorrenteCC_15: double
CLS01.5-INV05-SB20.CorrenteCC_16: double
CLS01.5-INV05-SB20.TensaoCC: double
CLS01.5-INV05-SB20-TR077.PosAngAlvo: double
CLS01.5-INV05-SB20-TR077.PosAngAtual: double
CLS01.5-INV05-SB20-TR078.PosAngAlvo: double
CLS01.5-INV05-SB20-TR078.PosAngAtual: double
CLS01.5-INV05-SB20-TR079.PosAngAlvo: double
CLS01.5-INV05-SB20-TR079.PosAngAtual: double
CLS01.5-INV05-SB20-TR080.PosAngAlvo: double
CLS01.5-INV05-SB20-TR080.PosAngAtual: double
CLS01.5-INV06.CorA: double
CLS01.5-INV06.CorB: double
CLS01.5-INV06.CorC: double
CLS01.5-INV06.CorrenteCC: double
CLS01.5-INV06.PotAt: double
CLS01.5-INV06.TenAB: double
CLS01.5-INV06.TenBC: double
CLS01.5-INV06.TenCA: double
CLS01.5-INV06.TensaoCC: double
CLS01.5-INV06-SB25.CorrenteCC_01: double
CLS01.5-INV06-SB25.CorrenteCC_02: double
CLS01.5-INV06-SB25.CorrenteCC_03: double
CLS01.5-INV06-SB25.CorrenteCC_04: double
CLS01.5-INV06-SB25.CorrenteCC_05: double
CLS01.5-INV06-SB25.CorrenteCC_06: double
CLS01.5-INV06-SB25.CorrenteCC_07: double
CLS01.5-INV06-SB25.CorrenteCC_08: double
CLS01.5-INV06-SB25.CorrenteCC_09: double
CLS01.5-INV06-SB25.CorrenteCC_10: double
CLS01.5-INV06-SB25.CorrenteCC_11: double
CLS01.5-INV06-SB25.CorrenteCC_12: double
CLS01.5-INV06-SB25.CorrenteCC_13: double
CLS01.5-INV06-SB25.CorrenteCC_14: double
CLS01.5-INV06-SB25.CorrenteCC_15: double
CLS01.5-INV06-SB25.CorrenteCC_16: double
CLS01.5-INV06-SB25.TensaoCC: double
CLS01.5-INV06-SB25-TR097.PosAngAlvo: double
CLS01.5-INV06-SB25-TR097.PosAngAtual: double
CLS01.5-INV06-SB25-TR098.PosAngAlvo: double
CLS01.5-INV06-SB25-TR098.PosAngAtual: double
CLS01.5-INV06-SB25-TR099.PosAngAlvo: double
CLS01.5-INV06-SB25-TR099.PosAngAtual: double
CLS01.5-INV06-SB25-TR100.PosAngAlvo: double
CLS01.5-INV06-SB25-TR100.PosAngAtual: double
CLS01.5-INV06-SB26.CorrenteCC_01: double
CLS01.5-INV06-SB26.CorrenteCC_02: double
CLS01.5-INV06-SB26.CorrenteCC_03: double
CLS01.5-INV06-SB26.CorrenteCC_04: double
CLS01.5-INV06-SB26.CorrenteCC_05: double
CLS01.5-INV06-SB26.CorrenteCC_06: double
CLS01.5-INV06-SB26.CorrenteCC_07: double
CLS01.5-INV06-SB26.CorrenteCC_08: double
CLS01.5-INV06-SB26.CorrenteCC_09: double
CLS01.5-INV06-SB26.CorrenteCC_10: double
CLS01.5-INV06-SB26.CorrenteCC_11: double
CLS01.5-INV06-SB26.CorrenteCC_12: double
CLS01.5-INV06-SB26.CorrenteCC_13: double
CLS01.5-INV06-SB26.CorrenteCC_14: double
CLS01.5-INV06-SB26.CorrenteCC_15: double
CLS01.5-INV06-SB26.CorrenteCC_16: double
CLS01.5-INV06-SB26.TensaoCC: double
CLS01.5-INV06-SB26-TR101.PosAngAlvo: double
CLS01.5-INV06-SB26-TR101.PosAngAtual: double
CLS01.5-INV06-SB26-TR102.PosAngAlvo: double
CLS01.5-INV06-SB26-TR102.PosAngAtual: double
CLS01.5-INV06-SB26-TR103.PosAngAlvo: double
CLS01.5-INV06-SB26-TR103.PosAngAtual: double
CLS01.5-INV06-SB26-TR104.PosAngAlvo: double
CLS01.5-INV06-SB26-TR104.PosAngAtual: double
CLS01.5-INV06-SB27.CorrenteCC_01: double
CLS01.5-INV06-SB27.CorrenteCC_02: double
CLS01.5-INV06-SB27.CorrenteCC_03: double
CLS01.5-INV06-SB27.CorrenteCC_04: double
CLS01.5-INV06-SB27.CorrenteCC_05: double
CLS01.5-INV06-SB27.CorrenteCC_06: double
CLS01.5-INV06-SB27.CorrenteCC_07: double
CLS01.5-INV06-SB27.CorrenteCC_08: double
CLS01.5-INV06-SB27.CorrenteCC_09: double
CLS01.5-INV06-SB27.CorrenteCC_10: double
CLS01.5-INV06-SB27.CorrenteCC_11: double
CLS01.5-INV06-SB27.CorrenteCC_12: double
CLS01.5-INV06-SB27.CorrenteCC_13: double
CLS01.5-INV06-SB27.CorrenteCC_14: double
CLS01.5-INV06-SB27.CorrenteCC_15: double
CLS01.5-INV06-SB27.CorrenteCC_16: double
CLS01.5-INV06-SB27.TensaoCC: double
CLS01.5-INV06-SB27-TR105.PosAngAlvo: double
CLS01.5-INV06-SB27-TR105.PosAngAtual: double
CLS01.5-INV06-SB27-TR106.PosAngAlvo: double
CLS01.5-INV06-SB27-TR106.PosAngAtual: double
CLS01.5-INV06-SB27-TR107.PosAngAlvo: double
CLS01.5-INV06-SB27-TR107.PosAngAtual: double
CLS01.5-INV06-SB27-TR108.PosAngAlvo: double
CLS01.5-INV06-SB27-TR108.PosAngAtual: double
CLS01.5-INV06-SB28.CorrenteCC_01: double
CLS01.5-INV06-SB28.CorrenteCC_02: double
CLS01.5-INV06-SB28.CorrenteCC_03: double
CLS01.5-INV06-SB28.CorrenteCC_04: double
CLS01.5-INV06-SB28.CorrenteCC_05: double
CLS01.5-INV06-SB28.CorrenteCC_06: double
CLS01.5-INV06-SB28.CorrenteCC_07: double
CLS01.5-INV06-SB28.CorrenteCC_08: double
CLS01.5-INV06-SB28.CorrenteCC_09: double
CLS01.5-INV06-SB28.CorrenteCC_10: double
CLS01.5-INV06-SB28.CorrenteCC_11: double
CLS01.5-INV06-SB28.CorrenteCC_12: double
CLS01.5-INV06-SB28.CorrenteCC_13: double
CLS01.5-INV06-SB28.CorrenteCC_14: double
CLS01.5-INV06-SB28.CorrenteCC_15: double
CLS01.5-INV06-SB28.CorrenteCC_16: double
CLS01.5-INV06-SB28.TensaoCC: double
CLS01.5-INV06-SB28-TR109.PosAngAlvo: double
CLS01.5-INV06-SB28-TR109.PosAngAtual: double
CLS01.5-INV06-SB28-TR110.PosAngAlvo: double
CLS01.5-INV06-SB28-TR110.PosAngAtual: double
CLS01.5-INV06-SB28-TR111.PosAngAlvo: double
CLS01.5-INV06-SB28-TR111.PosAngAtual: double
CLS01.5-INV06-SB28-TR112.PosAngAlvo: double
CLS01.5-INV06-SB28-TR112.PosAngAtual: double
CLS01.5-INV07.CorA: double
CLS01.5-INV07.CorB: double
CLS01.5-INV07.CorC: double
CLS01.5-INV07.CorrenteCC: double
CLS01.5-INV07.PotAt: double
CLS01.5-INV07.TenAB: double
CLS01.5-INV07.TenBC: double
CLS01.5-INV07.TenCA: double
CLS01.5-INV07.TensaoCC: double
CLS01.5-INV07-SB29.CorrenteCC_01: double
CLS01.5-INV07-SB29.CorrenteCC_02: double
CLS01.5-INV07-SB29.CorrenteCC_03: double
CLS01.5-INV07-SB29.CorrenteCC_04: double
CLS01.5-INV07-SB29.CorrenteCC_05: double
CLS01.5-INV07-SB29.CorrenteCC_06: double
CLS01.5-INV07-SB29.CorrenteCC_07: double
CLS01.5-INV07-SB29.CorrenteCC_08: double
CLS01.5-INV07-SB29.CorrenteCC_09: double
CLS01.5-INV07-SB29.CorrenteCC_10: double
CLS01.5-INV07-SB29.CorrenteCC_11: double
CLS01.5-INV07-SB29.CorrenteCC_12: double
CLS01.5-INV07-SB29.CorrenteCC_13: double
CLS01.5-INV07-SB29.CorrenteCC_14: double
CLS01.5-INV07-SB29.CorrenteCC_15: double
CLS01.5-INV07-SB29.CorrenteCC_16: double
CLS01.5-INV07-SB29.TensaoCC: double
CLS01.5-INV07-SB29-TR113.PosAngAlvo: double
CLS01.5-INV07-SB29-TR113.PosAngAtual: double
CLS01.5-INV07-SB29-TR114.PosAngAlvo: double
CLS01.5-INV07-SB29-TR114.PosAngAtual: double
CLS01.5-INV07-SB29-TR115.PosAngAlvo: double
CLS01.5-INV07-SB29-TR115.PosAngAtual: double
CLS01.5-INV07-SB29-TR116.PosAngAlvo: double
CLS01.5-INV07-SB29-TR116.PosAngAtual: double
CLS01.5-INV07-SB30.CorrenteCC_01: double
CLS01.5-INV07-SB30.CorrenteCC_02: double
CLS01.5-INV07-SB30.CorrenteCC_03: double
CLS01.5-INV07-SB30.CorrenteCC_04: double
CLS01.5-INV07-SB30.CorrenteCC_05: double
CLS01.5-INV07-SB30.CorrenteCC_06: double
CLS01.5-INV07-SB30.CorrenteCC_07: double
CLS01.5-INV07-SB30.CorrenteCC_08: double
CLS01.5-INV07-SB30.CorrenteCC_09: double
CLS01.5-INV07-SB30.CorrenteCC_10: double
CLS01.5-INV07-SB30.CorrenteCC_11: double
CLS01.5-INV07-SB30.CorrenteCC_12: double
CLS01.5-INV07-SB30.CorrenteCC_13: double
CLS01.5-INV07-SB30.CorrenteCC_14: double
CLS01.5-INV07-SB30.CorrenteCC_15: double
CLS01.5-INV07-SB30.CorrenteCC_16: double
CLS01.5-INV07-SB30.TensaoCC: double
CLS01.5-INV07-SB30-TR117.PosAngAlvo: double
CLS01.5-INV07-SB30-TR117.PosAngAtual: double
CLS01.5-INV07-SB30-TR118.PosAngAlvo: double
CLS01.5-INV07-SB30-TR118.PosAngAtual: double
CLS01.5-INV07-SB30-TR119.PosAngAlvo: double
CLS01.5-INV07-SB30-TR119.PosAngAtual: double
CLS01.5-INV07-SB30-TR120.PosAngAlvo: double
CLS01.5-INV07-SB30-TR120.PosAngAtual: double
CLS01.5-INV07-SB31.CorrenteCC_01: double
CLS01.5-INV07-SB31.CorrenteCC_02: double
CLS01.5-INV07-SB31.CorrenteCC_03: double
CLS01.5-INV07-SB31.CorrenteCC_04: double
CLS01.5-INV07-SB31.CorrenteCC_05: double
CLS01.5-INV07-SB31.CorrenteCC_06: double
CLS01.5-INV07-SB31.CorrenteCC_07: double
CLS01.5-INV07-SB31.CorrenteCC_08: double
CLS01.5-INV07-SB31.CorrenteCC_09: double
CLS01.5-INV07-SB31.CorrenteCC_10: double
CLS01.5-INV07-SB31.CorrenteCC_11: double
CLS01.5-INV07-SB31.CorrenteCC_12: double
CLS01.5-INV07-SB31.CorrenteCC_13: double
CLS01.5-INV07-SB31.CorrenteCC_14: double
CLS01.5-INV07-SB31.CorrenteCC_15: double
CLS01.5-INV07-SB31.CorrenteCC_16: double
CLS01.5-INV07-SB31.TensaoCC: double
CLS01.5-INV07-SB31-TR121.PosAngAlvo: double
CLS01.5-INV07-SB31-TR121.PosAngAtual: double
CLS01.5-INV07-SB31-TR122.PosAngAlvo: double
CLS01.5-INV07-SB31-TR122.PosAngAtual: double
CLS01.5-INV07-SB31-TR123.PosAngAlvo: double
CLS01.5-INV07-SB31-TR123.PosAngAtual: double
CLS01.5-INV07-SB31-TR124.PosAngAlvo: double
CLS01.5-INV07-SB31-TR124.PosAngAtual: double
CLS01.5-INV07-SB32.CorrenteCC_01: double
CLS01.5-INV07-SB32.CorrenteCC_02: double
CLS01.5-INV07-SB32.CorrenteCC_03: double
CLS01.5-INV07-SB32.CorrenteCC_04: double
CLS01.5-INV07-SB32.CorrenteCC_05: double
CLS01.5-INV07-SB32.CorrenteCC_06: double
CLS01.5-INV07-SB32.CorrenteCC_07: double
CLS01.5-INV07-SB32.CorrenteCC_08: double
CLS01.5-INV07-SB32.CorrenteCC_09: double
CLS01.5-INV07-SB32.CorrenteCC_10: double
CLS01.5-INV07-SB32.CorrenteCC_11: double
CLS01.5-INV07-SB32.CorrenteCC_12: double
CLS01.5-INV07-SB32.CorrenteCC_13: double
CLS01.5-INV07-SB32.CorrenteCC_14: double
CLS01.5-INV07-SB32.CorrenteCC_15: double
CLS01.5-INV07-SB32.CorrenteCC_16: double
CLS01.5-INV07-SB32.TensaoCC: double
CLS01.5-INV07-SB32-TR125.PosAngAlvo: double
CLS01.5-INV07-SB32-TR125.PosAngAtual: double
CLS01.5-INV07-SB32-TR126.PosAngAlvo: double
CLS01.5-INV07-SB32-TR126.PosAngAtual: double
CLS01.5-INV07-SB32-TR127.PosAngAlvo: double
CLS01.5-INV07-SB32-TR127.PosAngAtual: double
CLS01.5-INV07-SB32-TR128.PosAngAlvo: double
CLS01.5-INV07-SB32-TR128.PosAngAtual: double
CLS01.5-INV08.CorA: double
CLS01.5-INV08.CorB: double
CLS01.5-INV08.CorC: double
CLS01.5-INV08.CorrenteCC: double
CLS01.5-INV08.PotAt: double
CLS01.5-INV08.TenAB: double
CLS01.5-INV08.TenBC: double
CLS01.5-INV08.TenCA: double
CLS01.5-INV08.TensaoCC: double
CLS01.5-INV08-SB21.CorrenteCC_01: double
CLS01.5-INV08-SB21.CorrenteCC_02: double
CLS01.5-INV08-SB21.CorrenteCC_03: double
CLS01.5-INV08-SB21.CorrenteCC_04: double
CLS01.5-INV08-SB21.CorrenteCC_05: double
CLS01.5-INV08-SB21.CorrenteCC_06: double
CLS01.5-INV08-SB21.CorrenteCC_07: double
CLS01.5-INV08-SB21.CorrenteCC_08: double
CLS01.5-INV08-SB21.CorrenteCC_09: double
CLS01.5-INV08-SB21.CorrenteCC_10: double
CLS01.5-INV08-SB21.CorrenteCC_11: double
CLS01.5-INV08-SB21.CorrenteCC_12: double
CLS01.5-INV08-SB21.CorrenteCC_13: double
CLS01.5-INV08-SB21.CorrenteCC_14: double
CLS01.5-INV08-SB21.CorrenteCC_15: double
CLS01.5-INV08-SB21.CorrenteCC_16: double
CLS01.5-INV08-SB21.TensaoCC: double
CLS01.5-INV08-SB21-TR081.PosAngAlvo: double
CLS01.5-INV08-SB21-TR081.PosAngAtual: double
CLS01.5-INV08-SB21-TR082.PosAngAlvo: double
CLS01.5-INV08-SB21-TR082.PosAngAtual: double
CLS01.5-INV08-SB21-TR083.PosAngAlvo: double
CLS01.5-INV08-SB21-TR083.PosAngAtual: double
CLS01.5-INV08-SB21-TR084.PosAngAlvo: double
CLS01.5-INV08-SB21-TR084.PosAngAtual: double
CLS01.5-INV08-SB22.CorrenteCC_01: double
CLS01.5-INV08-SB22.CorrenteCC_02: double
CLS01.5-INV08-SB22.CorrenteCC_03: double
CLS01.5-INV08-SB22.CorrenteCC_04: double
CLS01.5-INV08-SB22.CorrenteCC_05: double
CLS01.5-INV08-SB22.CorrenteCC_06: double
CLS01.5-INV08-SB22.CorrenteCC_07: double
CLS01.5-INV08-SB22.CorrenteCC_08: double
CLS01.5-INV08-SB22.CorrenteCC_09: double
CLS01.5-INV08-SB22.CorrenteCC_10: double
CLS01.5-INV08-SB22.CorrenteCC_11: double
CLS01.5-INV08-SB22.CorrenteCC_12: double
CLS01.5-INV08-SB22.CorrenteCC_13: double
CLS01.5-INV08-SB22.CorrenteCC_14: double
CLS01.5-INV08-SB22.CorrenteCC_15: double
CLS01.5-INV08-SB22.CorrenteCC_16: double
CLS01.5-INV08-SB22.TensaoCC: double
CLS01.5-INV08-SB22-TR085.PosAngAlvo: double
CLS01.5-INV08-SB22-TR085.PosAngAtual: double
CLS01.5-INV08-SB22-TR086.PosAngAlvo: double
CLS01.5-INV08-SB22-TR086.PosAngAtual: double
CLS01.5-INV08-SB22-TR087.PosAngAlvo: double
CLS01.5-INV08-SB22-TR087.PosAngAtual: double
CLS01.5-INV08-SB22-TR088.PosAngAlvo: double
CLS01.5-INV08-SB22-TR088.PosAngAtual: double
CLS01.5-INV08-SB23.CorrenteCC_01: double
CLS01.5-INV08-SB23.CorrenteCC_02: double
CLS01.5-INV08-SB23.CorrenteCC_03: double
CLS01.5-INV08-SB23.CorrenteCC_04: double
CLS01.5-INV08-SB23.CorrenteCC_05: double
CLS01.5-INV08-SB23.CorrenteCC_06: double
CLS01.5-INV08-SB23.CorrenteCC_07: double
CLS01.5-INV08-SB23.CorrenteCC_08: double
CLS01.5-INV08-SB23.CorrenteCC_09: double
CLS01.5-INV08-SB23.CorrenteCC_10: double
CLS01.5-INV08-SB23.CorrenteCC_11: double
CLS01.5-INV08-SB23.CorrenteCC_12: double
CLS01.5-INV08-SB23.CorrenteCC_13: double
CLS01.5-INV08-SB23.CorrenteCC_14: double
CLS01.5-INV08-SB23.CorrenteCC_15: double
CLS01.5-INV08-SB23.CorrenteCC_16: double
CLS01.5-INV08-SB23.TensaoCC: double
CLS01.5-INV08-SB23-TR089.PosAngAlvo: double
CLS01.5-INV08-SB23-TR089.PosAngAtual: double
CLS01.5-INV08-SB23-TR090.PosAngAlvo: double
CLS01.5-INV08-SB23-TR090.PosAngAtual: double
CLS01.5-INV08-SB23-TR091.PosAngAlvo: double
CLS01.5-INV08-SB23-TR091.PosAngAtual: double
CLS01.5-INV08-SB23-TR092.PosAngAlvo: double
CLS01.5-INV08-SB23-TR092.PosAngAtual: double
CLS01.5-INV08-SB24.CorrenteCC_01: double
CLS01.5-INV08-SB24.CorrenteCC_02: double
CLS01.5-INV08-SB24.CorrenteCC_03: double
CLS01.5-INV08-SB24.CorrenteCC_04: double
CLS01.5-INV08-SB24.CorrenteCC_05: double
CLS01.5-INV08-SB24.CorrenteCC_06: double
CLS01.5-INV08-SB24.CorrenteCC_07: double
CLS01.5-INV08-SB24.CorrenteCC_08: double
CLS01.5-INV08-SB24.CorrenteCC_09: double
CLS01.5-INV08-SB24.CorrenteCC_10: double
CLS01.5-INV08-SB24.CorrenteCC_11: double
CLS01.5-INV08-SB24.CorrenteCC_12: double
CLS01.5-INV08-SB24.CorrenteCC_13: double
CLS01.5-INV08-SB24.CorrenteCC_14: double
CLS01.5-INV08-SB24.CorrenteCC_15: double
CLS01.5-INV08-SB24.CorrenteCC_16: double
CLS01.5-INV08-SB24.TensaoCC: double
CLS01.5-INV08-SB24-TR093.PosAngAlvo: double
CLS01.5-INV08-SB24-TR093.PosAngAtual: double
CLS01.5-INV08-SB24-TR094.PosAngAlvo: double
CLS01.5-INV08-SB24-TR094.PosAngAtual: double
CLS01.5-INV08-SB24-TR095.PosAngAlvo: double
CLS01.5-INV08-SB24-TR095.PosAngAtual: double
CLS01.5-INV08-SB24-TR096.PosAngAlvo: double
CLS01.5-INV08-SB24-TR096.PosAngAtual: double
CLS01.6-INV01.CorA: double
CLS01.6-INV01.CorB: double
CLS01.6-INV01.CorC: double
CLS01.6-INV01.CorrenteCC: double
CLS01.6-INV01.PotAt: double
CLS01.6-INV01.TenAB: double
CLS01.6-INV01.TenBC: double
CLS01.6-INV01.TenCA: double
CLS01.6-INV01.TensaoCC: double
CLS01.6-INV01-SB13.CorrenteCC_01: double
CLS01.6-INV01-SB13.CorrenteCC_02: double
CLS01.6-INV01-SB13.CorrenteCC_03: double
CLS01.6-INV01-SB13.CorrenteCC_04: double
CLS01.6-INV01-SB13.CorrenteCC_05: double
CLS01.6-INV01-SB13.CorrenteCC_06: double
CLS01.6-INV01-SB13.CorrenteCC_07: double
CLS01.6-INV01-SB13.CorrenteCC_08: double
CLS01.6-INV01-SB13.CorrenteCC_09: double
CLS01.6-INV01-SB13.CorrenteCC_10: double
CLS01.6-INV01-SB13.CorrenteCC_11: double
CLS01.6-INV01-SB13.CorrenteCC_12: double
CLS01.6-INV01-SB13.CorrenteCC_13: double
CLS01.6-INV01-SB13.CorrenteCC_14: double
CLS01.6-INV01-SB13.CorrenteCC_15: double
CLS01.6-INV01-SB13.CorrenteCC_16: double
CLS01.6-INV01-SB13.TensaoCC: double
CLS01.6-INV01-SB13-TR049.PosAngAlvo: double
CLS01.6-INV01-SB13-TR049.PosAngAtual: double
CLS01.6-INV01-SB13-TR050.PosAngAlvo: double
CLS01.6-INV01-SB13-TR050.PosAngAtual: double
CLS01.6-INV01-SB13-TR051.PosAngAlvo: double
CLS01.6-INV01-SB13-TR051.PosAngAtual: double
CLS01.6-INV01-SB13-TR052.PosAngAlvo: double
CLS01.6-INV01-SB13-TR052.PosAngAtual: double
CLS01.6-INV01-SB14.CorrenteCC_01: double
CLS01.6-INV01-SB14.CorrenteCC_02: double
CLS01.6-INV01-SB14.CorrenteCC_03: double
CLS01.6-INV01-SB14.CorrenteCC_04: double
CLS01.6-INV01-SB14.CorrenteCC_05: double
CLS01.6-INV01-SB14.CorrenteCC_06: double
CLS01.6-INV01-SB14.CorrenteCC_07: double
CLS01.6-INV01-SB14.CorrenteCC_08: double
CLS01.6-INV01-SB14.CorrenteCC_09: double
CLS01.6-INV01-SB14.CorrenteCC_10: double
CLS01.6-INV01-SB14.CorrenteCC_11: double
CLS01.6-INV01-SB14.CorrenteCC_12: double
CLS01.6-INV01-SB14.CorrenteCC_13: double
CLS01.6-INV01-SB14.CorrenteCC_14: double
CLS01.6-INV01-SB14.CorrenteCC_15: double
CLS01.6-INV01-SB14.CorrenteCC_16: double
CLS01.6-INV01-SB14.TensaoCC: double
CLS01.6-INV01-SB14-TR053.PosAngAlvo: double
CLS01.6-INV01-SB14-TR053.PosAngAtual: double
CLS01.6-INV01-SB14-TR054.PosAngAlvo: double
CLS01.6-INV01-SB14-TR054.PosAngAtual: double
CLS01.6-INV01-SB14-TR055.PosAngAlvo: double
CLS01.6-INV01-SB14-TR055.PosAngAtual: double
CLS01.6-INV01-SB14-TR056.PosAngAlvo: double
CLS01.6-INV01-SB14-TR056.PosAngAtual: double
CLS01.6-INV01-SB15.CorrenteCC_01: double
CLS01.6-INV01-SB15.CorrenteCC_02: double
CLS01.6-INV01-SB15.CorrenteCC_03: double
CLS01.6-INV01-SB15.CorrenteCC_04: double
CLS01.6-INV01-SB15.CorrenteCC_05: double
CLS01.6-INV01-SB15.CorrenteCC_06: double
CLS01.6-INV01-SB15.CorrenteCC_07: double
CLS01.6-INV01-SB15.CorrenteCC_08: double
CLS01.6-INV01-SB15.CorrenteCC_09: double
CLS01.6-INV01-SB15.CorrenteCC_10: double
CLS01.6-INV01-SB15.CorrenteCC_11: double
CLS01.6-INV01-SB15.CorrenteCC_12: double
CLS01.6-INV01-SB15.CorrenteCC_13: double
CLS01.6-INV01-SB15.CorrenteCC_14: double
CLS01.6-INV01-SB15.CorrenteCC_15: double
CLS01.6-INV01-SB15.CorrenteCC_16: double
CLS01.6-INV01-SB15.TensaoCC: double
CLS01.6-INV01-SB15-TR057.PosAngAlvo: double
CLS01.6-INV01-SB15-TR057.PosAngAtual: double
CLS01.6-INV01-SB15-TR058.PosAngAlvo: double
CLS01.6-INV01-SB15-TR058.PosAngAtual: double
CLS01.6-INV01-SB15-TR059.PosAngAlvo: double
CLS01.6-INV01-SB15-TR059.PosAngAtual: double
CLS01.6-INV01-SB15-TR060.PosAngAlvo: double
CLS01.6-INV01-SB15-TR060.PosAngAtual: double
CLS01.6-INV01-SB16.CorrenteCC_01: double
CLS01.6-INV01-SB16.CorrenteCC_02: double
CLS01.6-INV01-SB16.CorrenteCC_03: double
CLS01.6-INV01-SB16.CorrenteCC_04: double
CLS01.6-INV01-SB16.CorrenteCC_05: double
CLS01.6-INV01-SB16.CorrenteCC_06: double
CLS01.6-INV01-SB16.CorrenteCC_07: double
CLS01.6-INV01-SB16.CorrenteCC_08: double
CLS01.6-INV01-SB16.CorrenteCC_09: double
CLS01.6-INV01-SB16.CorrenteCC_10: double
CLS01.6-INV01-SB16.CorrenteCC_11: double
CLS01.6-INV01-SB16.CorrenteCC_12: double
CLS01.6-INV01-SB16.CorrenteCC_13: double
CLS01.6-INV01-SB16.CorrenteCC_14: double
CLS01.6-INV01-SB16.CorrenteCC_15: double
CLS01.6-INV01-SB16.CorrenteCC_16: double
CLS01.6-INV01-SB16.TensaoCC: double
CLS01.6-INV01-SB16-TR061.PosAngAlvo: double
CLS01.6-INV01-SB16-TR061.PosAngAtual: double
CLS01.6-INV01-SB16-TR062.PosAngAlvo: double
CLS01.6-INV01-SB16-TR062.PosAngAtual: double
CLS01.6-INV01-SB16-TR063.PosAngAlvo: double
CLS01.6-INV01-SB16-TR063.PosAngAtual: double
CLS01.6-INV01-SB16-TR064.PosAngAlvo: double
CLS01.6-INV01-SB16-TR064.PosAngAtual: double
CLS01.6-INV02.CorA: double
CLS01.6-INV02.CorB: double
CLS01.6-INV02.CorC: double
CLS01.6-INV02.CorrenteCC: double
CLS01.6-INV02.PotAt: double
CLS01.6-INV02.TenAB: double
CLS01.6-INV02.TenBC: double
CLS01.6-INV02.TenCA: double
CLS01.6-INV02.TensaoCC: double
CLS01.6-INV02-SB05.CorrenteCC_01: double
CLS01.6-INV02-SB05.CorrenteCC_02: double
CLS01.6-INV02-SB05.CorrenteCC_03: double
CLS01.6-INV02-SB05.CorrenteCC_04: double
CLS01.6-INV02-SB05.CorrenteCC_05: double
CLS01.6-INV02-SB05.CorrenteCC_06: double
CLS01.6-INV02-SB05.CorrenteCC_07: double
CLS01.6-INV02-SB05.CorrenteCC_08: double
CLS01.6-INV02-SB05.CorrenteCC_09: double
CLS01.6-INV02-SB05.CorrenteCC_10: double
CLS01.6-INV02-SB05.CorrenteCC_11: double
CLS01.6-INV02-SB05.CorrenteCC_12: double
CLS01.6-INV02-SB05.CorrenteCC_13: double
CLS01.6-INV02-SB05.CorrenteCC_14: double
CLS01.6-INV02-SB05.CorrenteCC_15: double
CLS01.6-INV02-SB05.CorrenteCC_16: double
CLS01.6-INV02-SB05.TensaoCC: double
CLS01.6-INV02-SB05-TR017.PosAngAlvo: double
CLS01.6-INV02-SB05-TR017.PosAngAtual: double
CLS01.6-INV02-SB05-TR018.PosAngAlvo: double
CLS01.6-INV02-SB05-TR018.PosAngAtual: double
CLS01.6-INV02-SB05-TR019.PosAngAlvo: double
CLS01.6-INV02-SB05-TR019.PosAngAtual: double
CLS01.6-INV02-SB05-TR020.PosAngAlvo: double
CLS01.6-INV02-SB05-TR020.PosAngAtual: double
CLS01.6-INV02-SB06.CorrenteCC_01: double
CLS01.6-INV02-SB06.CorrenteCC_02: double
CLS01.6-INV02-SB06.CorrenteCC_03: double
CLS01.6-INV02-SB06.CorrenteCC_04: double
CLS01.6-INV02-SB06.CorrenteCC_05: double
CLS01.6-INV02-SB06.CorrenteCC_06: double
CLS01.6-INV02-SB06.CorrenteCC_07: double
CLS01.6-INV02-SB06.CorrenteCC_08: double
CLS01.6-INV02-SB06.CorrenteCC_09: double
CLS01.6-INV02-SB06.CorrenteCC_10: double
CLS01.6-INV02-SB06.CorrenteCC_11: double
CLS01.6-INV02-SB06.CorrenteCC_12: double
CLS01.6-INV02-SB06.CorrenteCC_13: double
CLS01.6-INV02-SB06.CorrenteCC_14: double
CLS01.6-INV02-SB06.CorrenteCC_15: double
CLS01.6-INV02-SB06.CorrenteCC_16: double
CLS01.6-INV02-SB06.TensaoCC: double
CLS01.6-INV02-SB06-TR021.PosAngAlvo: double
CLS01.6-INV02-SB06-TR021.PosAngAtual: double
CLS01.6-INV02-SB06-TR022.PosAngAlvo: double
CLS01.6-INV02-SB06-TR022.PosAngAtual: double
CLS01.6-INV02-SB06-TR023.PosAngAlvo: double
CLS01.6-INV02-SB06-TR023.PosAngAtual: double
CLS01.6-INV02-SB06-TR024.PosAngAlvo: double
CLS01.6-INV02-SB06-TR024.PosAngAtual: double
CLS01.6-INV02-SB07.CorrenteCC_01: double
CLS01.6-INV02-SB07.CorrenteCC_02: double
CLS01.6-INV02-SB07.CorrenteCC_03: double
CLS01.6-INV02-SB07.CorrenteCC_04: double
CLS01.6-INV02-SB07.CorrenteCC_05: double
CLS01.6-INV02-SB07.CorrenteCC_06: double
CLS01.6-INV02-SB07.CorrenteCC_07: double
CLS01.6-INV02-SB07.CorrenteCC_08: double
CLS01.6-INV02-SB07.CorrenteCC_09: double
CLS01.6-INV02-SB07.CorrenteCC_10: double
CLS01.6-INV02-SB07.CorrenteCC_11: double
CLS01.6-INV02-SB07.CorrenteCC_12: double
CLS01.6-INV02-SB07.CorrenteCC_13: double
CLS01.6-INV02-SB07.CorrenteCC_14: double
CLS01.6-INV02-SB07.CorrenteCC_15: double
CLS01.6-INV02-SB07.CorrenteCC_16: double
CLS01.6-INV02-SB07.TensaoCC: double
CLS01.6-INV02-SB07-TR025.PosAngAlvo: double
CLS01.6-INV02-SB07-TR025.PosAngAtual: double
CLS01.6-INV02-SB07-TR026.PosAngAlvo: double
CLS01.6-INV02-SB07-TR026.PosAngAtual: double
CLS01.6-INV02-SB07-TR027.PosAngAlvo: double
CLS01.6-INV02-SB07-TR027.PosAngAtual: double
CLS01.6-INV02-SB07-TR028.PosAngAlvo: double
CLS01.6-INV02-SB07-TR028.PosAngAtual: double
CLS01.6-INV02-SB08.CorrenteCC_01: double
CLS01.6-INV02-SB08.CorrenteCC_02: double
CLS01.6-INV02-SB08.CorrenteCC_03: double
CLS01.6-INV02-SB08.CorrenteCC_04: double
CLS01.6-INV02-SB08.CorrenteCC_05: double
CLS01.6-INV02-SB08.CorrenteCC_06: double
CLS01.6-INV02-SB08.CorrenteCC_07: double
CLS01.6-INV02-SB08.CorrenteCC_08: double
CLS01.6-INV02-SB08.CorrenteCC_09: double
CLS01.6-INV02-SB08.CorrenteCC_10: double
CLS01.6-INV02-SB08.CorrenteCC_11: double
CLS01.6-INV02-SB08.CorrenteCC_12: double
CLS01.6-INV02-SB08.CorrenteCC_13: double
CLS01.6-INV02-SB08.CorrenteCC_14: double
CLS01.6-INV02-SB08.CorrenteCC_15: double
CLS01.6-INV02-SB08.CorrenteCC_16: double
CLS01.6-INV02-SB08.TensaoCC: double
CLS01.6-INV02-SB08-TR029.PosAngAlvo: double
CLS01.6-INV02-SB08-TR029.PosAngAtual: double
CLS01.6-INV02-SB08-TR030.PosAngAlvo: double
CLS01.6-INV02-SB08-TR030.PosAngAtual: double
CLS01.6-INV02-SB08-TR031.PosAngAlvo: double
CLS01.6-INV02-SB08-TR031.PosAngAtual: double
CLS01.6-INV02-SB08-TR032.PosAngAlvo: double
CLS01.6-INV02-SB08-TR032.PosAngAtual: double
CLS01.6-INV03.CorA: double
CLS01.6-INV03.CorB: double
CLS01.6-INV03.CorC: double
CLS01.6-INV03.CorrenteCC: double
CLS01.6-INV03.PotAt: double
CLS01.6-INV03.TenAB: double
CLS01.6-INV03.TenBC: double
CLS01.6-INV03.TenCA: double
CLS01.6-INV03.TensaoCC: double
CLS01.6-INV03-SB01.CorrenteCC_01: double
CLS01.6-INV03-SB01.CorrenteCC_02: double
CLS01.6-INV03-SB01.CorrenteCC_03: double
CLS01.6-INV03-SB01.CorrenteCC_04: double
CLS01.6-INV03-SB01.CorrenteCC_05: double
CLS01.6-INV03-SB01.CorrenteCC_06: double
CLS01.6-INV03-SB01.CorrenteCC_07: double
CLS01.6-INV03-SB01.CorrenteCC_08: double
CLS01.6-INV03-SB01.CorrenteCC_09: double
CLS01.6-INV03-SB01.CorrenteCC_10: double
CLS01.6-INV03-SB01.CorrenteCC_11: double
CLS01.6-INV03-SB01.CorrenteCC_12: double
CLS01.6-INV03-SB01.CorrenteCC_13: double
CLS01.6-INV03-SB01.CorrenteCC_14: double
CLS01.6-INV03-SB01.CorrenteCC_15: double
CLS01.6-INV03-SB01.CorrenteCC_16: double
CLS01.6-INV03-SB01.TensaoCC: double
CLS01.6-INV03-SB01-TR001.PosAngAlvo: double
CLS01.6-INV03-SB01-TR001.PosAngAtual: double
CLS01.6-INV03-SB01-TR002.PosAngAlvo: double
CLS01.6-INV03-SB01-TR002.PosAngAtual: double
CLS01.6-INV03-SB01-TR003.PosAngAlvo: double
CLS01.6-INV03-SB01-TR003.PosAngAtual: double
CLS01.6-INV03-SB01-TR004.PosAngAlvo: double
CLS01.6-INV03-SB01-TR004.PosAngAtual: double
CLS01.6-INV03-SB02.CorrenteCC_01: double
CLS01.6-INV03-SB02.CorrenteCC_02: double
CLS01.6-INV03-SB02.CorrenteCC_03: double
CLS01.6-INV03-SB02.CorrenteCC_04: double
CLS01.6-INV03-SB02.CorrenteCC_05: double
CLS01.6-INV03-SB02.CorrenteCC_06: double
CLS01.6-INV03-SB02.CorrenteCC_07: double
CLS01.6-INV03-SB02.CorrenteCC_08: double
CLS01.6-INV03-SB02.CorrenteCC_09: double
CLS01.6-INV03-SB02.CorrenteCC_10: double
CLS01.6-INV03-SB02.CorrenteCC_11: double
CLS01.6-INV03-SB02.CorrenteCC_12: double
CLS01.6-INV03-SB02.CorrenteCC_13: double
CLS01.6-INV03-SB02.CorrenteCC_14: double
CLS01.6-INV03-SB02.CorrenteCC_15: double
CLS01.6-INV03-SB02.CorrenteCC_16: double
CLS01.6-INV03-SB02.TensaoCC: double
CLS01.6-INV03-SB02-TR005.PosAngAlvo: double
CLS01.6-INV03-SB02-TR005.PosAngAtual: double
CLS01.6-INV03-SB02-TR006.PosAngAlvo: double
CLS01.6-INV03-SB02-TR006.PosAngAtual: double
CLS01.6-INV03-SB02-TR007.PosAngAlvo: double
CLS01.6-INV03-SB02-TR007.PosAngAtual: double
CLS01.6-INV03-SB02-TR008.PosAngAlvo: double
CLS01.6-INV03-SB02-TR008.PosAngAtual: double
CLS01.6-INV03-SB03.CorrenteCC_01: double
CLS01.6-INV03-SB03.CorrenteCC_02: double
CLS01.6-INV03-SB03.CorrenteCC_03: double
CLS01.6-INV03-SB03.CorrenteCC_04: double
CLS01.6-INV03-SB03.CorrenteCC_05: double
CLS01.6-INV03-SB03.CorrenteCC_06: double
CLS01.6-INV03-SB03.CorrenteCC_07: double
CLS01.6-INV03-SB03.CorrenteCC_08: double
CLS01.6-INV03-SB03.CorrenteCC_09: double
CLS01.6-INV03-SB03.CorrenteCC_10: double
CLS01.6-INV03-SB03.CorrenteCC_11: double
CLS01.6-INV03-SB03.CorrenteCC_12: double
CLS01.6-INV03-SB03.CorrenteCC_13: double
CLS01.6-INV03-SB03.CorrenteCC_14: double
CLS01.6-INV03-SB03.CorrenteCC_15: double
CLS01.6-INV03-SB03.CorrenteCC_16: double
CLS01.6-INV03-SB03.TensaoCC: double
CLS01.6-INV03-SB03-TR009.PosAngAlvo: double
CLS01.6-INV03-SB03-TR009.PosAngAtual: double
CLS01.6-INV03-SB03-TR010.PosAngAlvo: double
CLS01.6-INV03-SB03-TR010.PosAngAtual: double
CLS01.6-INV03-SB03-TR011.PosAngAlvo: double
CLS01.6-INV03-SB03-TR011.PosAngAtual: double
CLS01.6-INV03-SB03-TR012.PosAngAlvo: double
CLS01.6-INV03-SB03-TR012.PosAngAtual: double
CLS01.6-INV03-SB04.CorrenteCC_01: double
CLS01.6-INV03-SB04.CorrenteCC_02: double
CLS01.6-INV03-SB04.CorrenteCC_03: double
CLS01.6-INV03-SB04.CorrenteCC_04: double
CLS01.6-INV03-SB04.CorrenteCC_05: double
CLS01.6-INV03-SB04.CorrenteCC_06: double
CLS01.6-INV03-SB04.CorrenteCC_07: double
CLS01.6-INV03-SB04.CorrenteCC_08: double
CLS01.6-INV03-SB04.CorrenteCC_09: double
CLS01.6-INV03-SB04.CorrenteCC_10: double
CLS01.6-INV03-SB04.CorrenteCC_11: double
CLS01.6-INV03-SB04.CorrenteCC_12: double
CLS01.6-INV03-SB04.CorrenteCC_13: double
CLS01.6-INV03-SB04.CorrenteCC_14: double
CLS01.6-INV03-SB04.CorrenteCC_15: double
CLS01.6-INV03-SB04.CorrenteCC_16: double
CLS01.6-INV03-SB04.TensaoCC: double
CLS01.6-INV03-SB04-TR013.PosAngAlvo: double
CLS01.6-INV03-SB04-TR013.PosAngAtual: double
CLS01.6-INV03-SB04-TR014.PosAngAlvo: double
CLS01.6-INV03-SB04-TR014.PosAngAtual: double
CLS01.6-INV03-SB04-TR015.PosAngAlvo: double
CLS01.6-INV03-SB04-TR015.PosAngAtual: double
CLS01.6-INV03-SB04-TR016.PosAngAlvo: double
CLS01.6-INV03-SB04-TR016.PosAngAtual: double
CLS01.6-INV04.CorA: double
CLS01.6-INV04.CorB: double
CLS01.6-INV04.CorC: double
CLS01.6-INV04.CorrenteCC: double
CLS01.6-INV04.PotAt: double
CLS01.6-INV04.TenAB: double
CLS01.6-INV04.TenBC: double
CLS01.6-INV04.TenCA: double
CLS01.6-INV04.TensaoCC: double
CLS01.6-INV04-SB09.CorrenteCC_01: double
CLS01.6-INV04-SB09.CorrenteCC_02: double
CLS01.6-INV04-SB09.CorrenteCC_03: double
CLS01.6-INV04-SB09.CorrenteCC_04: double
CLS01.6-INV04-SB09.CorrenteCC_05: double
CLS01.6-INV04-SB09.CorrenteCC_06: double
CLS01.6-INV04-SB09.CorrenteCC_07: double
CLS01.6-INV04-SB09.CorrenteCC_08: double
CLS01.6-INV04-SB09.CorrenteCC_09: double
CLS01.6-INV04-SB09.CorrenteCC_10: double
CLS01.6-INV04-SB09.CorrenteCC_11: double
CLS01.6-INV04-SB09.CorrenteCC_12: double
CLS01.6-INV04-SB09.CorrenteCC_13: double
CLS01.6-INV04-SB09.CorrenteCC_14: double
CLS01.6-INV04-SB09.CorrenteCC_15: double
CLS01.6-INV04-SB09.CorrenteCC_16: double
CLS01.6-INV04-SB09.TensaoCC: double
CLS01.6-INV04-SB09-TR033.PosAngAlvo: double
CLS01.6-INV04-SB09-TR033.PosAngAtual: double
CLS01.6-INV04-SB09-TR034.PosAngAlvo: double
CLS01.6-INV04-SB09-TR034.PosAngAtual: double
CLS01.6-INV04-SB09-TR035.PosAngAlvo: double
CLS01.6-INV04-SB09-TR035.PosAngAtual: double
CLS01.6-INV04-SB09-TR036.PosAngAlvo: double
CLS01.6-INV04-SB09-TR036.PosAngAtual: double
CLS01.6-INV04-SB10.CorrenteCC_01: double
CLS01.6-INV04-SB10.CorrenteCC_02: double
CLS01.6-INV04-SB10.CorrenteCC_03: double
CLS01.6-INV04-SB10.CorrenteCC_04: double
CLS01.6-INV04-SB10.CorrenteCC_05: double
CLS01.6-INV04-SB10.CorrenteCC_06: double
CLS01.6-INV04-SB10.CorrenteCC_07: double
CLS01.6-INV04-SB10.CorrenteCC_08: double
CLS01.6-INV04-SB10.CorrenteCC_09: double
CLS01.6-INV04-SB10.CorrenteCC_10: double
CLS01.6-INV04-SB10.CorrenteCC_11: double
CLS01.6-INV04-SB10.CorrenteCC_12: double
CLS01.6-INV04-SB10.CorrenteCC_13: double
CLS01.6-INV04-SB10.CorrenteCC_14: double
CLS01.6-INV04-SB10.CorrenteCC_15: double
CLS01.6-INV04-SB10.CorrenteCC_16: double
CLS01.6-INV04-SB10.TensaoCC: double
CLS01.6-INV04-SB10-TR037.PosAngAlvo: double
CLS01.6-INV04-SB10-TR037.PosAngAtual: double
CLS01.6-INV04-SB10-TR038.PosAngAlvo: double
CLS01.6-INV04-SB10-TR038.PosAngAtual: double
CLS01.6-INV04-SB10-TR039.PosAngAlvo: double
CLS01.6-INV04-SB10-TR039.PosAngAtual: double
CLS01.6-INV04-SB10-TR040.PosAngAlvo: double
CLS01.6-INV04-SB10-TR040.PosAngAtual: double
CLS01.6-INV04-SB11.CorrenteCC_01: double
CLS01.6-INV04-SB11.CorrenteCC_02: double
CLS01.6-INV04-SB11.CorrenteCC_03: double
CLS01.6-INV04-SB11.CorrenteCC_04: double
CLS01.6-INV04-SB11.CorrenteCC_05: double
CLS01.6-INV04-SB11.CorrenteCC_06: double
CLS01.6-INV04-SB11.CorrenteCC_07: double
CLS01.6-INV04-SB11.CorrenteCC_08: double
CLS01.6-INV04-SB11.CorrenteCC_09: double
CLS01.6-INV04-SB11.CorrenteCC_10: double
CLS01.6-INV04-SB11.CorrenteCC_11: double
CLS01.6-INV04-SB11.CorrenteCC_12: double
CLS01.6-INV04-SB11.CorrenteCC_13: double
CLS01.6-INV04-SB11.CorrenteCC_14: double
CLS01.6-INV04-SB11.CorrenteCC_15: double
CLS01.6-INV04-SB11.CorrenteCC_16: double
CLS01.6-INV04-SB11.TensaoCC: double
CLS01.6-INV04-SB11-TR041.PosAngAlvo: double
CLS01.6-INV04-SB11-TR041.PosAngAtual: double
CLS01.6-INV04-SB11-TR042.PosAngAlvo: double
CLS01.6-INV04-SB11-TR042.PosAngAtual: double
CLS01.6-INV04-SB11-TR043.PosAngAlvo: double
CLS01.6-INV04-SB11-TR043.PosAngAtual: double
CLS01.6-INV04-SB11-TR044.PosAngAlvo: double
CLS01.6-INV04-SB11-TR044.PosAngAtual: double
CLS01.6-INV04-SB12.CorrenteCC_01: double
CLS01.6-INV04-SB12.CorrenteCC_02: double
CLS01.6-INV04-SB12.CorrenteCC_03: double
CLS01.6-INV04-SB12.CorrenteCC_04: double
CLS01.6-INV04-SB12.CorrenteCC_05: double
CLS01.6-INV04-SB12.CorrenteCC_06: double
CLS01.6-INV04-SB12.CorrenteCC_07: double
CLS01.6-INV04-SB12.CorrenteCC_08: double
CLS01.6-INV04-SB12.CorrenteCC_09: double
CLS01.6-INV04-SB12.CorrenteCC_10: double
CLS01.6-INV04-SB12.CorrenteCC_11: double
CLS01.6-INV04-SB12.CorrenteCC_12: double
CLS01.6-INV04-SB12.CorrenteCC_13: double
CLS01.6-INV04-SB12.CorrenteCC_14: double
CLS01.6-INV04-SB12.CorrenteCC_15: double
CLS01.6-INV04-SB12.CorrenteCC_16: double
CLS01.6-INV04-SB12.TensaoCC: double
CLS01.6-INV04-SB12-TR045.PosAngAlvo: double
CLS01.6-INV04-SB12-TR045.PosAngAtual: double
CLS01.6-INV04-SB12-TR046.PosAngAlvo: double
CLS01.6-INV04-SB12-TR046.PosAngAtual: double
CLS01.6-INV04-SB12-TR047.PosAngAlvo: double
CLS01.6-INV04-SB12-TR047.PosAngAtual: double
CLS01.6-INV04-SB12-TR048.PosAngAlvo: double
CLS01.6-INV04-SB12-TR048.PosAngAtual: double
CLS01.6-INV05.CorA: double
CLS01.6-INV05.CorB: double
CLS01.6-INV05.CorC: double
CLS01.6-INV05.CorrenteCC: double
CLS01.6-INV05.PotAt: double
CLS01.6-INV05.TenAB: double
CLS01.6-INV05.TenBC: double
CLS01.6-INV05.TenCA: double
CLS01.6-INV05.TensaoCC: double
CLS01.6-INV05-SB17.CorrenteCC_01: double
CLS01.6-INV05-SB17.CorrenteCC_02: double
CLS01.6-INV05-SB17.CorrenteCC_03: double
CLS01.6-INV05-SB17.CorrenteCC_04: double
CLS01.6-INV05-SB17.CorrenteCC_05: double
CLS01.6-INV05-SB17.CorrenteCC_06: double
CLS01.6-INV05-SB17.CorrenteCC_07: double
CLS01.6-INV05-SB17.CorrenteCC_08: double
CLS01.6-INV05-SB17.CorrenteCC_09: double
CLS01.6-INV05-SB17.CorrenteCC_10: double
CLS01.6-INV05-SB17.CorrenteCC_11: double
CLS01.6-INV05-SB17.CorrenteCC_12: double
CLS01.6-INV05-SB17.CorrenteCC_13: double
CLS01.6-INV05-SB17.CorrenteCC_14: double
CLS01.6-INV05-SB17.CorrenteCC_15: double
CLS01.6-INV05-SB17.CorrenteCC_16: double
CLS01.6-INV05-SB17.TensaoCC: double
CLS01.6-INV05-SB17-TR065.PosAngAlvo: double
CLS01.6-INV05-SB17-TR065.PosAngAtual: double
CLS01.6-INV05-SB17-TR066.PosAngAlvo: double
CLS01.6-INV05-SB17-TR066.PosAngAtual: double
CLS01.6-INV05-SB17-TR067.PosAngAlvo: double
CLS01.6-INV05-SB17-TR067.PosAngAtual: double
CLS01.6-INV05-SB17-TR068.PosAngAlvo: double
CLS01.6-INV05-SB17-TR068.PosAngAtual: double
CLS01.6-INV05-SB18.CorrenteCC_01: double
CLS01.6-INV05-SB18.CorrenteCC_02: double
CLS01.6-INV05-SB18.CorrenteCC_03: double
CLS01.6-INV05-SB18.CorrenteCC_04: double
CLS01.6-INV05-SB18.CorrenteCC_05: double
CLS01.6-INV05-SB18.CorrenteCC_06: double
CLS01.6-INV05-SB18.CorrenteCC_07: double
CLS01.6-INV05-SB18.CorrenteCC_08: double
CLS01.6-INV05-SB18.CorrenteCC_09: double
CLS01.6-INV05-SB18.CorrenteCC_10: double
CLS01.6-INV05-SB18.CorrenteCC_11: double
CLS01.6-INV05-SB18.CorrenteCC_12: double
CLS01.6-INV05-SB18.CorrenteCC_13: double
CLS01.6-INV05-SB18.CorrenteCC_14: double
CLS01.6-INV05-SB18.CorrenteCC_15: double
CLS01.6-INV05-SB18.CorrenteCC_16: double
CLS01.6-INV05-SB18.TensaoCC: double
CLS01.6-INV05-SB18-TR069.PosAngAlvo: double
CLS01.6-INV05-SB18-TR069.PosAngAtual: double
CLS01.6-INV05-SB18-TR070.PosAngAlvo: double
CLS01.6-INV05-SB18-TR070.PosAngAtual: double
CLS01.6-INV05-SB18-TR071.PosAngAlvo: double
CLS01.6-INV05-SB18-TR071.PosAngAtual: double
CLS01.6-INV05-SB18-TR072.PosAngAlvo: double
CLS01.6-INV05-SB18-TR072.PosAngAtual: double
CLS01.6-INV05-SB19.CorrenteCC_01: double
CLS01.6-INV05-SB19.CorrenteCC_02: double
CLS01.6-INV05-SB19.CorrenteCC_03: double
CLS01.6-INV05-SB19.CorrenteCC_04: double
CLS01.6-INV05-SB19.CorrenteCC_05: double
CLS01.6-INV05-SB19.CorrenteCC_06: double
CLS01.6-INV05-SB19.CorrenteCC_07: double
CLS01.6-INV05-SB19.CorrenteCC_08: double
CLS01.6-INV05-SB19.CorrenteCC_09: double
CLS01.6-INV05-SB19.CorrenteCC_10: double
CLS01.6-INV05-SB19.CorrenteCC_11: double
CLS01.6-INV05-SB19.CorrenteCC_12: double
CLS01.6-INV05-SB19.CorrenteCC_13: double
CLS01.6-INV05-SB19.CorrenteCC_14: double
CLS01.6-INV05-SB19.CorrenteCC_15: double
CLS01.6-INV05-SB19.CorrenteCC_16: double
CLS01.6-INV05-SB19.TensaoCC: double
CLS01.6-INV05-SB19-TR073.PosAngAlvo: double
CLS01.6-INV05-SB19-TR073.PosAngAtual: double
CLS01.6-INV05-SB19-TR074.PosAngAlvo: double
CLS01.6-INV05-SB19-TR074.PosAngAtual: double
CLS01.6-INV05-SB19-TR075.PosAngAlvo: double
CLS01.6-INV05-SB19-TR075.PosAngAtual: double
CLS01.6-INV05-SB19-TR076.PosAngAlvo: double
CLS01.6-INV05-SB19-TR076.PosAngAtual: double
CLS01.6-INV05-SB20.CorrenteCC_01: double
CLS01.6-INV05-SB20.CorrenteCC_02: double
CLS01.6-INV05-SB20.CorrenteCC_03: double
CLS01.6-INV05-SB20.CorrenteCC_04: double
CLS01.6-INV05-SB20.CorrenteCC_05: double
CLS01.6-INV05-SB20.CorrenteCC_06: double
CLS01.6-INV05-SB20.CorrenteCC_07: double
CLS01.6-INV05-SB20.CorrenteCC_08: double
CLS01.6-INV05-SB20.CorrenteCC_09: double
CLS01.6-INV05-SB20.CorrenteCC_10: double
CLS01.6-INV05-SB20.CorrenteCC_11: double
CLS01.6-INV05-SB20.CorrenteCC_12: double
CLS01.6-INV05-SB20.CorrenteCC_13: double
CLS01.6-INV05-SB20.CorrenteCC_14: double
CLS01.6-INV05-SB20.CorrenteCC_15: double
CLS01.6-INV05-SB20.CorrenteCC_16: double
CLS01.6-INV05-SB20.TensaoCC: double
CLS01.6-INV05-SB20-TR077.PosAngAlvo: double
CLS01.6-INV05-SB20-TR077.PosAngAtual: double
CLS01.6-INV05-SB20-TR078.PosAngAlvo: double
CLS01.6-INV05-SB20-TR078.PosAngAtual: double
CLS01.6-INV05-SB20-TR079.PosAngAlvo: double
CLS01.6-INV05-SB20-TR079.PosAngAtual: double
CLS01.6-INV05-SB20-TR080.PosAngAlvo: double
CLS01.6-INV05-SB20-TR080.PosAngAtual: double
CLS01.6-INV06.CorA: double
CLS01.6-INV06.CorB: double
CLS01.6-INV06.CorC: double
CLS01.6-INV06.CorrenteCC: double
CLS01.6-INV06.PotAt: double
CLS01.6-INV06.TenAB: double
CLS01.6-INV06.TenBC: double
CLS01.6-INV06.TenCA: double
CLS01.6-INV06.TensaoCC: double
CLS01.6-INV06-SB25.CorrenteCC_01: double
CLS01.6-INV06-SB25.CorrenteCC_02: double
CLS01.6-INV06-SB25.CorrenteCC_03: double
CLS01.6-INV06-SB25.CorrenteCC_04: double
CLS01.6-INV06-SB25.CorrenteCC_05: double
CLS01.6-INV06-SB25.CorrenteCC_06: double
CLS01.6-INV06-SB25.CorrenteCC_07: double
CLS01.6-INV06-SB25.CorrenteCC_08: double
CLS01.6-INV06-SB25.CorrenteCC_09: double
CLS01.6-INV06-SB25.CorrenteCC_10: double
CLS01.6-INV06-SB25.CorrenteCC_11: double
CLS01.6-INV06-SB25.CorrenteCC_12: double
CLS01.6-INV06-SB25.CorrenteCC_13: double
CLS01.6-INV06-SB25.CorrenteCC_14: double
CLS01.6-INV06-SB25.CorrenteCC_15: double
CLS01.6-INV06-SB25.CorrenteCC_16: double
CLS01.6-INV06-SB25.TensaoCC: double
CLS01.6-INV06-SB25-TR097.PosAngAlvo: double
CLS01.6-INV06-SB25-TR097.PosAngAtual: double
CLS01.6-INV06-SB25-TR098.PosAngAlvo: double
CLS01.6-INV06-SB25-TR098.PosAngAtual: double
CLS01.6-INV06-SB25-TR099.PosAngAlvo: double
CLS01.6-INV06-SB25-TR099.PosAngAtual: double
CLS01.6-INV06-SB25-TR100.PosAngAlvo: double
CLS01.6-INV06-SB25-TR100.PosAngAtual: double
CLS01.6-INV06-SB26.CorrenteCC_01: double
CLS01.6-INV06-SB26.CorrenteCC_02: double
CLS01.6-INV06-SB26.CorrenteCC_03: double
CLS01.6-INV06-SB26.CorrenteCC_04: double
CLS01.6-INV06-SB26.CorrenteCC_05: double
CLS01.6-INV06-SB26.CorrenteCC_06: double
CLS01.6-INV06-SB26.CorrenteCC_07: double
CLS01.6-INV06-SB26.CorrenteCC_08: double
CLS01.6-INV06-SB26.CorrenteCC_09: double
CLS01.6-INV06-SB26.CorrenteCC_10: double
CLS01.6-INV06-SB26.CorrenteCC_11: double
CLS01.6-INV06-SB26.CorrenteCC_12: double
CLS01.6-INV06-SB26.CorrenteCC_13: double
CLS01.6-INV06-SB26.CorrenteCC_14: double
CLS01.6-INV06-SB26.CorrenteCC_15: double
CLS01.6-INV06-SB26.CorrenteCC_16: double
CLS01.6-INV06-SB26.TensaoCC: double
CLS01.6-INV06-SB26-TR101.PosAngAlvo: double
CLS01.6-INV06-SB26-TR101.PosAngAtual: double
CLS01.6-INV06-SB26-TR102.PosAngAlvo: double
CLS01.6-INV06-SB26-TR102.PosAngAtual: double
CLS01.6-INV06-SB26-TR103.PosAngAlvo: double
CLS01.6-INV06-SB26-TR103.PosAngAtual: double
CLS01.6-INV06-SB26-TR104.PosAngAlvo: double
CLS01.6-INV06-SB26-TR104.PosAngAtual: double
CLS01.6-INV06-SB27.CorrenteCC_01: double
CLS01.6-INV06-SB27.CorrenteCC_02: double
CLS01.6-INV06-SB27.CorrenteCC_03: double
CLS01.6-INV06-SB27.CorrenteCC_04: double
CLS01.6-INV06-SB27.CorrenteCC_05: double
CLS01.6-INV06-SB27.CorrenteCC_06: double
CLS01.6-INV06-SB27.CorrenteCC_07: double
CLS01.6-INV06-SB27.CorrenteCC_08: double
CLS01.6-INV06-SB27.CorrenteCC_09: double
CLS01.6-INV06-SB27.CorrenteCC_10: double
CLS01.6-INV06-SB27.CorrenteCC_11: double
CLS01.6-INV06-SB27.CorrenteCC_12: double
CLS01.6-INV06-SB27.CorrenteCC_13: double
CLS01.6-INV06-SB27.CorrenteCC_14: double
CLS01.6-INV06-SB27.CorrenteCC_15: double
CLS01.6-INV06-SB27.CorrenteCC_16: double
CLS01.6-INV06-SB27.TensaoCC: double
CLS01.6-INV06-SB27-TR105.PosAngAlvo: double
CLS01.6-INV06-SB27-TR105.PosAngAtual: double
CLS01.6-INV06-SB27-TR106.PosAngAlvo: double
CLS01.6-INV06-SB27-TR106.PosAngAtual: double
CLS01.6-INV06-SB27-TR107.PosAngAlvo: double
CLS01.6-INV06-SB27-TR107.PosAngAtual: double
CLS01.6-INV06-SB27-TR108.PosAngAlvo: double
CLS01.6-INV06-SB27-TR108.PosAngAtual: double
CLS01.6-INV06-SB28.CorrenteCC_01: double
CLS01.6-INV06-SB28.CorrenteCC_02: double
CLS01.6-INV06-SB28.CorrenteCC_03: double
CLS01.6-INV06-SB28.CorrenteCC_04: double
CLS01.6-INV06-SB28.CorrenteCC_05: double
CLS01.6-INV06-SB28.CorrenteCC_06: double
CLS01.6-INV06-SB28.CorrenteCC_07: double
CLS01.6-INV06-SB28.CorrenteCC_08: double
CLS01.6-INV06-SB28.CorrenteCC_09: double
CLS01.6-INV06-SB28.CorrenteCC_10: double
CLS01.6-INV06-SB28.CorrenteCC_11: double
CLS01.6-INV06-SB28.CorrenteCC_12: double
CLS01.6-INV06-SB28.CorrenteCC_13: double
CLS01.6-INV06-SB28.CorrenteCC_14: double
CLS01.6-INV06-SB28.CorrenteCC_15: double
CLS01.6-INV06-SB28.CorrenteCC_16: double
CLS01.6-INV06-SB28.TensaoCC: double
CLS01.6-INV06-SB28-TR109.PosAngAlvo: double
CLS01.6-INV06-SB28-TR109.PosAngAtual: double
CLS01.6-INV06-SB28-TR110.PosAngAlvo: double
CLS01.6-INV06-SB28-TR110.PosAngAtual: double
CLS01.6-INV06-SB28-TR111.PosAngAlvo: double
CLS01.6-INV06-SB28-TR111.PosAngAtual: double
CLS01.6-INV06-SB28-TR112.PosAngAlvo: double
CLS01.6-INV06-SB28-TR112.PosAngAtual: double
CLS01.6-INV07.CorA: double
CLS01.6-INV07.CorB: double
CLS01.6-INV07.CorC: double
CLS01.6-INV07.CorrenteCC: double
CLS01.6-INV07.PotAt: double
CLS01.6-INV07.TenAB: double
CLS01.6-INV07.TenBC: double
CLS01.6-INV07.TenCA: double
CLS01.6-INV07.TensaoCC: double
CLS01.6-INV07-SB29.CorrenteCC_01: double
CLS01.6-INV07-SB29.CorrenteCC_02: double
CLS01.6-INV07-SB29.CorrenteCC_03: double
CLS01.6-INV07-SB29.CorrenteCC_04: double
CLS01.6-INV07-SB29.CorrenteCC_05: double
CLS01.6-INV07-SB29.CorrenteCC_06: double
CLS01.6-INV07-SB29.CorrenteCC_07: double
CLS01.6-INV07-SB29.CorrenteCC_08: double
CLS01.6-INV07-SB29.CorrenteCC_09: double
CLS01.6-INV07-SB29.CorrenteCC_10: double
CLS01.6-INV07-SB29.CorrenteCC_11: double
CLS01.6-INV07-SB29.CorrenteCC_12: double
CLS01.6-INV07-SB29.CorrenteCC_13: double
CLS01.6-INV07-SB29.CorrenteCC_14: double
CLS01.6-INV07-SB29.CorrenteCC_15: double
CLS01.6-INV07-SB29.CorrenteCC_16: double
CLS01.6-INV07-SB29.TensaoCC: double
CLS01.6-INV07-SB29-TR113.PosAngAlvo: double
CLS01.6-INV07-SB29-TR113.PosAngAtual: double
CLS01.6-INV07-SB29-TR114.PosAngAlvo: double
CLS01.6-INV07-SB29-TR114.PosAngAtual: double
CLS01.6-INV07-SB29-TR115.PosAngAlvo: double
CLS01.6-INV07-SB29-TR115.PosAngAtual: double
CLS01.6-INV07-SB29-TR116.PosAngAlvo: double
CLS01.6-INV07-SB29-TR116.PosAngAtual: double
CLS01.6-INV07-SB30.CorrenteCC_01: double
CLS01.6-INV07-SB30.CorrenteCC_02: double
CLS01.6-INV07-SB30.CorrenteCC_03: double
CLS01.6-INV07-SB30.CorrenteCC_04: double
CLS01.6-INV07-SB30.CorrenteCC_05: double
CLS01.6-INV07-SB30.CorrenteCC_06: double
CLS01.6-INV07-SB30.CorrenteCC_07: double
CLS01.6-INV07-SB30.CorrenteCC_08: double
CLS01.6-INV07-SB30.CorrenteCC_09: double
CLS01.6-INV07-SB30.CorrenteCC_10: double
CLS01.6-INV07-SB30.CorrenteCC_11: double
CLS01.6-INV07-SB30.CorrenteCC_12: double
CLS01.6-INV07-SB30.CorrenteCC_13: double
CLS01.6-INV07-SB30.CorrenteCC_14: double
CLS01.6-INV07-SB30.CorrenteCC_15: double
CLS01.6-INV07-SB30.CorrenteCC_16: double
CLS01.6-INV07-SB30.TensaoCC: double
CLS01.6-INV07-SB30-TR117.PosAngAlvo: double
CLS01.6-INV07-SB30-TR117.PosAngAtual: double
CLS01.6-INV07-SB30-TR118.PosAngAlvo: double
CLS01.6-INV07-SB30-TR118.PosAngAtual: double
CLS01.6-INV07-SB30-TR119.PosAngAlvo: double
CLS01.6-INV07-SB30-TR119.PosAngAtual: double
CLS01.6-INV07-SB30-TR120.PosAngAlvo: double
CLS01.6-INV07-SB30-TR120.PosAngAtual: double
CLS01.6-INV07-SB31.CorrenteCC_01: double
CLS01.6-INV07-SB31.CorrenteCC_02: double
CLS01.6-INV07-SB31.CorrenteCC_03: double
CLS01.6-INV07-SB31.CorrenteCC_04: double
CLS01.6-INV07-SB31.CorrenteCC_05: double
CLS01.6-INV07-SB31.CorrenteCC_06: double
CLS01.6-INV07-SB31.CorrenteCC_07: double
CLS01.6-INV07-SB31.CorrenteCC_08: double
CLS01.6-INV07-SB31.CorrenteCC_09: double
CLS01.6-INV07-SB31.CorrenteCC_10: double
CLS01.6-INV07-SB31.CorrenteCC_11: double
CLS01.6-INV07-SB31.CorrenteCC_12: double
CLS01.6-INV07-SB31.CorrenteCC_13: double
CLS01.6-INV07-SB31.CorrenteCC_14: double
CLS01.6-INV07-SB31.CorrenteCC_15: double
CLS01.6-INV07-SB31.CorrenteCC_16: double
CLS01.6-INV07-SB31.TensaoCC: double
CLS01.6-INV07-SB31-TR121.PosAngAlvo: double
CLS01.6-INV07-SB31-TR121.PosAngAtual: double
CLS01.6-INV07-SB31-TR122.PosAngAlvo: double
CLS01.6-INV07-SB31-TR122.PosAngAtual: double
CLS01.6-INV07-SB31-TR123.PosAngAlvo: double
CLS01.6-INV07-SB31-TR123.PosAngAtual: double
CLS01.6-INV07-SB31-TR124.PosAngAlvo: double
CLS01.6-INV07-SB31-TR124.PosAngAtual: double
CLS01.6-INV07-SB32.CorrenteCC_01: double
CLS01.6-INV07-SB32.CorrenteCC_02: double
CLS01.6-INV07-SB32.CorrenteCC_03: double
CLS01.6-INV07-SB32.CorrenteCC_04: double
CLS01.6-INV07-SB32.CorrenteCC_05: double
CLS01.6-INV07-SB32.CorrenteCC_06: double
CLS01.6-INV07-SB32.CorrenteCC_07: double
CLS01.6-INV07-SB32.CorrenteCC_08: double
CLS01.6-INV07-SB32.CorrenteCC_09: double
CLS01.6-INV07-SB32.CorrenteCC_10: double
CLS01.6-INV07-SB32.CorrenteCC_11: double
CLS01.6-INV07-SB32.CorrenteCC_12: double
CLS01.6-INV07-SB32.CorrenteCC_13: double
CLS01.6-INV07-SB32.CorrenteCC_14: double
CLS01.6-INV07-SB32.CorrenteCC_15: double
CLS01.6-INV07-SB32.CorrenteCC_16: double
CLS01.6-INV07-SB32.TensaoCC: double
CLS01.6-INV07-SB32-TR125.PosAngAlvo: double
CLS01.6-INV07-SB32-TR125.PosAngAtual: double
CLS01.6-INV07-SB32-TR126.PosAngAlvo: double
CLS01.6-INV07-SB32-TR126.PosAngAtual: double
CLS01.6-INV07-SB32-TR127.PosAngAlvo: double
CLS01.6-INV07-SB32-TR127.PosAngAtual: double
CLS01.6-INV07-SB32-TR128.PosAngAlvo: double
CLS01.6-INV07-SB32-TR128.PosAngAtual: double
CLS01.6-INV08.CorA: double
CLS01.6-INV08.CorB: double
CLS01.6-INV08.CorC: double
CLS01.6-INV08.CorrenteCC: double
CLS01.6-INV08.PotAt: double
CLS01.6-INV08.TenAB: double
CLS01.6-INV08.TenBC: double
CLS01.6-INV08.TenCA: double
CLS01.6-INV08.TensaoCC: double
CLS01.6-INV08-SB21.CorrenteCC_01: double
CLS01.6-INV08-SB21.CorrenteCC_02: double
CLS01.6-INV08-SB21.CorrenteCC_03: double
CLS01.6-INV08-SB21.CorrenteCC_04: double
CLS01.6-INV08-SB21.CorrenteCC_05: double
CLS01.6-INV08-SB21.CorrenteCC_06: double
CLS01.6-INV08-SB21.CorrenteCC_07: double
CLS01.6-INV08-SB21.CorrenteCC_08: double
CLS01.6-INV08-SB21.CorrenteCC_09: double
CLS01.6-INV08-SB21.CorrenteCC_10: double
CLS01.6-INV08-SB21.CorrenteCC_11: double
CLS01.6-INV08-SB21.CorrenteCC_12: double
CLS01.6-INV08-SB21.CorrenteCC_13: double
CLS01.6-INV08-SB21.CorrenteCC_14: double
CLS01.6-INV08-SB21.CorrenteCC_15: double
CLS01.6-INV08-SB21.CorrenteCC_16: double
CLS01.6-INV08-SB21.TensaoCC: double
CLS01.6-INV08-SB21-TR081.PosAngAlvo: double
CLS01.6-INV08-SB21-TR081.PosAngAtual: double
CLS01.6-INV08-SB21-TR082.PosAngAlvo: double
CLS01.6-INV08-SB21-TR082.PosAngAtual: double
CLS01.6-INV08-SB21-TR083.PosAngAlvo: double
CLS01.6-INV08-SB21-TR083.PosAngAtual: double
CLS01.6-INV08-SB21-TR084.PosAngAlvo: double
CLS01.6-INV08-SB21-TR084.PosAngAtual: double
CLS01.6-INV08-SB22.CorrenteCC_01: double
CLS01.6-INV08-SB22.CorrenteCC_02: double
CLS01.6-INV08-SB22.CorrenteCC_03: double
CLS01.6-INV08-SB22.CorrenteCC_04: double
CLS01.6-INV08-SB22.CorrenteCC_05: double
CLS01.6-INV08-SB22.CorrenteCC_06: double
CLS01.6-INV08-SB22.CorrenteCC_07: double
CLS01.6-INV08-SB22.CorrenteCC_08: double
CLS01.6-INV08-SB22.CorrenteCC_09: double
CLS01.6-INV08-SB22.CorrenteCC_10: double
CLS01.6-INV08-SB22.CorrenteCC_11: double
CLS01.6-INV08-SB22.CorrenteCC_12: double
CLS01.6-INV08-SB22.CorrenteCC_13: double
CLS01.6-INV08-SB22.CorrenteCC_14: double
CLS01.6-INV08-SB22.CorrenteCC_15: double
CLS01.6-INV08-SB22.CorrenteCC_16: double
CLS01.6-INV08-SB22.TensaoCC: double
CLS01.6-INV08-SB22-TR085.PosAngAlvo: double
CLS01.6-INV08-SB22-TR085.PosAngAtual: double
CLS01.6-INV08-SB22-TR086.PosAngAlvo: double
CLS01.6-INV08-SB22-TR086.PosAngAtual: double
CLS01.6-INV08-SB22-TR087.PosAngAlvo: double
CLS01.6-INV08-SB22-TR087.PosAngAtual: double
CLS01.6-INV08-SB22-TR088.PosAngAlvo: double
CLS01.6-INV08-SB22-TR088.PosAngAtual: double
CLS01.6-INV08-SB23.CorrenteCC_01: double
CLS01.6-INV08-SB23.CorrenteCC_02: double
CLS01.6-INV08-SB23.CorrenteCC_03: double
CLS01.6-INV08-SB23.CorrenteCC_04: double
CLS01.6-INV08-SB23.CorrenteCC_05: double
CLS01.6-INV08-SB23.CorrenteCC_06: double
CLS01.6-INV08-SB23.CorrenteCC_07: double
CLS01.6-INV08-SB23.CorrenteCC_08: double
CLS01.6-INV08-SB23.CorrenteCC_09: double
CLS01.6-INV08-SB23.CorrenteCC_10: double
CLS01.6-INV08-SB23.CorrenteCC_11: double
CLS01.6-INV08-SB23.CorrenteCC_12: double
CLS01.6-INV08-SB23.CorrenteCC_13: double
CLS01.6-INV08-SB23.CorrenteCC_14: double
CLS01.6-INV08-SB23.CorrenteCC_15: double
CLS01.6-INV08-SB23.CorrenteCC_16: double
CLS01.6-INV08-SB23.TensaoCC: double
CLS01.6-INV08-SB23-TR089.PosAngAlvo: double
CLS01.6-INV08-SB23-TR089.PosAngAtual: double
CLS01.6-INV08-SB23-TR090.PosAngAlvo: double
CLS01.6-INV08-SB23-TR090.PosAngAtual: double
CLS01.6-INV08-SB23-TR091.PosAngAlvo: double
CLS01.6-INV08-SB23-TR091.PosAngAtual: double
CLS01.6-INV08-SB23-TR092.PosAngAlvo: double
CLS01.6-INV08-SB23-TR092.PosAngAtual: double
CLS01.6-INV08-SB24.CorrenteCC_01: double
CLS01.6-INV08-SB24.CorrenteCC_02: double
CLS01.6-INV08-SB24.CorrenteCC_03: double
CLS01.6-INV08-SB24.CorrenteCC_04: double
CLS01.6-INV08-SB24.CorrenteCC_05: double
CLS01.6-INV08-SB24.CorrenteCC_06: double
CLS01.6-INV08-SB24.CorrenteCC_07: double
CLS01.6-INV08-SB24.CorrenteCC_08: double
CLS01.6-INV08-SB24.CorrenteCC_09: double
CLS01.6-INV08-SB24.CorrenteCC_10: double
CLS01.6-INV08-SB24.CorrenteCC_11: double
CLS01.6-INV08-SB24.CorrenteCC_12: double
CLS01.6-INV08-SB24.CorrenteCC_13: double
CLS01.6-INV08-SB24.CorrenteCC_14: double
CLS01.6-INV08-SB24.CorrenteCC_15: double
CLS01.6-INV08-SB24.CorrenteCC_16: double
CLS01.6-INV08-SB24.TensaoCC: double
CLS01.6-INV08-SB24-TR093.PosAngAlvo: double
CLS01.6-INV08-SB24-TR093.PosAngAtual: double
CLS01.6-INV08-SB24-TR094.PosAngAlvo: double
CLS01.6-INV08-SB24-TR094.PosAngAtual: double
CLS01.6-INV08-SB24-TR095.PosAngAlvo: double
CLS01.6-INV08-SB24-TR095.PosAngAtual: double
CLS01.6-INV08-SB24-TR096.PosAngAlvo: double
CLS01.6-INV08-SB24-TR096.PosAngAtual: double
CLS01.PPC.PotAt: double
CLS01.PPC.RefPotAt: double
SE-BBS.PPC.RefPotAt: double
SE-BBS.PPC.RefPotAt_DispSolar: double
Unnamed: 5253: double
timestamp.1: timestamp[us]
Flag 5 minutos: int64
__fragment_index: int32
__batch_index: int32
__last_in_fragment: bool
__filename: string
[2026-04-13 01:29:55] [INFO] usina_solar -- [DATA] Consulta: usina=Cortez - SPE São Claus 1, date=2025-11-24, series=['CLS01.1-INV01.PotAt', 'CLS01.1-INV02.PotAt'], elemento=None, skid=None, [None → None]
[2026-04-13 01:29:55] [INFO] usina_solar -- [QUERY] date=2025-11-24 | 2 séries | start=None end=None
[2026-04-13 01:30:04] [INFO] usina_solar -- [DATA] Consulta: usina=Cortez - SPE São Claus 1, date=2025-11-24, series=['CLS01.1-INV01.PotAt', 'CLS01.1-INV02.PotAt', 'CLS01.1-INV01-SB13.PotenciaCC_01'], elemento=None, skid=None, [None → None]
[2026-04-13 01:30:04] [INFO] usina_solar -- [QUERY] date=2025-11-24 | 3 séries | start=None end=None
[2026-04-13 01:30:04] [ERROR] usina_solar -- [DATA] Erro: No match for FieldRef.Nested(FieldRef.Name(CLS01) FieldRef.Name(1-INV01-SB13) FieldRef.Name(PotenciaCC_01)) in timestamp: timestamp[us]
CLS01.1.MET-B.POA-Irrd: double
CLS01.1.MET-B.POA-Irrd_REAR: double
CLS01.1.MET-B.T_MOD: double
CLS01.1.MET-EPE.GHI-Irrd_1_SR100: double
CLS01.1.MET-EPE.GHI-Irrd_2_SR100: double
CLS01.1.MET-EPE.PcpAcm: double
CLS01.1.MET-EPE.T_SSTRH: double
CLS01.1.MET-EPE.VentoVel: double
CLS01.1-INV01.CorA: double
CLS01.1-INV01.CorB: double
CLS01.1-INV01.CorC: double
CLS01.1-INV01.CorrenteCC: double
CLS01.1-INV01.PotAt: double
CLS01.1-INV01.TenAB: double
CLS01.1-INV01.TenBC: double
CLS01.1-INV01.TenCA: double
CLS01.1-INV01.TensaoCC: double
CLS01.1-INV01-SB13.CorrenteCC_01: double
CLS01.1-INV01-SB13.CorrenteCC_02: double
CLS01.1-INV01-SB13.CorrenteCC_03: double
CLS01.1-INV01-SB13.CorrenteCC_04: double
CLS01.1-INV01-SB13.CorrenteCC_05: double
CLS01.1-INV01-SB13.CorrenteCC_06: double
CLS01.1-INV01-SB13.CorrenteCC_07: double
CLS01.1-INV01-SB13.CorrenteCC_08: double
CLS01.1-INV01-SB13.CorrenteCC_09: double
CLS01.1-INV01-SB13.CorrenteCC_10: double
CLS01.1-INV01-SB13.CorrenteCC_11: double
CLS01.1-INV01-SB13.CorrenteCC_12: double
CLS01.1-INV01-SB13.CorrenteCC_13: double
CLS01.1-INV01-SB13.CorrenteCC_14: double
CLS01.1-INV01-SB13.CorrenteCC_15: double
CLS01.1-INV01-SB13.CorrenteCC_16: double
CLS01.1-INV01-SB13.TensaoCC: double
CLS01.1-INV01-SB13-TR049.PosAngAlvo: double
CLS01.1-INV01-SB13-TR049.PosAngAtual: double
CLS01.1-INV01-SB13-TR050.PosAngAlvo: double
CLS01.1-INV01-SB13-TR050.PosAngAtual: double
CLS01.1-INV01-SB13-TR051.PosAngAlvo: double
CLS01.1-INV01-SB13-TR051.PosAngAtual: double
CLS01.1-INV01-SB13-TR052.PosAngAlvo: double
CLS01.1-INV01-SB13-TR052.PosAngAtual: double
CLS01.1-INV01-SB14.CorrenteCC_01: double
CLS01.1-INV01-SB14.CorrenteCC_02: double
CLS01.1-INV01-SB14.CorrenteCC_03: double
CLS01.1-INV01-SB14.CorrenteCC_04: double
CLS01.1-INV01-SB14.CorrenteCC_05: double
CLS01.1-INV01-SB14.CorrenteCC_06: double
CLS01.1-INV01-SB14.CorrenteCC_07: double
CLS01.1-INV01-SB14.CorrenteCC_08: double
CLS01.1-INV01-SB14.CorrenteCC_09: double
CLS01.1-INV01-SB14.CorrenteCC_10: double
CLS01.1-INV01-SB14.CorrenteCC_11: double
CLS01.1-INV01-SB14.CorrenteCC_12: double
CLS01.1-INV01-SB14.CorrenteCC_13: double
CLS01.1-INV01-SB14.CorrenteCC_14: double
CLS01.1-INV01-SB14.CorrenteCC_15: double
CLS01.1-INV01-SB14.CorrenteCC_16: double
CLS01.1-INV01-SB14.TensaoCC: double
CLS01.1-INV01-SB14-TR053.PosAngAlvo: double
CLS01.1-INV01-SB14-TR053.PosAngAtual: double
CLS01.1-INV01-SB14-TR054.PosAngAlvo: double
CLS01.1-INV01-SB14-TR054.PosAngAtual: double
CLS01.1-INV01-SB14-TR055.PosAngAlvo: double
CLS01.1-INV01-SB14-TR055.PosAngAtual: double
CLS01.1-INV01-SB14-TR056.PosAngAlvo: double
CLS01.1-INV01-SB14-TR056.PosAngAtual: double
CLS01.1-INV01-SB15.CorrenteCC_01: double
CLS01.1-INV01-SB15.CorrenteCC_02: double
CLS01.1-INV01-SB15.CorrenteCC_03: double
CLS01.1-INV01-SB15.CorrenteCC_04: double
CLS01.1-INV01-SB15.CorrenteCC_05: double
CLS01.1-INV01-SB15.CorrenteCC_06: double
CLS01.1-INV01-SB15.CorrenteCC_07: double
CLS01.1-INV01-SB15.CorrenteCC_08: double
CLS01.1-INV01-SB15.CorrenteCC_09: double
CLS01.1-INV01-SB15.CorrenteCC_10: double
CLS01.1-INV01-SB15.CorrenteCC_11: double
CLS01.1-INV01-SB15.CorrenteCC_12: double
CLS01.1-INV01-SB15.CorrenteCC_13: double
CLS01.1-INV01-SB15.CorrenteCC_14: double
CLS01.1-INV01-SB15.CorrenteCC_15: double
CLS01.1-INV01-SB15.CorrenteCC_16: double
CLS01.1-INV01-SB15.TensaoCC: double
CLS01.1-INV01-SB15-TR057.PosAngAlvo: double
CLS01.1-INV01-SB15-TR057.PosAngAtual: double
CLS01.1-INV01-SB15-TR058.PosAngAlvo: double
CLS01.1-INV01-SB15-TR058.PosAngAtual: double
CLS01.1-INV01-SB15-TR059.PosAngAlvo: double
CLS01.1-INV01-SB15-TR059.PosAngAtual: double
CLS01.1-INV01-SB15-TR060.PosAngAlvo: double
CLS01.1-INV01-SB15-TR060.PosAngAtual: double
CLS01.1-INV01-SB16.CorrenteCC_01: double
CLS01.1-INV01-SB16.CorrenteCC_02: double
CLS01.1-INV01-SB16.CorrenteCC_03: double
CLS01.1-INV01-SB16.CorrenteCC_04: double
CLS01.1-INV01-SB16.CorrenteCC_05: double
CLS01.1-INV01-SB16.CorrenteCC_06: double
CLS01.1-INV01-SB16.CorrenteCC_07: double
CLS01.1-INV01-SB16.CorrenteCC_08: double
CLS01.1-INV01-SB16.CorrenteCC_09: double
CLS01.1-INV01-SB16.CorrenteCC_10: double
CLS01.1-INV01-SB16.CorrenteCC_11: double
CLS01.1-INV01-SB16.CorrenteCC_12: double
CLS01.1-INV01-SB16.CorrenteCC_13: double
CLS01.1-INV01-SB16.CorrenteCC_14: double
CLS01.1-INV01-SB16.CorrenteCC_15: double
CLS01.1-INV01-SB16.CorrenteCC_16: double
CLS01.1-INV01-SB16.TensaoCC: double
CLS01.1-INV01-SB16-TR061.PosAngAlvo: double
CLS01.1-INV01-SB16-TR061.PosAngAtual: double
CLS01.1-INV01-SB16-TR062.PosAngAlvo: double
CLS01.1-INV01-SB16-TR062.PosAngAtual: double
CLS01.1-INV01-SB16-TR063.PosAngAlvo: double
CLS01.1-INV01-SB16-TR063.PosAngAtual: double
CLS01.1-INV01-SB16-TR064.PosAngAlvo: double
CLS01.1-INV01-SB16-TR064.PosAngAtual: double
CLS01.1-INV02.CorA: double
CLS01.1-INV02.CorB: double
CLS01.1-INV02.CorC: double
CLS01.1-INV02.CorrenteCC: double
CLS01.1-INV02.PotAt: double
CLS01.1-INV02.TenAB: double
CLS01.1-INV02.TenBC: double
CLS01.1-INV02.TenCA: double
CLS01.1-INV02.TensaoCC: double
CLS01.1-INV02-SB05.CorrenteCC_01: double
CLS01.1-INV02-SB05.CorrenteCC_02: double
CLS01.1-INV02-SB05.CorrenteCC_03: double
CLS01.1-INV02-SB05.CorrenteCC_04: double
CLS01.1-INV02-SB05.CorrenteCC_05: double
CLS01.1-INV02-SB05.CorrenteCC_06: double
CLS01.1-INV02-SB05.CorrenteCC_07: double
CLS01.1-INV02-SB05.CorrenteCC_08: double
CLS01.1-INV02-SB05.CorrenteCC_09: double
CLS01.1-INV02-SB05.CorrenteCC_10: double
CLS01.1-INV02-SB05.CorrenteCC_11: double
CLS01.1-INV02-SB05.CorrenteCC_12: double
CLS01.1-INV02-SB05.CorrenteCC_13: double
CLS01.1-INV02-SB05.CorrenteCC_14: double
CLS01.1-INV02-SB05.CorrenteCC_15: double
CLS01.1-INV02-SB05.CorrenteCC_16: double
CLS01.1-INV02-SB05.TensaoCC: double
CLS01.1-INV02-SB05-TR017.PosAngAlvo: double
CLS01.1-INV02-SB05-TR017.PosAngAtual: double
CLS01.1-INV02-SB05-TR018.PosAngAlvo: double
CLS01.1-INV02-SB05-TR018.PosAngAtual: double
CLS01.1-INV02-SB05-TR019.PosAngAlvo: double
CLS01.1-INV02-SB05-TR019.PosAngAtual: double
CLS01.1-INV02-SB05-TR020.PosAngAlvo: double
CLS01.1-INV02-SB05-TR020.PosAngAtual: double
CLS01.1-INV02-SB06.CorrenteCC_01: double
CLS01.1-INV02-SB06.CorrenteCC_02: double
CLS01.1-INV02-SB06.CorrenteCC_03: double
CLS01.1-INV02-SB06.CorrenteCC_04: double
CLS01.1-INV02-SB06.CorrenteCC_05: double
CLS01.1-INV02-SB06.CorrenteCC_06: double
CLS01.1-INV02-SB06.CorrenteCC_07: double
CLS01.1-INV02-SB06.CorrenteCC_08: double
CLS01.1-INV02-SB06.CorrenteCC_09: double
CLS01.1-INV02-SB06.CorrenteCC_10: double
CLS01.1-INV02-SB06.CorrenteCC_11: double
CLS01.1-INV02-SB06.CorrenteCC_12: double
CLS01.1-INV02-SB06.CorrenteCC_13: double
CLS01.1-INV02-SB06.CorrenteCC_14: double
CLS01.1-INV02-SB06.CorrenteCC_15: double
CLS01.1-INV02-SB06.CorrenteCC_16: double
CLS01.1-INV02-SB06.TensaoCC: double
CLS01.1-INV02-SB06-TR021.PosAngAlvo: double
CLS01.1-INV02-SB06-TR021.PosAngAtual: double
CLS01.1-INV02-SB06-TR022.PosAngAlvo: double
CLS01.1-INV02-SB06-TR022.PosAngAtual: double
CLS01.1-INV02-SB06-TR023.PosAngAlvo: double
CLS01.1-INV02-SB06-TR023.PosAngAtual: double
CLS01.1-INV02-SB06-TR024.PosAngAlvo: double
CLS01.1-INV02-SB06-TR024.PosAngAtual: double
CLS01.1-INV02-SB07.CorrenteCC_01: double
CLS01.1-INV02-SB07.CorrenteCC_02: double
CLS01.1-INV02-SB07.CorrenteCC_03: double
CLS01.1-INV02-SB07.CorrenteCC_04: double
CLS01.1-INV02-SB07.CorrenteCC_05: double
CLS01.1-INV02-SB07.CorrenteCC_06: double
CLS01.1-INV02-SB07.CorrenteCC_07: double
CLS01.1-INV02-SB07.CorrenteCC_08: double
CLS01.1-INV02-SB07.CorrenteCC_09: double
CLS01.1-INV02-SB07.CorrenteCC_10: double
CLS01.1-INV02-SB07.CorrenteCC_11: double
CLS01.1-INV02-SB07.CorrenteCC_12: double
CLS01.1-INV02-SB07.CorrenteCC_13: double
CLS01.1-INV02-SB07.CorrenteCC_14: double
CLS01.1-INV02-SB07.CorrenteCC_15: double
CLS01.1-INV02-SB07.CorrenteCC_16: double
CLS01.1-INV02-SB07.TensaoCC: double
CLS01.1-INV02-SB07-TR025.PosAngAlvo: double
CLS01.1-INV02-SB07-TR025.PosAngAtual: double
CLS01.1-INV02-SB07-TR026.PosAngAlvo: double
CLS01.1-INV02-SB07-TR026.PosAngAtual: double
CLS01.1-INV02-SB07-TR027.PosAngAlvo: double
CLS01.1-INV02-SB07-TR027.PosAngAtual: double
CLS01.1-INV02-SB07-TR028.PosAngAlvo: double
CLS01.1-INV02-SB07-TR028.PosAngAtual: double
CLS01.1-INV02-SB08.CorrenteCC_01: double
CLS01.1-INV02-SB08.CorrenteCC_02: double
CLS01.1-INV02-SB08.CorrenteCC_03: double
CLS01.1-INV02-SB08.CorrenteCC_04: double
CLS01.1-INV02-SB08.CorrenteCC_05: double
CLS01.1-INV02-SB08.CorrenteCC_06: double
CLS01.1-INV02-SB08.CorrenteCC_07: double
CLS01.1-INV02-SB08.CorrenteCC_08: double
CLS01.1-INV02-SB08.CorrenteCC_09: double
CLS01.1-INV02-SB08.CorrenteCC_10: double
CLS01.1-INV02-SB08.CorrenteCC_11: double
CLS01.1-INV02-SB08.CorrenteCC_12: double
CLS01.1-INV02-SB08.CorrenteCC_13: double
CLS01.1-INV02-SB08.CorrenteCC_14: double
CLS01.1-INV02-SB08.CorrenteCC_15: double
CLS01.1-INV02-SB08.CorrenteCC_16: double
CLS01.1-INV02-SB08.TensaoCC: double
CLS01.1-INV02-SB08-TR029.PosAngAlvo: double
CLS01.1-INV02-SB08-TR029.PosAngAtual: double
CLS01.1-INV02-SB08-TR030.PosAngAlvo: double
CLS01.1-INV02-SB08-TR030.PosAngAtual: double
CLS01.1-INV02-SB08-TR031.PosAngAlvo: double
CLS01.1-INV02-SB08-TR031.PosAngAtual: double
CLS01.1-INV02-SB08-TR032.PosAngAlvo: double
CLS01.1-INV02-SB08-TR032.PosAngAtual: double
CLS01.1-INV03.CorA: double
CLS01.1-INV03.CorB: double
CLS01.1-INV03.CorC: double
CLS01.1-INV03.CorrenteCC: double
CLS01.1-INV03.PotAt: double
CLS01.1-INV03.TenAB: double
CLS01.1-INV03.TenBC: double
CLS01.1-INV03.TenCA: double
CLS01.1-INV03.TensaoCC: double
CLS01.1-INV03-SB01.CorrenteCC_01: double
CLS01.1-INV03-SB01.CorrenteCC_02: double
CLS01.1-INV03-SB01.CorrenteCC_03: double
CLS01.1-INV03-SB01.CorrenteCC_04: double
CLS01.1-INV03-SB01.CorrenteCC_05: double
CLS01.1-INV03-SB01.CorrenteCC_06: double
CLS01.1-INV03-SB01.CorrenteCC_07: double
CLS01.1-INV03-SB01.CorrenteCC_08: double
CLS01.1-INV03-SB01.CorrenteCC_09: double
CLS01.1-INV03-SB01.CorrenteCC_10: double
CLS01.1-INV03-SB01.CorrenteCC_11: double
CLS01.1-INV03-SB01.CorrenteCC_12: double
CLS01.1-INV03-SB01.CorrenteCC_13: double
CLS01.1-INV03-SB01.CorrenteCC_14: double
CLS01.1-INV03-SB01.CorrenteCC_15: double
CLS01.1-INV03-SB01.CorrenteCC_16: double
CLS01.1-INV03-SB01.TensaoCC: double
CLS01.1-INV03-SB01-TR001.PosAngAlvo: double
CLS01.1-INV03-SB01-TR001.PosAngAtual: double
CLS01.1-INV03-SB01-TR002.PosAngAlvo: double
CLS01.1-INV03-SB01-TR002.PosAngAtual: double
CLS01.1-INV03-SB01-TR003.PosAngAlvo: double
CLS01.1-INV03-SB01-TR003.PosAngAtual: double
CLS01.1-INV03-SB01-TR004.PosAngAlvo: double
CLS01.1-INV03-SB01-TR004.PosAngAtual: double
CLS01.1-INV03-SB02.CorrenteCC_01: double
CLS01.1-INV03-SB02.CorrenteCC_02: double
CLS01.1-INV03-SB02.CorrenteCC_03: double
CLS01.1-INV03-SB02.CorrenteCC_04: double
CLS01.1-INV03-SB02.CorrenteCC_05: double
CLS01.1-INV03-SB02.CorrenteCC_06: double
CLS01.1-INV03-SB02.CorrenteCC_07: double
CLS01.1-INV03-SB02.CorrenteCC_08: double
CLS01.1-INV03-SB02.CorrenteCC_09: double
CLS01.1-INV03-SB02.CorrenteCC_10: double
CLS01.1-INV03-SB02.CorrenteCC_11: double
CLS01.1-INV03-SB02.CorrenteCC_12: double
CLS01.1-INV03-SB02.CorrenteCC_13: double
CLS01.1-INV03-SB02.CorrenteCC_14: double
CLS01.1-INV03-SB02.CorrenteCC_15: double
CLS01.1-INV03-SB02.CorrenteCC_16: double
CLS01.1-INV03-SB02.TensaoCC: double
CLS01.1-INV03-SB02-TR005.PosAngAlvo: double
CLS01.1-INV03-SB02-TR005.PosAngAtual: double
CLS01.1-INV03-SB02-TR006.PosAngAlvo: double
CLS01.1-INV03-SB02-TR006.PosAngAtual: double
CLS01.1-INV03-SB02-TR007.PosAngAlvo: double
CLS01.1-INV03-SB02-TR007.PosAngAtual: double
CLS01.1-INV03-SB02-TR008.PosAngAlvo: double
CLS01.1-INV03-SB02-TR008.PosAngAtual: double
CLS01.1-INV03-SB03.CorrenteCC_01: double
CLS01.1-INV03-SB03.CorrenteCC_02: double
CLS01.1-INV03-SB03.CorrenteCC_03: double
CLS01.1-INV03-SB03.CorrenteCC_04: double
CLS01.1-INV03-SB03.CorrenteCC_05: double
CLS01.1-INV03-SB03.CorrenteCC_06: double
CLS01.1-INV03-SB03.CorrenteCC_07: double
CLS01.1-INV03-SB03.CorrenteCC_08: double
CLS01.1-INV03-SB03.CorrenteCC_09: double
CLS01.1-INV03-SB03.CorrenteCC_10: double
CLS01.1-INV03-SB03.CorrenteCC_11: double
CLS01.1-INV03-SB03.CorrenteCC_12: double
CLS01.1-INV03-SB03.CorrenteCC_13: double
CLS01.1-INV03-SB03.CorrenteCC_14: double
CLS01.1-INV03-SB03.CorrenteCC_15: double
CLS01.1-INV03-SB03.CorrenteCC_16: double
CLS01.1-INV03-SB03.TensaoCC: double
CLS01.1-INV03-SB03-TR009.PosAngAlvo: double
CLS01.1-INV03-SB03-TR009.PosAngAtual: double
CLS01.1-INV03-SB03-TR010.PosAngAlvo: double
CLS01.1-INV03-SB03-TR010.PosAngAtual: double
CLS01.1-INV03-SB03-TR011.PosAngAlvo: double
CLS01.1-INV03-SB03-TR011.PosAngAtual: double
CLS01.1-INV03-SB03-TR012.PosAngAlvo: double
CLS01.1-INV03-SB03-TR012.PosAngAtual: double
CLS01.1-INV03-SB04.CorrenteCC_01: double
CLS01.1-INV03-SB04.CorrenteCC_02: double
CLS01.1-INV03-SB04.CorrenteCC_03: double
CLS01.1-INV03-SB04.CorrenteCC_04: double
CLS01.1-INV03-SB04.CorrenteCC_05: double
CLS01.1-INV03-SB04.CorrenteCC_06: double
CLS01.1-INV03-SB04.CorrenteCC_07: double
CLS01.1-INV03-SB04.CorrenteCC_08: double
CLS01.1-INV03-SB04.CorrenteCC_09: double
CLS01.1-INV03-SB04.CorrenteCC_10: double
CLS01.1-INV03-SB04.CorrenteCC_11: double
CLS01.1-INV03-SB04.CorrenteCC_12: double
CLS01.1-INV03-SB04.CorrenteCC_13: double
CLS01.1-INV03-SB04.CorrenteCC_14: double
CLS01.1-INV03-SB04.CorrenteCC_15: double
CLS01.1-INV03-SB04.CorrenteCC_16: double
CLS01.1-INV03-SB04.TensaoCC: double
CLS01.1-INV03-SB04-TR013.PosAngAlvo: double
CLS01.1-INV03-SB04-TR013.PosAngAtual: double
CLS01.1-INV03-SB04-TR014.PosAngAlvo: double
CLS01.1-INV03-SB04-TR014.PosAngAtual: double
CLS01.1-INV03-SB04-TR015.PosAngAlvo: double
CLS01.1-INV03-SB04-TR015.PosAngAtual: double
CLS01.1-INV03-SB04-TR016.PosAngAlvo: double
CLS01.1-INV03-SB04-TR016.PosAngAtual: double
CLS01.1-INV04.CorA: double
CLS01.1-INV04.CorB: double
CLS01.1-INV04.CorC: double
CLS01.1-INV04.CorrenteCC: double
CLS01.1-INV04.PotAt: double
CLS01.1-INV04.TenAB: double
CLS01.1-INV04.TenBC: double
CLS01.1-INV04.TenCA: double
CLS01.1-INV04.TensaoCC: double
CLS01.1-INV04-SB09.CorrenteCC_01: double
CLS01.1-INV04-SB09.CorrenteCC_02: double
CLS01.1-INV04-SB09.CorrenteCC_03: double
CLS01.1-INV04-SB09.CorrenteCC_04: double
CLS01.1-INV04-SB09.CorrenteCC_05: double
CLS01.1-INV04-SB09.CorrenteCC_06: double
CLS01.1-INV04-SB09.CorrenteCC_07: double
CLS01.1-INV04-SB09.CorrenteCC_08: double
CLS01.1-INV04-SB09.CorrenteCC_09: double
CLS01.1-INV04-SB09.CorrenteCC_10: double
CLS01.1-INV04-SB09.CorrenteCC_11: double
CLS01.1-INV04-SB09.CorrenteCC_12: double
CLS01.1-INV04-SB09.CorrenteCC_13: double
CLS01.1-INV04-SB09.CorrenteCC_14: double
CLS01.1-INV04-SB09.CorrenteCC_15: double
CLS01.1-INV04-SB09.CorrenteCC_16: double
CLS01.1-INV04-SB09.TensaoCC: double
CLS01.1-INV04-SB09-TR033.PosAngAlvo: double
CLS01.1-INV04-SB09-TR033.PosAngAtual: double
CLS01.1-INV04-SB09-TR034.PosAngAlvo: double
CLS01.1-INV04-SB09-TR034.PosAngAtual: double
CLS01.1-INV04-SB09-TR035.PosAngAlvo: double
CLS01.1-INV04-SB09-TR035.PosAngAtual: double
CLS01.1-INV04-SB09-TR036.PosAngAlvo: double
CLS01.1-INV04-SB09-TR036.PosAngAtual: double
CLS01.1-INV04-SB10.CorrenteCC_01: double
CLS01.1-INV04-SB10.CorrenteCC_02: double
CLS01.1-INV04-SB10.CorrenteCC_03: double
CLS01.1-INV04-SB10.CorrenteCC_04: double
CLS01.1-INV04-SB10.CorrenteCC_05: double
CLS01.1-INV04-SB10.CorrenteCC_06: double
CLS01.1-INV04-SB10.CorrenteCC_07: double
CLS01.1-INV04-SB10.CorrenteCC_08: double
CLS01.1-INV04-SB10.CorrenteCC_09: double
CLS01.1-INV04-SB10.CorrenteCC_10: double
CLS01.1-INV04-SB10.CorrenteCC_11: double
CLS01.1-INV04-SB10.CorrenteCC_12: double
CLS01.1-INV04-SB10.CorrenteCC_13: double
CLS01.1-INV04-SB10.CorrenteCC_14: double
CLS01.1-INV04-SB10.CorrenteCC_15: double
CLS01.1-INV04-SB10.CorrenteCC_16: double
CLS01.1-INV04-SB10.TensaoCC: double
CLS01.1-INV04-SB10-TR037.PosAngAlvo: double
CLS01.1-INV04-SB10-TR037.PosAngAtual: double
CLS01.1-INV04-SB10-TR038.PosAngAlvo: double
CLS01.1-INV04-SB10-TR038.PosAngAtual: double
CLS01.1-INV04-SB10-TR039.PosAngAlvo: double
CLS01.1-INV04-SB10-TR039.PosAngAtual: double
CLS01.1-INV04-SB10-TR040.PosAngAlvo: double
CLS01.1-INV04-SB10-TR040.PosAngAtual: double
CLS01.1-INV04-SB11.CorrenteCC_01: double
CLS01.1-INV04-SB11.CorrenteCC_02: double
CLS01.1-INV04-SB11.CorrenteCC_03: double
CLS01.1-INV04-SB11.CorrenteCC_04: double
CLS01.1-INV04-SB11.CorrenteCC_05: double
CLS01.1-INV04-SB11.CorrenteCC_06: double
CLS01.1-INV04-SB11.CorrenteCC_07: double
CLS01.1-INV04-SB11.CorrenteCC_08: double
CLS01.1-INV04-SB11.CorrenteCC_09: double
CLS01.1-INV04-SB11.CorrenteCC_10: double
CLS01.1-INV04-SB11.CorrenteCC_11: double
CLS01.1-INV04-SB11.CorrenteCC_12: double
CLS01.1-INV04-SB11.CorrenteCC_13: double
CLS01.1-INV04-SB11.CorrenteCC_14: double
CLS01.1-INV04-SB11.CorrenteCC_15: double
CLS01.1-INV04-SB11.CorrenteCC_16: double
CLS01.1-INV04-SB11.TensaoCC: double
CLS01.1-INV04-SB11-TR041.PosAngAlvo: double
CLS01.1-INV04-SB11-TR041.PosAngAtual: double
CLS01.1-INV04-SB11-TR042.PosAngAlvo: double
CLS01.1-INV04-SB11-TR042.PosAngAtual: double
CLS01.1-INV04-SB11-TR043.PosAngAlvo: double
CLS01.1-INV04-SB11-TR043.PosAngAtual: double
CLS01.1-INV04-SB11-TR044.PosAngAlvo: double
CLS01.1-INV04-SB11-TR044.PosAngAtual: double
CLS01.1-INV04-SB12.CorrenteCC_01: double
CLS01.1-INV04-SB12.CorrenteCC_02: double
CLS01.1-INV04-SB12.CorrenteCC_03: double
CLS01.1-INV04-SB12.CorrenteCC_04: double
CLS01.1-INV04-SB12.CorrenteCC_05: double
CLS01.1-INV04-SB12.CorrenteCC_06: double
CLS01.1-INV04-SB12.CorrenteCC_07: double
CLS01.1-INV04-SB12.CorrenteCC_08: double
CLS01.1-INV04-SB12.CorrenteCC_09: double
CLS01.1-INV04-SB12.CorrenteCC_10: double
CLS01.1-INV04-SB12.CorrenteCC_11: double
CLS01.1-INV04-SB12.CorrenteCC_12: double
CLS01.1-INV04-SB12.CorrenteCC_13: double
CLS01.1-INV04-SB12.CorrenteCC_14: double
CLS01.1-INV04-SB12.CorrenteCC_15: double
CLS01.1-INV04-SB12.CorrenteCC_16: double
CLS01.1-INV04-SB12.TensaoCC: double
CLS01.1-INV04-SB12-TR045.PosAngAlvo: double
CLS01.1-INV04-SB12-TR045.PosAngAtual: double
CLS01.1-INV04-SB12-TR046.PosAngAlvo: double
CLS01.1-INV04-SB12-TR046.PosAngAtual: double
CLS01.1-INV04-SB12-TR047.PosAngAlvo: double
CLS01.1-INV04-SB12-TR047.PosAngAtual: double
CLS01.1-INV04-SB12-TR048.PosAngAlvo: double
CLS01.1-INV04-SB12-TR048.PosAngAtual: double
CLS01.1-INV05.CorA: double
CLS01.1-INV05.CorB: double
CLS01.1-INV05.CorC: double
CLS01.1-INV05.CorrenteCC: double
CLS01.1-INV05.PotAt: double
CLS01.1-INV05.TenAB: double
CLS01.1-INV05.TenBC: double
CLS01.1-INV05.TenCA: double
CLS01.1-INV05.TensaoCC: double
CLS01.1-INV05-SB17.CorrenteCC_01: double
CLS01.1-INV05-SB17.CorrenteCC_02: double
CLS01.1-INV05-SB17.CorrenteCC_03: double
CLS01.1-INV05-SB17.CorrenteCC_04: double
CLS01.1-INV05-SB17.CorrenteCC_05: double
CLS01.1-INV05-SB17.CorrenteCC_06: double
CLS01.1-INV05-SB17.CorrenteCC_07: double
CLS01.1-INV05-SB17.CorrenteCC_08: double
CLS01.1-INV05-SB17.CorrenteCC_09: double
CLS01.1-INV05-SB17.CorrenteCC_10: double
CLS01.1-INV05-SB17.CorrenteCC_11: double
CLS01.1-INV05-SB17.CorrenteCC_12: double
CLS01.1-INV05-SB17.CorrenteCC_13: double
CLS01.1-INV05-SB17.CorrenteCC_14: double
CLS01.1-INV05-SB17.CorrenteCC_15: double
CLS01.1-INV05-SB17.CorrenteCC_16: double
CLS01.1-INV05-SB17.TensaoCC: double
CLS01.1-INV05-SB17-TR065.PosAngAlvo: double
CLS01.1-INV05-SB17-TR065.PosAngAtual: double
CLS01.1-INV05-SB17-TR066.PosAngAlvo: double
CLS01.1-INV05-SB17-TR066.PosAngAtual: double
CLS01.1-INV05-SB17-TR067.PosAngAlvo: double
CLS01.1-INV05-SB17-TR067.PosAngAtual: double
CLS01.1-INV05-SB17-TR068.PosAngAlvo: double
CLS01.1-INV05-SB17-TR068.PosAngAtual: double
CLS01.1-INV05-SB18.CorrenteCC_01: double
CLS01.1-INV05-SB18.CorrenteCC_02: double
CLS01.1-INV05-SB18.CorrenteCC_03: double
CLS01.1-INV05-SB18.CorrenteCC_04: double
CLS01.1-INV05-SB18.CorrenteCC_05: double
CLS01.1-INV05-SB18.CorrenteCC_06: double
CLS01.1-INV05-SB18.CorrenteCC_07: double
CLS01.1-INV05-SB18.CorrenteCC_08: double
CLS01.1-INV05-SB18.CorrenteCC_09: double
CLS01.1-INV05-SB18.CorrenteCC_10: double
CLS01.1-INV05-SB18.CorrenteCC_11: double
CLS01.1-INV05-SB18.CorrenteCC_12: double
CLS01.1-INV05-SB18.CorrenteCC_13: double
CLS01.1-INV05-SB18.CorrenteCC_14: double
CLS01.1-INV05-SB18.CorrenteCC_15: double
CLS01.1-INV05-SB18.CorrenteCC_16: double
CLS01.1-INV05-SB18.TensaoCC: double
CLS01.1-INV05-SB18-TR069.PosAngAlvo: double
CLS01.1-INV05-SB18-TR069.PosAngAtual: double
CLS01.1-INV05-SB18-TR070.PosAngAlvo: double
CLS01.1-INV05-SB18-TR070.PosAngAtual: double
CLS01.1-INV05-SB18-TR071.PosAngAlvo: double
CLS01.1-INV05-SB18-TR071.PosAngAtual: double
CLS01.1-INV05-SB18-TR072.PosAngAlvo: double
CLS01.1-INV05-SB18-TR072.PosAngAtual: double
CLS01.1-INV05-SB19.CorrenteCC_01: double
CLS01.1-INV05-SB19.CorrenteCC_02: double
CLS01.1-INV05-SB19.CorrenteCC_03: double
CLS01.1-INV05-SB19.CorrenteCC_04: double
CLS01.1-INV05-SB19.CorrenteCC_05: double
CLS01.1-INV05-SB19.CorrenteCC_06: double
CLS01.1-INV05-SB19.CorrenteCC_07: double
CLS01.1-INV05-SB19.CorrenteCC_08: double
CLS01.1-INV05-SB19.CorrenteCC_09: double
CLS01.1-INV05-SB19.CorrenteCC_10: double
CLS01.1-INV05-SB19.CorrenteCC_11: double
CLS01.1-INV05-SB19.CorrenteCC_12: double
CLS01.1-INV05-SB19.CorrenteCC_13: double
CLS01.1-INV05-SB19.CorrenteCC_14: double
CLS01.1-INV05-SB19.CorrenteCC_15: double
CLS01.1-INV05-SB19.CorrenteCC_16: double
CLS01.1-INV05-SB19.TensaoCC: double
CLS01.1-INV05-SB19-TR073.PosAngAlvo: double
CLS01.1-INV05-SB19-TR073.PosAngAtual: double
CLS01.1-INV05-SB19-TR074.PosAngAlvo: double
CLS01.1-INV05-SB19-TR074.PosAngAtual: double
CLS01.1-INV05-SB19-TR075.PosAngAlvo: double
CLS01.1-INV05-SB19-TR075.PosAngAtual: double
CLS01.1-INV05-SB19-TR076.PosAngAlvo: double
CLS01.1-INV05-SB19-TR076.PosAngAtual: double
CLS01.1-INV05-SB20.CorrenteCC_01: double
CLS01.1-INV05-SB20.CorrenteCC_02: double
CLS01.1-INV05-SB20.CorrenteCC_03: double
CLS01.1-INV05-SB20.CorrenteCC_04: double
CLS01.1-INV05-SB20.CorrenteCC_05: double
CLS01.1-INV05-SB20.CorrenteCC_06: double
CLS01.1-INV05-SB20.CorrenteCC_07: double
CLS01.1-INV05-SB20.CorrenteCC_08: double
CLS01.1-INV05-SB20.CorrenteCC_09: double
CLS01.1-INV05-SB20.CorrenteCC_10: double
CLS01.1-INV05-SB20.CorrenteCC_11: double
CLS01.1-INV05-SB20.CorrenteCC_12: double
CLS01.1-INV05-SB20.CorrenteCC_13: double
CLS01.1-INV05-SB20.CorrenteCC_14: double
CLS01.1-INV05-SB20.CorrenteCC_15: double
CLS01.1-INV05-SB20.CorrenteCC_16: double
CLS01.1-INV05-SB20.TensaoCC: double
CLS01.1-INV05-SB20-TR077.PosAngAlvo: double
CLS01.1-INV05-SB20-TR077.PosAngAtual: double
CLS01.1-INV05-SB20-TR078.PosAngAlvo: double
CLS01.1-INV05-SB20-TR078.PosAngAtual: double
CLS01.1-INV05-SB20-TR079.PosAngAlvo: double
CLS01.1-INV05-SB20-TR079.PosAngAtual: double
CLS01.1-INV05-SB20-TR080.PosAngAlvo: double
CLS01.1-INV05-SB20-TR080.PosAngAtual: double
CLS01.1-INV06.CorA: double
CLS01.1-INV06.CorB: double
CLS01.1-INV06.CorC: double
CLS01.1-INV06.CorrenteCC: double
CLS01.1-INV06.PotAt: double
CLS01.1-INV06.TenAB: double
CLS01.1-INV06.TenBC: double
CLS01.1-INV06.TenCA: double
CLS01.1-INV06.TensaoCC: double
CLS01.1-INV06-SB25.CorrenteCC_01: double
CLS01.1-INV06-SB25.CorrenteCC_02: double
CLS01.1-INV06-SB25.CorrenteCC_03: double
CLS01.1-INV06-SB25.CorrenteCC_04: double
CLS01.1-INV06-SB25.CorrenteCC_05: double
CLS01.1-INV06-SB25.CorrenteCC_06: double
CLS01.1-INV06-SB25.CorrenteCC_07: double
CLS01.1-INV06-SB25.CorrenteCC_08: double
CLS01.1-INV06-SB25.CorrenteCC_09: double
CLS01.1-INV06-SB25.CorrenteCC_10: double
CLS01.1-INV06-SB25.CorrenteCC_11: double
CLS01.1-INV06-SB25.CorrenteCC_12: double
CLS01.1-INV06-SB25.CorrenteCC_13: double
CLS01.1-INV06-SB25.CorrenteCC_14: double
CLS01.1-INV06-SB25.CorrenteCC_15: double
CLS01.1-INV06-SB25.CorrenteCC_16: double
CLS01.1-INV06-SB25.TensaoCC: double
CLS01.1-INV06-SB25-TR097.PosAngAlvo: double
CLS01.1-INV06-SB25-TR097.PosAngAtual: double
CLS01.1-INV06-SB25-TR098.PosAngAlvo: double
CLS01.1-INV06-SB25-TR098.PosAngAtual: double
CLS01.1-INV06-SB25-TR099.PosAngAlvo: double
CLS01.1-INV06-SB25-TR099.PosAngAtual: double
CLS01.1-INV06-SB25-TR100.PosAngAlvo: double
CLS01.1-INV06-SB25-TR100.PosAngAtual: double
CLS01.1-INV06-SB26.CorrenteCC_01: double
CLS01.1-INV06-SB26.CorrenteCC_02: double
CLS01.1-INV06-SB26.CorrenteCC_03: double
CLS01.1-INV06-SB26.CorrenteCC_04: double
CLS01.1-INV06-SB26.CorrenteCC_05: double
CLS01.1-INV06-SB26.CorrenteCC_06: double
CLS01.1-INV06-SB26.CorrenteCC_07: double
CLS01.1-INV06-SB26.CorrenteCC_08: double
CLS01.1-INV06-SB26.CorrenteCC_09: double
CLS01.1-INV06-SB26.CorrenteCC_10: double
CLS01.1-INV06-SB26.CorrenteCC_11: double
CLS01.1-INV06-SB26.CorrenteCC_12: double
CLS01.1-INV06-SB26.CorrenteCC_13: double
CLS01.1-INV06-SB26.CorrenteCC_14: double
CLS01.1-INV06-SB26.CorrenteCC_15: double
CLS01.1-INV06-SB26.CorrenteCC_16: double
CLS01.1-INV06-SB26.TensaoCC: double
CLS01.1-INV06-SB26-TR101.PosAngAlvo: double
CLS01.1-INV06-SB26-TR101.PosAngAtual: double
CLS01.1-INV06-SB26-TR102.PosAngAlvo: double
CLS01.1-INV06-SB26-TR102.PosAngAtual: double
CLS01.1-INV06-SB26-TR103.PosAngAlvo: double
CLS01.1-INV06-SB26-TR103.PosAngAtual: double
CLS01.1-INV06-SB26-TR104.PosAngAlvo: double
CLS01.1-INV06-SB26-TR104.PosAngAtual: double
CLS01.1-INV06-SB27.CorrenteCC_01: double
CLS01.1-INV06-SB27.CorrenteCC_02: double
CLS01.1-INV06-SB27.CorrenteCC_03: double
CLS01.1-INV06-SB27.CorrenteCC_04: double
CLS01.1-INV06-SB27.CorrenteCC_05: double
CLS01.1-INV06-SB27.CorrenteCC_06: double
CLS01.1-INV06-SB27.CorrenteCC_07: double
CLS01.1-INV06-SB27.CorrenteCC_08: double
CLS01.1-INV06-SB27.CorrenteCC_09: double
CLS01.1-INV06-SB27.CorrenteCC_10: double
CLS01.1-INV06-SB27.CorrenteCC_11: double
CLS01.1-INV06-SB27.CorrenteCC_12: double
CLS01.1-INV06-SB27.CorrenteCC_13: double
CLS01.1-INV06-SB27.CorrenteCC_14: double
CLS01.1-INV06-SB27.CorrenteCC_15: double
CLS01.1-INV06-SB27.CorrenteCC_16: double
CLS01.1-INV06-SB27.TensaoCC: double
CLS01.1-INV06-SB27-TR105.PosAngAlvo: double
CLS01.1-INV06-SB27-TR105.PosAngAtual: double
CLS01.1-INV06-SB27-TR106.PosAngAlvo: double
CLS01.1-INV06-SB27-TR106.PosAngAtual: double
CLS01.1-INV06-SB27-TR107.PosAngAlvo: double
CLS01.1-INV06-SB27-TR107.PosAngAtual: double
CLS01.1-INV06-SB27-TR108.PosAngAlvo: double
CLS01.1-INV06-SB27-TR108.PosAngAtual: double
CLS01.1-INV06-SB28.CorrenteCC_01: double
CLS01.1-INV06-SB28.CorrenteCC_02: double
CLS01.1-INV06-SB28.CorrenteCC_03: double
CLS01.1-INV06-SB28.CorrenteCC_04: double
CLS01.1-INV06-SB28.CorrenteCC_05: double
CLS01.1-INV06-SB28.CorrenteCC_06: double
CLS01.1-INV06-SB28.CorrenteCC_07: double
CLS01.1-INV06-SB28.CorrenteCC_08: double
CLS01.1-INV06-SB28.CorrenteCC_09: double
CLS01.1-INV06-SB28.CorrenteCC_10: double
CLS01.1-INV06-SB28.CorrenteCC_11: double
CLS01.1-INV06-SB28.CorrenteCC_12: double
CLS01.1-INV06-SB28.CorrenteCC_13: double
CLS01.1-INV06-SB28.CorrenteCC_14: double
CLS01.1-INV06-SB28.CorrenteCC_15: double
CLS01.1-INV06-SB28.CorrenteCC_16: double
CLS01.1-INV06-SB28.TensaoCC: double
CLS01.1-INV06-SB28-TR109.PosAngAlvo: double
CLS01.1-INV06-SB28-TR109.PosAngAtual: double
CLS01.1-INV06-SB28-TR110.PosAngAlvo: double
CLS01.1-INV06-SB28-TR110.PosAngAtual: double
CLS01.1-INV06-SB28-TR111.PosAngAlvo: double
CLS01.1-INV06-SB28-TR111.PosAngAtual: double
CLS01.1-INV06-SB28-TR112.PosAngAlvo: double
CLS01.1-INV06-SB28-TR112.PosAngAtual: double
CLS01.1-INV07.CorA: double
CLS01.1-INV07.CorB: double
CLS01.1-INV07.CorC: double
CLS01.1-INV07.CorrenteCC: double
CLS01.1-INV07.PotAt: double
CLS01.1-INV07.TenAB: double
CLS01.1-INV07.TenBC: double
CLS01.1-INV07.TenCA: double
CLS01.1-INV07.TensaoCC: double
CLS01.1-INV07-SB29.CorrenteCC_01: double
CLS01.1-INV07-SB29.CorrenteCC_02: double
CLS01.1-INV07-SB29.CorrenteCC_03: double
CLS01.1-INV07-SB29.CorrenteCC_04: double
CLS01.1-INV07-SB29.CorrenteCC_05: double
CLS01.1-INV07-SB29.CorrenteCC_06: double
CLS01.1-INV07-SB29.CorrenteCC_07: double
CLS01.1-INV07-SB29.CorrenteCC_08: double
CLS01.1-INV07-SB29.CorrenteCC_09: double
CLS01.1-INV07-SB29.CorrenteCC_10: double
CLS01.1-INV07-SB29.CorrenteCC_11: double
CLS01.1-INV07-SB29.CorrenteCC_12: double
CLS01.1-INV07-SB29.CorrenteCC_13: double
CLS01.1-INV07-SB29.CorrenteCC_14: double
CLS01.1-INV07-SB29.CorrenteCC_15: double
CLS01.1-INV07-SB29.CorrenteCC_16: double
CLS01.1-INV07-SB29.TensaoCC: double
CLS01.1-INV07-SB29-TR113.PosAngAlvo: double
CLS01.1-INV07-SB29-TR113.PosAngAtual: double
CLS01.1-INV07-SB29-TR114.PosAngAlvo: double
CLS01.1-INV07-SB29-TR114.PosAngAtual: double
CLS01.1-INV07-SB29-TR115.PosAngAlvo: double
CLS01.1-INV07-SB29-TR115.PosAngAtual: double
CLS01.1-INV07-SB29-TR116.PosAngAlvo: double
CLS01.1-INV07-SB29-TR116.PosAngAtual: double
CLS01.1-INV07-SB30.CorrenteCC_01: double
CLS01.1-INV07-SB30.CorrenteCC_02: double
CLS01.1-INV07-SB30.CorrenteCC_03: double
CLS01.1-INV07-SB30.CorrenteCC_04: double
CLS01.1-INV07-SB30.CorrenteCC_05: double
CLS01.1-INV07-SB30.CorrenteCC_06: double
CLS01.1-INV07-SB30.CorrenteCC_07: double
CLS01.1-INV07-SB30.CorrenteCC_08: double
CLS01.1-INV07-SB30.CorrenteCC_09: double
CLS01.1-INV07-SB30.CorrenteCC_10: double
CLS01.1-INV07-SB30.CorrenteCC_11: double
CLS01.1-INV07-SB30.CorrenteCC_12: double
CLS01.1-INV07-SB30.CorrenteCC_13: double
CLS01.1-INV07-SB30.CorrenteCC_14: double
CLS01.1-INV07-SB30.CorrenteCC_15: double
CLS01.1-INV07-SB30.CorrenteCC_16: double
CLS01.1-INV07-SB30.TensaoCC: double
CLS01.1-INV07-SB30-TR117.PosAngAlvo: double
CLS01.1-INV07-SB30-TR117.PosAngAtual: double
CLS01.1-INV07-SB30-TR118.PosAngAlvo: double
CLS01.1-INV07-SB30-TR118.PosAngAtual: double
CLS01.1-INV07-SB30-TR119.PosAngAlvo: double
CLS01.1-INV07-SB30-TR119.PosAngAtual: double
CLS01.1-INV07-SB30-TR120.PosAngAlvo: double
CLS01.1-INV07-SB30-TR120.PosAngAtual: double
CLS01.1-INV07-SB31.CorrenteCC_01: double
CLS01.1-INV07-SB31.CorrenteCC_02: double
CLS01.1-INV07-SB31.CorrenteCC_03: double
CLS01.1-INV07-SB31.CorrenteCC_04: double
CLS01.1-INV07-SB31.CorrenteCC_05: double
CLS01.1-INV07-SB31.CorrenteCC_06: double
CLS01.1-INV07-SB31.CorrenteCC_07: double
CLS01.1-INV07-SB31.CorrenteCC_08: double
CLS01.1-INV07-SB31.CorrenteCC_09: double
CLS01.1-INV07-SB31.CorrenteCC_10: double
CLS01.1-INV07-SB31.CorrenteCC_11: double
CLS01.1-INV07-SB31.CorrenteCC_12: double
CLS01.1-INV07-SB31.CorrenteCC_13: double
CLS01.1-INV07-SB31.CorrenteCC_14: double
CLS01.1-INV07-SB31.CorrenteCC_15: double
CLS01.1-INV07-SB31.CorrenteCC_16: double
CLS01.1-INV07-SB31.TensaoCC: double
CLS01.1-INV07-SB31-TR121.PosAngAlvo: double
CLS01.1-INV07-SB31-TR121.PosAngAtual: double
CLS01.1-INV07-SB31-TR122.PosAngAlvo: double
CLS01.1-INV07-SB31-TR122.PosAngAtual: double
CLS01.1-INV07-SB31-TR123.PosAngAlvo: double
CLS01.1-INV07-SB31-TR123.PosAngAtual: double
CLS01.1-INV07-SB31-TR124.PosAngAlvo: double
CLS01.1-INV07-SB31-TR124.PosAngAtual: double
CLS01.1-INV07-SB32.CorrenteCC_01: double
CLS01.1-INV07-SB32.CorrenteCC_02: double
CLS01.1-INV07-SB32.CorrenteCC_03: double
CLS01.1-INV07-SB32.CorrenteCC_04: double
CLS01.1-INV07-SB32.CorrenteCC_05: double
CLS01.1-INV07-SB32.CorrenteCC_06: double
CLS01.1-INV07-SB32.CorrenteCC_07: double
CLS01.1-INV07-SB32.CorrenteCC_08: double
CLS01.1-INV07-SB32.CorrenteCC_09: double
CLS01.1-INV07-SB32.CorrenteCC_10: double
CLS01.1-INV07-SB32.CorrenteCC_11: double
CLS01.1-INV07-SB32.CorrenteCC_12: double
CLS01.1-INV07-SB32.CorrenteCC_13: double
CLS01.1-INV07-SB32.CorrenteCC_14: double
CLS01.1-INV07-SB32.CorrenteCC_15: double
CLS01.1-INV07-SB32.CorrenteCC_16: double
CLS01.1-INV07-SB32.TensaoCC: double
CLS01.1-INV07-SB32-TR125.PosAngAlvo: double
CLS01.1-INV07-SB32-TR125.PosAngAtual: double
CLS01.1-INV07-SB32-TR126.PosAngAlvo: double
CLS01.1-INV07-SB32-TR126.PosAngAtual: double
CLS01.1-INV07-SB32-TR127.PosAngAlvo: double
CLS01.1-INV07-SB32-TR127.PosAngAtual: double
CLS01.1-INV07-SB32-TR128.PosAngAlvo: double
CLS01.1-INV07-SB32-TR128.PosAngAtual: double
CLS01.1-INV08.CorA: double
CLS01.1-INV08.CorB: double
CLS01.1-INV08.CorC: double
CLS01.1-INV08.CorrenteCC: double
CLS01.1-INV08.PotAt: double
CLS01.1-INV08.TenAB: double
CLS01.1-INV08.TenBC: double
CLS01.1-INV08.TenCA: double
CLS01.1-INV08.TensaoCC: double
CLS01.1-INV08-SB21.CorrenteCC_01: double
CLS01.1-INV08-SB21.CorrenteCC_02: double
CLS01.1-INV08-SB21.CorrenteCC_03: double
CLS01.1-INV08-SB21.CorrenteCC_04: double
CLS01.1-INV08-SB21.CorrenteCC_05: double
CLS01.1-INV08-SB21.CorrenteCC_06: double
CLS01.1-INV08-SB21.CorrenteCC_07: double
CLS01.1-INV08-SB21.CorrenteCC_08: double
CLS01.1-INV08-SB21.CorrenteCC_09: double
CLS01.1-INV08-SB21.CorrenteCC_10: double
CLS01.1-INV08-SB21.CorrenteCC_11: double
CLS01.1-INV08-SB21.CorrenteCC_12: double
CLS01.1-INV08-SB21.CorrenteCC_13: double
CLS01.1-INV08-SB21.CorrenteCC_14: double
CLS01.1-INV08-SB21.CorrenteCC_15: double
CLS01.1-INV08-SB21.CorrenteCC_16: double
CLS01.1-INV08-SB21.TensaoCC: double
CLS01.1-INV08-SB21-TR081.PosAngAlvo: double
CLS01.1-INV08-SB21-TR081.PosAngAtual: double
CLS01.1-INV08-SB21-TR082.PosAngAlvo: double
CLS01.1-INV08-SB21-TR082.PosAngAtual: double
CLS01.1-INV08-SB21-TR083.PosAngAlvo: double
CLS01.1-INV08-SB21-TR083.PosAngAtual: double
CLS01.1-INV08-SB21-TR084.PosAngAlvo: double
CLS01.1-INV08-SB21-TR084.PosAngAtual: double
CLS01.1-INV08-SB22.CorrenteCC_01: double
CLS01.1-INV08-SB22.CorrenteCC_02: double
CLS01.1-INV08-SB22.CorrenteCC_03: double
CLS01.1-INV08-SB22.CorrenteCC_04: double
CLS01.1-INV08-SB22.CorrenteCC_05: double
CLS01.1-INV08-SB22.CorrenteCC_06: double
CLS01.1-INV08-SB22.CorrenteCC_07: double
CLS01.1-INV08-SB22.CorrenteCC_08: double
CLS01.1-INV08-SB22.CorrenteCC_09: double
CLS01.1-INV08-SB22.CorrenteCC_10: double
CLS01.1-INV08-SB22.CorrenteCC_11: double
CLS01.1-INV08-SB22.CorrenteCC_12: double
CLS01.1-INV08-SB22.CorrenteCC_13: double
CLS01.1-INV08-SB22.CorrenteCC_14: double
CLS01.1-INV08-SB22.CorrenteCC_15: double
CLS01.1-INV08-SB22.CorrenteCC_16: double
CLS01.1-INV08-SB22.TensaoCC: double
CLS01.1-INV08-SB22-TR085.PosAngAlvo: double
CLS01.1-INV08-SB22-TR085.PosAngAtual: double
CLS01.1-INV08-SB22-TR086.PosAngAlvo: double
CLS01.1-INV08-SB22-TR086.PosAngAtual: double
CLS01.1-INV08-SB22-TR087.PosAngAlvo: double
CLS01.1-INV08-SB22-TR087.PosAngAtual: double
CLS01.1-INV08-SB22-TR088.PosAngAlvo: double
CLS01.1-INV08-SB22-TR088.PosAngAtual: double
CLS01.1-INV08-SB23.CorrenteCC_01: double
CLS01.1-INV08-SB23.CorrenteCC_02: double
CLS01.1-INV08-SB23.CorrenteCC_03: double
CLS01.1-INV08-SB23.CorrenteCC_04: double
CLS01.1-INV08-SB23.CorrenteCC_05: double
CLS01.1-INV08-SB23.CorrenteCC_06: double
CLS01.1-INV08-SB23.CorrenteCC_07: double
CLS01.1-INV08-SB23.CorrenteCC_08: double
CLS01.1-INV08-SB23.CorrenteCC_09: double
CLS01.1-INV08-SB23.CorrenteCC_10: double
CLS01.1-INV08-SB23.CorrenteCC_11: double
CLS01.1-INV08-SB23.CorrenteCC_12: double
CLS01.1-INV08-SB23.CorrenteCC_13: double
CLS01.1-INV08-SB23.CorrenteCC_14: double
CLS01.1-INV08-SB23.CorrenteCC_15: double
CLS01.1-INV08-SB23.CorrenteCC_16: double
CLS01.1-INV08-SB23.TensaoCC: double
CLS01.1-INV08-SB23-TR089.PosAngAlvo: double
CLS01.1-INV08-SB23-TR089.PosAngAtual: double
CLS01.1-INV08-SB23-TR090.PosAngAlvo: double
CLS01.1-INV08-SB23-TR090.PosAngAtual: double
CLS01.1-INV08-SB23-TR091.PosAngAlvo: double
CLS01.1-INV08-SB23-TR091.PosAngAtual: double
CLS01.1-INV08-SB23-TR092.PosAngAlvo: double
CLS01.1-INV08-SB23-TR092.PosAngAtual: double
CLS01.1-INV08-SB24.CorrenteCC_01: double
CLS01.1-INV08-SB24.CorrenteCC_02: double
CLS01.1-INV08-SB24.CorrenteCC_03: double
CLS01.1-INV08-SB24.CorrenteCC_04: double
CLS01.1-INV08-SB24.CorrenteCC_05: double
CLS01.1-INV08-SB24.CorrenteCC_06: double
CLS01.1-INV08-SB24.CorrenteCC_07: double
CLS01.1-INV08-SB24.CorrenteCC_08: double
CLS01.1-INV08-SB24.CorrenteCC_09: double
CLS01.1-INV08-SB24.CorrenteCC_10: double
CLS01.1-INV08-SB24.CorrenteCC_11: double
CLS01.1-INV08-SB24.CorrenteCC_12: double
CLS01.1-INV08-SB24.CorrenteCC_13: double
CLS01.1-INV08-SB24.CorrenteCC_14: double
CLS01.1-INV08-SB24.CorrenteCC_15: double
CLS01.1-INV08-SB24.CorrenteCC_16: double
CLS01.1-INV08-SB24.TensaoCC: double
CLS01.1-INV08-SB24-TR093.PosAngAlvo: double
CLS01.1-INV08-SB24-TR093.PosAngAtual: double
CLS01.1-INV08-SB24-TR094.PosAngAlvo: double
CLS01.1-INV08-SB24-TR094.PosAngAtual: double
CLS01.1-INV08-SB24-TR095.PosAngAlvo: double
CLS01.1-INV08-SB24-TR095.PosAngAtual: double
CLS01.1-INV08-SB24-TR096.PosAngAlvo: double
CLS01.1-INV08-SB24-TR096.PosAngAtual: double
CLS01.2-INV01.CorA: double
CLS01.2-INV01.CorB: double
CLS01.2-INV01.CorC: double
CLS01.2-INV01.CorrenteCC: double
CLS01.2-INV01.PotAt: double
CLS01.2-INV01.TenAB: double
CLS01.2-INV01.TenBC: double
CLS01.2-INV01.TenCA: double
CLS01.2-INV01.TensaoCC: double
CLS01.2-INV01-SB13.CorrenteCC_01: double
CLS01.2-INV01-SB13.CorrenteCC_02: double
CLS01.2-INV01-SB13.CorrenteCC_03: double
CLS01.2-INV01-SB13.CorrenteCC_04: double
CLS01.2-INV01-SB13.CorrenteCC_05: double
CLS01.2-INV01-SB13.CorrenteCC_06: double
CLS01.2-INV01-SB13.CorrenteCC_07: double
CLS01.2-INV01-SB13.CorrenteCC_08: double
CLS01.2-INV01-SB13.CorrenteCC_09: double
CLS01.2-INV01-SB13.CorrenteCC_10: double
CLS01.2-INV01-SB13.CorrenteCC_11: double
CLS01.2-INV01-SB13.CorrenteCC_12: double
CLS01.2-INV01-SB13.CorrenteCC_13: double
CLS01.2-INV01-SB13.CorrenteCC_14: double
CLS01.2-INV01-SB13.CorrenteCC_15: double
CLS01.2-INV01-SB13.CorrenteCC_16: double
CLS01.2-INV01-SB13.TensaoCC: double
CLS01.2-INV01-SB13-TR049.PosAngAlvo: double
CLS01.2-INV01-SB13-TR049.PosAngAtual: double
CLS01.2-INV01-SB13-TR050.PosAngAlvo: double
CLS01.2-INV01-SB13-TR050.PosAngAtual: double
CLS01.2-INV01-SB13-TR051.PosAngAlvo: double
CLS01.2-INV01-SB13-TR051.PosAngAtual: double
CLS01.2-INV01-SB13-TR052.PosAngAlvo: double
CLS01.2-INV01-SB13-TR052.PosAngAtual: double
CLS01.2-INV01-SB14.CorrenteCC_01: double
CLS01.2-INV01-SB14.CorrenteCC_02: double
CLS01.2-INV01-SB14.CorrenteCC_03: double
CLS01.2-INV01-SB14.CorrenteCC_04: double
CLS01.2-INV01-SB14.CorrenteCC_05: double
CLS01.2-INV01-SB14.CorrenteCC_06: double
CLS01.2-INV01-SB14.CorrenteCC_07: double
CLS01.2-INV01-SB14.CorrenteCC_08: double
CLS01.2-INV01-SB14.CorrenteCC_09: double
CLS01.2-INV01-SB14.CorrenteCC_10: double
CLS01.2-INV01-SB14.CorrenteCC_11: double
CLS01.2-INV01-SB14.CorrenteCC_12: double
CLS01.2-INV01-SB14.CorrenteCC_13: double
CLS01.2-INV01-SB14.CorrenteCC_14: double
CLS01.2-INV01-SB14.CorrenteCC_15: double
CLS01.2-INV01-SB14.CorrenteCC_16: double
CLS01.2-INV01-SB14.TensaoCC: double
CLS01.2-INV01-SB14-TR053.PosAngAlvo: double
CLS01.2-INV01-SB14-TR053.PosAngAtual: double
CLS01.2-INV01-SB14-TR054.PosAngAlvo: double
CLS01.2-INV01-SB14-TR054.PosAngAtual: double
CLS01.2-INV01-SB14-TR055.PosAngAlvo: double
CLS01.2-INV01-SB14-TR055.PosAngAtual: double
CLS01.2-INV01-SB14-TR056.PosAngAlvo: double
CLS01.2-INV01-SB14-TR056.PosAngAtual: double
CLS01.2-INV01-SB15.CorrenteCC_01: double
CLS01.2-INV01-SB15.CorrenteCC_02: double
CLS01.2-INV01-SB15.CorrenteCC_03: double
CLS01.2-INV01-SB15.CorrenteCC_04: double
CLS01.2-INV01-SB15.CorrenteCC_05: double
CLS01.2-INV01-SB15.CorrenteCC_06: double
CLS01.2-INV01-SB15.CorrenteCC_07: double
CLS01.2-INV01-SB15.CorrenteCC_08: double
CLS01.2-INV01-SB15.CorrenteCC_09: double
CLS01.2-INV01-SB15.CorrenteCC_10: double
CLS01.2-INV01-SB15.CorrenteCC_11: double
CLS01.2-INV01-SB15.CorrenteCC_12: double
CLS01.2-INV01-SB15.CorrenteCC_13: double
CLS01.2-INV01-SB15.CorrenteCC_14: double
CLS01.2-INV01-SB15.CorrenteCC_15: double
CLS01.2-INV01-SB15.CorrenteCC_16: double
CLS01.2-INV01-SB15.TensaoCC: double
CLS01.2-INV01-SB15-TR057.PosAngAlvo: double
CLS01.2-INV01-SB15-TR057.PosAngAtual: double
CLS01.2-INV01-SB15-TR058.PosAngAlvo: double
CLS01.2-INV01-SB15-TR058.PosAngAtual: double
CLS01.2-INV01-SB15-TR059.PosAngAlvo: double
CLS01.2-INV01-SB15-TR059.PosAngAtual: double
CLS01.2-INV01-SB15-TR060.PosAngAlvo: double
CLS01.2-INV01-SB15-TR060.PosAngAtual: double
CLS01.2-INV01-SB16.CorrenteCC_01: double
CLS01.2-INV01-SB16.CorrenteCC_02: double
CLS01.2-INV01-SB16.CorrenteCC_03: double
CLS01.2-INV01-SB16.CorrenteCC_04: double
CLS01.2-INV01-SB16.CorrenteCC_05: double
CLS01.2-INV01-SB16.CorrenteCC_06: double
CLS01.2-INV01-SB16.CorrenteCC_07: double
CLS01.2-INV01-SB16.CorrenteCC_08: double
CLS01.2-INV01-SB16.CorrenteCC_09: double
CLS01.2-INV01-SB16.CorrenteCC_10: double
CLS01.2-INV01-SB16.CorrenteCC_11: double
CLS01.2-INV01-SB16.CorrenteCC_12: double
CLS01.2-INV01-SB16.CorrenteCC_13: double
CLS01.2-INV01-SB16.CorrenteCC_14: double
CLS01.2-INV01-SB16.CorrenteCC_15: double
CLS01.2-INV01-SB16.CorrenteCC_16: double
CLS01.2-INV01-SB16.TensaoCC: double
CLS01.2-INV01-SB16-TR061.PosAngAlvo: double
CLS01.2-INV01-SB16-TR061.PosAngAtual: double
CLS01.2-INV01-SB16-TR062.PosAngAlvo: double
CLS01.2-INV01-SB16-TR062.PosAngAtual: double
CLS01.2-INV01-SB16-TR063.PosAngAlvo: double
CLS01.2-INV01-SB16-TR063.PosAngAtual: double
CLS01.2-INV01-SB16-TR064.PosAngAlvo: double
CLS01.2-INV01-SB16-TR064.PosAngAtual: double
CLS01.2-INV02.CorA: double
CLS01.2-INV02.CorB: double
CLS01.2-INV02.CorC: double
CLS01.2-INV02.CorrenteCC: double
CLS01.2-INV02.PotAt: double
CLS01.2-INV02.TenAB: double
CLS01.2-INV02.TenBC: double
CLS01.2-INV02.TenCA: double
CLS01.2-INV02.TensaoCC: double
CLS01.2-INV02-SB05.CorrenteCC_01: double
CLS01.2-INV02-SB05.CorrenteCC_02: double
CLS01.2-INV02-SB05.CorrenteCC_03: double
CLS01.2-INV02-SB05.CorrenteCC_04: double
CLS01.2-INV02-SB05.CorrenteCC_05: double
CLS01.2-INV02-SB05.CorrenteCC_06: double
CLS01.2-INV02-SB05.CorrenteCC_07: double
CLS01.2-INV02-SB05.CorrenteCC_08: double
CLS01.2-INV02-SB05.CorrenteCC_09: double
CLS01.2-INV02-SB05.CorrenteCC_10: double
CLS01.2-INV02-SB05.CorrenteCC_11: double
CLS01.2-INV02-SB05.CorrenteCC_12: double
CLS01.2-INV02-SB05.CorrenteCC_13: double
CLS01.2-INV02-SB05.CorrenteCC_14: double
CLS01.2-INV02-SB05.CorrenteCC_15: double
CLS01.2-INV02-SB05.CorrenteCC_16: double
CLS01.2-INV02-SB05.TensaoCC: double
CLS01.2-INV02-SB05-TR017.PosAngAlvo: double
CLS01.2-INV02-SB05-TR017.PosAngAtual: double
CLS01.2-INV02-SB05-TR018.PosAngAlvo: double
CLS01.2-INV02-SB05-TR018.PosAngAtual: double
CLS01.2-INV02-SB05-TR019.PosAngAlvo: double
CLS01.2-INV02-SB05-TR019.PosAngAtual: double
CLS01.2-INV02-SB05-TR020.PosAngAlvo: double
CLS01.2-INV02-SB05-TR020.PosAngAtual: double
CLS01.2-INV02-SB06.CorrenteCC_01: double
CLS01.2-INV02-SB06.CorrenteCC_02: double
CLS01.2-INV02-SB06.CorrenteCC_03: double
CLS01.2-INV02-SB06.CorrenteCC_04: double
CLS01.2-INV02-SB06.CorrenteCC_05: double
CLS01.2-INV02-SB06.CorrenteCC_06: double
CLS01.2-INV02-SB06.CorrenteCC_07: double
CLS01.2-INV02-SB06.CorrenteCC_08: double
CLS01.2-INV02-SB06.CorrenteCC_09: double
CLS01.2-INV02-SB06.CorrenteCC_10: double
CLS01.2-INV02-SB06.CorrenteCC_11: double
CLS01.2-INV02-SB06.CorrenteCC_12: double
CLS01.2-INV02-SB06.CorrenteCC_13: double
CLS01.2-INV02-SB06.CorrenteCC_14: double
CLS01.2-INV02-SB06.CorrenteCC_15: double
CLS01.2-INV02-SB06.CorrenteCC_16: double
CLS01.2-INV02-SB06.TensaoCC: double
CLS01.2-INV02-SB06-TR021.PosAngAlvo: double
CLS01.2-INV02-SB06-TR021.PosAngAtual: double
CLS01.2-INV02-SB06-TR022.PosAngAlvo: double
CLS01.2-INV02-SB06-TR022.PosAngAtual: double
CLS01.2-INV02-SB06-TR023.PosAngAlvo: double
CLS01.2-INV02-SB06-TR023.PosAngAtual: double
CLS01.2-INV02-SB06-TR024.PosAngAlvo: double
CLS01.2-INV02-SB06-TR024.PosAngAtual: double
CLS01.2-INV02-SB07.CorrenteCC_01: double
CLS01.2-INV02-SB07.CorrenteCC_02: double
CLS01.2-INV02-SB07.CorrenteCC_03: double
CLS01.2-INV02-SB07.CorrenteCC_04: double
CLS01.2-INV02-SB07.CorrenteCC_05: double
CLS01.2-INV02-SB07.CorrenteCC_06: double
CLS01.2-INV02-SB07.CorrenteCC_07: double
CLS01.2-INV02-SB07.CorrenteCC_08: double
CLS01.2-INV02-SB07.CorrenteCC_09: double
CLS01.2-INV02-SB07.CorrenteCC_10: double
CLS01.2-INV02-SB07.CorrenteCC_11: double
CLS01.2-INV02-SB07.CorrenteCC_12: double
CLS01.2-INV02-SB07.CorrenteCC_13: double
CLS01.2-INV02-SB07.CorrenteCC_14: double
CLS01.2-INV02-SB07.CorrenteCC_15: double
CLS01.2-INV02-SB07.CorrenteCC_16: double
CLS01.2-INV02-SB07.TensaoCC: double
CLS01.2-INV02-SB07-TR025.PosAngAlvo: double
CLS01.2-INV02-SB07-TR025.PosAngAtual: double
CLS01.2-INV02-SB07-TR026.PosAngAlvo: double
CLS01.2-INV02-SB07-TR026.PosAngAtual: double
CLS01.2-INV02-SB07-TR027.PosAngAlvo: double
CLS01.2-INV02-SB07-TR027.PosAngAtual: double
CLS01.2-INV02-SB07-TR028.PosAngAlvo: double
CLS01.2-INV02-SB07-TR028.PosAngAtual: double
CLS01.2-INV02-SB08.CorrenteCC_01: double
CLS01.2-INV02-SB08.CorrenteCC_02: double
CLS01.2-INV02-SB08.CorrenteCC_03: double
CLS01.2-INV02-SB08.CorrenteCC_04: double
CLS01.2-INV02-SB08.CorrenteCC_05: double
CLS01.2-INV02-SB08.CorrenteCC_06: double
CLS01.2-INV02-SB08.CorrenteCC_07: double
CLS01.2-INV02-SB08.CorrenteCC_08: double
CLS01.2-INV02-SB08.CorrenteCC_09: double
CLS01.2-INV02-SB08.CorrenteCC_10: double
CLS01.2-INV02-SB08.CorrenteCC_11: double
CLS01.2-INV02-SB08.CorrenteCC_12: double
CLS01.2-INV02-SB08.CorrenteCC_13: double
CLS01.2-INV02-SB08.CorrenteCC_14: double
CLS01.2-INV02-SB08.CorrenteCC_15: double
CLS01.2-INV02-SB08.CorrenteCC_16: double
CLS01.2-INV02-SB08.TensaoCC: double
CLS01.2-INV02-SB08-TR029.PosAngAlvo: double
CLS01.2-INV02-SB08-TR029.PosAngAtual: double
CLS01.2-INV02-SB08-TR030.PosAngAlvo: double
CLS01.2-INV02-SB08-TR030.PosAngAtual: double
CLS01.2-INV02-SB08-TR031.PosAngAlvo: double
CLS01.2-INV02-SB08-TR031.PosAngAtual: double
CLS01.2-INV02-SB08-TR032.PosAngAlvo: double
CLS01.2-INV02-SB08-TR032.PosAngAtual: double
CLS01.2-INV03.CorA: double
CLS01.2-INV03.CorB: double
CLS01.2-INV03.CorC: double
CLS01.2-INV03.CorrenteCC: double
CLS01.2-INV03.PotAt: double
CLS01.2-INV03.TenAB: double
CLS01.2-INV03.TenBC: double
CLS01.2-INV03.TenCA: double
CLS01.2-INV03.TensaoCC: double
CLS01.2-INV03-SB01.CorrenteCC_01: double
CLS01.2-INV03-SB01.CorrenteCC_02: double
CLS01.2-INV03-SB01.CorrenteCC_03: double
CLS01.2-INV03-SB01.CorrenteCC_04: double
CLS01.2-INV03-SB01.CorrenteCC_05: double
CLS01.2-INV03-SB01.CorrenteCC_06: double
CLS01.2-INV03-SB01.CorrenteCC_07: double
CLS01.2-INV03-SB01.CorrenteCC_08: double
CLS01.2-INV03-SB01.CorrenteCC_09: double
CLS01.2-INV03-SB01.CorrenteCC_10: double
CLS01.2-INV03-SB01.CorrenteCC_11: double
CLS01.2-INV03-SB01.CorrenteCC_12: double
CLS01.2-INV03-SB01.CorrenteCC_13: double
CLS01.2-INV03-SB01.CorrenteCC_14: double
CLS01.2-INV03-SB01.CorrenteCC_15: double
CLS01.2-INV03-SB01.CorrenteCC_16: double
CLS01.2-INV03-SB01.TensaoCC: double
CLS01.2-INV03-SB01-TR001.PosAngAlvo: double
CLS01.2-INV03-SB01-TR001.PosAngAtual: double
CLS01.2-INV03-SB01-TR002.PosAngAlvo: double
CLS01.2-INV03-SB01-TR002.PosAngAtual: double
CLS01.2-INV03-SB01-TR003.PosAngAlvo: double
CLS01.2-INV03-SB01-TR003.PosAngAtual: double
CLS01.2-INV03-SB01-TR004.PosAngAlvo: double
CLS01.2-INV03-SB01-TR004.PosAngAtual: double
CLS01.2-INV03-SB02.CorrenteCC_01: double
CLS01.2-INV03-SB02.CorrenteCC_02: double
CLS01.2-INV03-SB02.CorrenteCC_03: double
CLS01.2-INV03-SB02.CorrenteCC_04: double
CLS01.2-INV03-SB02.CorrenteCC_05: double
CLS01.2-INV03-SB02.CorrenteCC_06: double
CLS01.2-INV03-SB02.CorrenteCC_07: double
CLS01.2-INV03-SB02.CorrenteCC_08: double
CLS01.2-INV03-SB02.CorrenteCC_09: double
CLS01.2-INV03-SB02.CorrenteCC_10: double
CLS01.2-INV03-SB02.CorrenteCC_11: double
CLS01.2-INV03-SB02.CorrenteCC_12: double
CLS01.2-INV03-SB02.CorrenteCC_13: double
CLS01.2-INV03-SB02.CorrenteCC_14: double
CLS01.2-INV03-SB02.CorrenteCC_15: double
CLS01.2-INV03-SB02.CorrenteCC_16: double
CLS01.2-INV03-SB02.TensaoCC: double
CLS01.2-INV03-SB02-TR005.PosAngAlvo: double
CLS01.2-INV03-SB02-TR005.PosAngAtual: double
CLS01.2-INV03-SB02-TR006.PosAngAlvo: double
CLS01.2-INV03-SB02-TR006.PosAngAtual: double
CLS01.2-INV03-SB02-TR007.PosAngAlvo: double
CLS01.2-INV03-SB02-TR007.PosAngAtual: double
CLS01.2-INV03-SB02-TR008.PosAngAlvo: double
CLS01.2-INV03-SB02-TR008.PosAngAtual: double
CLS01.2-INV03-SB03.CorrenteCC_01: double
CLS01.2-INV03-SB03.CorrenteCC_02: double
CLS01.2-INV03-SB03.CorrenteCC_03: double
CLS01.2-INV03-SB03.CorrenteCC_04: double
CLS01.2-INV03-SB03.CorrenteCC_05: double
CLS01.2-INV03-SB03.CorrenteCC_06: double
CLS01.2-INV03-SB03.CorrenteCC_07: double
CLS01.2-INV03-SB03.CorrenteCC_08: double
CLS01.2-INV03-SB03.CorrenteCC_09: double
CLS01.2-INV03-SB03.CorrenteCC_10: double
CLS01.2-INV03-SB03.CorrenteCC_11: double
CLS01.2-INV03-SB03.CorrenteCC_12: double
CLS01.2-INV03-SB03.CorrenteCC_13: double
CLS01.2-INV03-SB03.CorrenteCC_14: double
CLS01.2-INV03-SB03.CorrenteCC_15: double
CLS01.2-INV03-SB03.CorrenteCC_16: double
CLS01.2-INV03-SB03.TensaoCC: double
CLS01.2-INV03-SB03-TR009.PosAngAlvo: double
CLS01.2-INV03-SB03-TR009.PosAngAtual: double
CLS01.2-INV03-SB03-TR010.PosAngAlvo: double
CLS01.2-INV03-SB03-TR010.PosAngAtual: double
CLS01.2-INV03-SB03-TR011.PosAngAlvo: double
CLS01.2-INV03-SB03-TR011.PosAngAtual: double
CLS01.2-INV03-SB03-TR012.PosAngAlvo: double
CLS01.2-INV03-SB03-TR012.PosAngAtual: double
CLS01.2-INV03-SB04.CorrenteCC_01: double
CLS01.2-INV03-SB04.CorrenteCC_02: double
CLS01.2-INV03-SB04.CorrenteCC_03: double
CLS01.2-INV03-SB04.CorrenteCC_04: double
CLS01.2-INV03-SB04.CorrenteCC_05: double
CLS01.2-INV03-SB04.CorrenteCC_06: double
CLS01.2-INV03-SB04.CorrenteCC_07: double
CLS01.2-INV03-SB04.CorrenteCC_08: double
CLS01.2-INV03-SB04.CorrenteCC_09: double
CLS01.2-INV03-SB04.CorrenteCC_10: double
CLS01.2-INV03-SB04.CorrenteCC_11: double
CLS01.2-INV03-SB04.CorrenteCC_12: double
CLS01.2-INV03-SB04.CorrenteCC_13: double
CLS01.2-INV03-SB04.CorrenteCC_14: double
CLS01.2-INV03-SB04.CorrenteCC_15: double
CLS01.2-INV03-SB04.CorrenteCC_16: double
CLS01.2-INV03-SB04.TensaoCC: double
CLS01.2-INV03-SB04-TR013.PosAngAlvo: double
CLS01.2-INV03-SB04-TR013.PosAngAtual: double
CLS01.2-INV03-SB04-TR014.PosAngAlvo: double
CLS01.2-INV03-SB04-TR014.PosAngAtual: double
CLS01.2-INV03-SB04-TR015.PosAngAlvo: double
CLS01.2-INV03-SB04-TR015.PosAngAtual: double
CLS01.2-INV03-SB04-TR016.PosAngAlvo: double
CLS01.2-INV03-SB04-TR016.PosAngAtual: double
CLS01.2-INV04.CorA: double
CLS01.2-INV04.CorB: double
CLS01.2-INV04.CorC: double
CLS01.2-INV04.CorrenteCC: double
CLS01.2-INV04.PotAt: double
CLS01.2-INV04.TenAB: double
CLS01.2-INV04.TenBC: double
CLS01.2-INV04.TenCA: double
CLS01.2-INV04.TensaoCC: double
CLS01.2-INV04-SB09.CorrenteCC_01: double
CLS01.2-INV04-SB09.CorrenteCC_02: double
CLS01.2-INV04-SB09.CorrenteCC_03: double
CLS01.2-INV04-SB09.CorrenteCC_04: double
CLS01.2-INV04-SB09.CorrenteCC_05: double
CLS01.2-INV04-SB09.CorrenteCC_06: double
CLS01.2-INV04-SB09.CorrenteCC_07: double
CLS01.2-INV04-SB09.CorrenteCC_08: double
CLS01.2-INV04-SB09.CorrenteCC_09: double
CLS01.2-INV04-SB09.CorrenteCC_10: double
CLS01.2-INV04-SB09.CorrenteCC_11: double
CLS01.2-INV04-SB09.CorrenteCC_12: double
CLS01.2-INV04-SB09.CorrenteCC_13: double
CLS01.2-INV04-SB09.CorrenteCC_14: double
CLS01.2-INV04-SB09.CorrenteCC_15: double
CLS01.2-INV04-SB09.CorrenteCC_16: double
CLS01.2-INV04-SB09.TensaoCC: double
CLS01.2-INV04-SB09-TR033.PosAngAlvo: double
CLS01.2-INV04-SB09-TR033.PosAngAtual: double
CLS01.2-INV04-SB09-TR034.PosAngAlvo: double
CLS01.2-INV04-SB09-TR034.PosAngAtual: double
CLS01.2-INV04-SB09-TR035.PosAngAlvo: double
CLS01.2-INV04-SB09-TR035.PosAngAtual: double
CLS01.2-INV04-SB09-TR036.PosAngAlvo: double
CLS01.2-INV04-SB09-TR036.PosAngAtual: double
CLS01.2-INV04-SB10.CorrenteCC_01: double
CLS01.2-INV04-SB10.CorrenteCC_02: double
CLS01.2-INV04-SB10.CorrenteCC_03: double
CLS01.2-INV04-SB10.CorrenteCC_04: double
CLS01.2-INV04-SB10.CorrenteCC_05: double
CLS01.2-INV04-SB10.CorrenteCC_06: double
CLS01.2-INV04-SB10.CorrenteCC_07: double
CLS01.2-INV04-SB10.CorrenteCC_08: double
CLS01.2-INV04-SB10.CorrenteCC_09: double
CLS01.2-INV04-SB10.CorrenteCC_10: double
CLS01.2-INV04-SB10.CorrenteCC_11: double
CLS01.2-INV04-SB10.CorrenteCC_12: double
CLS01.2-INV04-SB10.CorrenteCC_13: double
CLS01.2-INV04-SB10.CorrenteCC_14: double
CLS01.2-INV04-SB10.CorrenteCC_15: double
CLS01.2-INV04-SB10.CorrenteCC_16: double
CLS01.2-INV04-SB10.TensaoCC: double
CLS01.2-INV04-SB10-TR037.PosAngAlvo: double
CLS01.2-INV04-SB10-TR037.PosAngAtual: double
CLS01.2-INV04-SB10-TR038.PosAngAlvo: double
CLS01.2-INV04-SB10-TR038.PosAngAtual: double
CLS01.2-INV04-SB10-TR039.PosAngAlvo: double
CLS01.2-INV04-SB10-TR039.PosAngAtual: double
CLS01.2-INV04-SB10-TR040.PosAngAlvo: double
CLS01.2-INV04-SB10-TR040.PosAngAtual: double
CLS01.2-INV04-SB11.CorrenteCC_01: double
CLS01.2-INV04-SB11.CorrenteCC_02: double
CLS01.2-INV04-SB11.CorrenteCC_03: double
CLS01.2-INV04-SB11.CorrenteCC_04: double
CLS01.2-INV04-SB11.CorrenteCC_05: double
CLS01.2-INV04-SB11.CorrenteCC_06: double
CLS01.2-INV04-SB11.CorrenteCC_07: double
CLS01.2-INV04-SB11.CorrenteCC_08: double
CLS01.2-INV04-SB11.CorrenteCC_09: double
CLS01.2-INV04-SB11.CorrenteCC_10: double
CLS01.2-INV04-SB11.CorrenteCC_11: double
CLS01.2-INV04-SB11.CorrenteCC_12: double
CLS01.2-INV04-SB11.CorrenteCC_13: double
CLS01.2-INV04-SB11.CorrenteCC_14: double
CLS01.2-INV04-SB11.CorrenteCC_15: double
CLS01.2-INV04-SB11.CorrenteCC_16: double
CLS01.2-INV04-SB11.TensaoCC: double
CLS01.2-INV04-SB11-TR041.PosAngAlvo: double
CLS01.2-INV04-SB11-TR041.PosAngAtual: double
CLS01.2-INV04-SB11-TR042.PosAngAlvo: double
CLS01.2-INV04-SB11-TR042.PosAngAtual: double
CLS01.2-INV04-SB11-TR043.PosAngAlvo: double
CLS01.2-INV04-SB11-TR043.PosAngAtual: double
CLS01.2-INV04-SB11-TR044.PosAngAlvo: double
CLS01.2-INV04-SB11-TR044.PosAngAtual: double
CLS01.2-INV04-SB12.CorrenteCC_01: double
CLS01.2-INV04-SB12.CorrenteCC_02: double
CLS01.2-INV04-SB12.CorrenteCC_03: double
CLS01.2-INV04-SB12.CorrenteCC_04: double
CLS01.2-INV04-SB12.CorrenteCC_05: double
CLS01.2-INV04-SB12.CorrenteCC_06: double
CLS01.2-INV04-SB12.CorrenteCC_07: double
CLS01.2-INV04-SB12.CorrenteCC_08: double
CLS01.2-INV04-SB12.CorrenteCC_09: double
CLS01.2-INV04-SB12.CorrenteCC_10: double
CLS01.2-INV04-SB12.CorrenteCC_11: double
CLS01.2-INV04-SB12.CorrenteCC_12: double
CLS01.2-INV04-SB12.CorrenteCC_13: double
CLS01.2-INV04-SB12.CorrenteCC_14: double
CLS01.2-INV04-SB12.CorrenteCC_15: double
CLS01.2-INV04-SB12.CorrenteCC_16: double
CLS01.2-INV04-SB12.TensaoCC: double
CLS01.2-INV04-SB12-TR045.PosAngAlvo: double
CLS01.2-INV04-SB12-TR045.PosAngAtual: double
CLS01.2-INV04-SB12-TR046.PosAngAlvo: double
CLS01.2-INV04-SB12-TR046.PosAngAtual: double
CLS01.2-INV04-SB12-TR047.PosAngAlvo: double
CLS01.2-INV04-SB12-TR047.PosAngAtual: double
CLS01.2-INV04-SB12-TR048.PosAngAlvo: double
CLS01.2-INV04-SB12-TR048.PosAngAtual: double
CLS01.2-INV05.CorA: double
CLS01.2-INV05.CorB: double
CLS01.2-INV05.CorC: double
CLS01.2-INV05.CorrenteCC: double
CLS01.2-INV05.PotAt: double
CLS01.2-INV05.TenAB: double
CLS01.2-INV05.TenBC: double
CLS01.2-INV05.TenCA: double
CLS01.2-INV05.TensaoCC: double
CLS01.2-INV05-SB17.CorrenteCC_01: double
CLS01.2-INV05-SB17.CorrenteCC_02: double
CLS01.2-INV05-SB17.CorrenteCC_03: double
CLS01.2-INV05-SB17.CorrenteCC_04: double
CLS01.2-INV05-SB17.CorrenteCC_05: double
CLS01.2-INV05-SB17.CorrenteCC_06: double
CLS01.2-INV05-SB17.CorrenteCC_07: double
CLS01.2-INV05-SB17.CorrenteCC_08: double
CLS01.2-INV05-SB17.CorrenteCC_09: double
CLS01.2-INV05-SB17.CorrenteCC_10: double
CLS01.2-INV05-SB17.CorrenteCC_11: double
CLS01.2-INV05-SB17.CorrenteCC_12: double
CLS01.2-INV05-SB17.CorrenteCC_13: double
CLS01.2-INV05-SB17.CorrenteCC_14: double
CLS01.2-INV05-SB17.CorrenteCC_15: double
CLS01.2-INV05-SB17.CorrenteCC_16: double
CLS01.2-INV05-SB17.TensaoCC: double
CLS01.2-INV05-SB17-TR065.PosAngAlvo: double
CLS01.2-INV05-SB17-TR065.PosAngAtual: double
CLS01.2-INV05-SB17-TR066.PosAngAlvo: double
CLS01.2-INV05-SB17-TR066.PosAngAtual: double
CLS01.2-INV05-SB17-TR067.PosAngAlvo: double
CLS01.2-INV05-SB17-TR067.PosAngAtual: double
CLS01.2-INV05-SB17-TR068.PosAngAlvo: double
CLS01.2-INV05-SB17-TR068.PosAngAtual: double
CLS01.2-INV05-SB18.CorrenteCC_01: double
CLS01.2-INV05-SB18.CorrenteCC_02: double
CLS01.2-INV05-SB18.CorrenteCC_03: double
CLS01.2-INV05-SB18.CorrenteCC_04: double
CLS01.2-INV05-SB18.CorrenteCC_05: double
CLS01.2-INV05-SB18.CorrenteCC_06: double
CLS01.2-INV05-SB18.CorrenteCC_07: double
CLS01.2-INV05-SB18.CorrenteCC_08: double
CLS01.2-INV05-SB18.CorrenteCC_09: double
CLS01.2-INV05-SB18.CorrenteCC_10: double
CLS01.2-INV05-SB18.CorrenteCC_11: double
CLS01.2-INV05-SB18.CorrenteCC_12: double
CLS01.2-INV05-SB18.CorrenteCC_13: double
CLS01.2-INV05-SB18.CorrenteCC_14: double
CLS01.2-INV05-SB18.CorrenteCC_15: double
CLS01.2-INV05-SB18.CorrenteCC_16: double
CLS01.2-INV05-SB18.TensaoCC: double
CLS01.2-INV05-SB18-TR069.PosAngAlvo: double
CLS01.2-INV05-SB18-TR069.PosAngAtual: double
CLS01.2-INV05-SB18-TR070.PosAngAlvo: double
CLS01.2-INV05-SB18-TR070.PosAngAtual: double
CLS01.2-INV05-SB18-TR071.PosAngAlvo: double
CLS01.2-INV05-SB18-TR071.PosAngAtual: double
CLS01.2-INV05-SB18-TR072.PosAngAlvo: double
CLS01.2-INV05-SB18-TR072.PosAngAtual: double
CLS01.2-INV05-SB19.CorrenteCC_01: double
CLS01.2-INV05-SB19.CorrenteCC_02: double
CLS01.2-INV05-SB19.CorrenteCC_03: double
CLS01.2-INV05-SB19.CorrenteCC_04: double
CLS01.2-INV05-SB19.CorrenteCC_05: double
CLS01.2-INV05-SB19.CorrenteCC_06: double
CLS01.2-INV05-SB19.CorrenteCC_07: double
CLS01.2-INV05-SB19.CorrenteCC_08: double
CLS01.2-INV05-SB19.CorrenteCC_09: double
CLS01.2-INV05-SB19.CorrenteCC_10: double
CLS01.2-INV05-SB19.CorrenteCC_11: double
CLS01.2-INV05-SB19.CorrenteCC_12: double
CLS01.2-INV05-SB19.CorrenteCC_13: double
CLS01.2-INV05-SB19.CorrenteCC_14: double
CLS01.2-INV05-SB19.CorrenteCC_15: double
CLS01.2-INV05-SB19.CorrenteCC_16: double
CLS01.2-INV05-SB19.TensaoCC: double
CLS01.2-INV05-SB19-TR073.PosAngAlvo: double
CLS01.2-INV05-SB19-TR073.PosAngAtual: double
CLS01.2-INV05-SB19-TR074.PosAngAlvo: double
CLS01.2-INV05-SB19-TR074.PosAngAtual: double
CLS01.2-INV05-SB19-TR075.PosAngAlvo: double
CLS01.2-INV05-SB19-TR075.PosAngAtual: double
CLS01.2-INV05-SB19-TR076.PosAngAlvo: double
CLS01.2-INV05-SB19-TR076.PosAngAtual: double
CLS01.2-INV05-SB20.CorrenteCC_01: double
CLS01.2-INV05-SB20.CorrenteCC_02: double
CLS01.2-INV05-SB20.CorrenteCC_03: double
CLS01.2-INV05-SB20.CorrenteCC_04: double
CLS01.2-INV05-SB20.CorrenteCC_05: double
CLS01.2-INV05-SB20.CorrenteCC_06: double
CLS01.2-INV05-SB20.CorrenteCC_07: double
CLS01.2-INV05-SB20.CorrenteCC_08: double
CLS01.2-INV05-SB20.CorrenteCC_09: double
CLS01.2-INV05-SB20.CorrenteCC_10: double
CLS01.2-INV05-SB20.CorrenteCC_11: double
CLS01.2-INV05-SB20.CorrenteCC_12: double
CLS01.2-INV05-SB20.CorrenteCC_13: double
CLS01.2-INV05-SB20.CorrenteCC_14: double
CLS01.2-INV05-SB20.CorrenteCC_15: double
CLS01.2-INV05-SB20.CorrenteCC_16: double
CLS01.2-INV05-SB20.TensaoCC: double
CLS01.2-INV05-SB20-TR077.PosAngAlvo: double
CLS01.2-INV05-SB20-TR077.PosAngAtual: double
CLS01.2-INV05-SB20-TR078.PosAngAlvo: double
CLS01.2-INV05-SB20-TR078.PosAngAtual: double
CLS01.2-INV05-SB20-TR079.PosAngAlvo: double
CLS01.2-INV05-SB20-TR079.PosAngAtual: double
CLS01.2-INV05-SB20-TR080.PosAngAlvo: double
CLS01.2-INV05-SB20-TR080.PosAngAtual: double
CLS01.2-INV06.CorA: double
CLS01.2-INV06.CorB: double
CLS01.2-INV06.CorC: double
CLS01.2-INV06.CorrenteCC: double
CLS01.2-INV06.PotAt: double
CLS01.2-INV06.TenAB: double
CLS01.2-INV06.TenBC: double
CLS01.2-INV06.TenCA: double
CLS01.2-INV06.TensaoCC: double
CLS01.2-INV06-SB25.CorrenteCC_01: double
CLS01.2-INV06-SB25.CorrenteCC_02: double
CLS01.2-INV06-SB25.CorrenteCC_03: double
CLS01.2-INV06-SB25.CorrenteCC_04: double
CLS01.2-INV06-SB25.CorrenteCC_05: double
CLS01.2-INV06-SB25.CorrenteCC_06: double
CLS01.2-INV06-SB25.CorrenteCC_07: double
CLS01.2-INV06-SB25.CorrenteCC_08: double
CLS01.2-INV06-SB25.CorrenteCC_09: double
CLS01.2-INV06-SB25.CorrenteCC_10: double
CLS01.2-INV06-SB25.CorrenteCC_11: double
CLS01.2-INV06-SB25.CorrenteCC_12: double
CLS01.2-INV06-SB25.CorrenteCC_13: double
CLS01.2-INV06-SB25.CorrenteCC_14: double
CLS01.2-INV06-SB25.CorrenteCC_15: double
CLS01.2-INV06-SB25.CorrenteCC_16: double
CLS01.2-INV06-SB25.TensaoCC: double
CLS01.2-INV06-SB25-TR097.PosAngAlvo: double
CLS01.2-INV06-SB25-TR097.PosAngAtual: double
CLS01.2-INV06-SB25-TR098.PosAngAlvo: double
CLS01.2-INV06-SB25-TR098.PosAngAtual: double
CLS01.2-INV06-SB25-TR099.PosAngAlvo: double
CLS01.2-INV06-SB25-TR099.PosAngAtual: double
CLS01.2-INV06-SB25-TR100.PosAngAlvo: double
CLS01.2-INV06-SB25-TR100.PosAngAtual: double
CLS01.2-INV06-SB26.CorrenteCC_01: double
CLS01.2-INV06-SB26.CorrenteCC_02: double
CLS01.2-INV06-SB26.CorrenteCC_03: double
CLS01.2-INV06-SB26.CorrenteCC_04: double
CLS01.2-INV06-SB26.CorrenteCC_05: double
CLS01.2-INV06-SB26.CorrenteCC_06: double
CLS01.2-INV06-SB26.CorrenteCC_07: double
CLS01.2-INV06-SB26.CorrenteCC_08: double
CLS01.2-INV06-SB26.CorrenteCC_09: double
CLS01.2-INV06-SB26.CorrenteCC_10: double
CLS01.2-INV06-SB26.CorrenteCC_11: double
CLS01.2-INV06-SB26.CorrenteCC_12: double
CLS01.2-INV06-SB26.CorrenteCC_13: double
CLS01.2-INV06-SB26.CorrenteCC_14: double
CLS01.2-INV06-SB26.CorrenteCC_15: double
CLS01.2-INV06-SB26.CorrenteCC_16: double
CLS01.2-INV06-SB26.TensaoCC: double
CLS01.2-INV06-SB26-TR101.PosAngAlvo: double
CLS01.2-INV06-SB26-TR101.PosAngAtual: double
CLS01.2-INV06-SB26-TR102.PosAngAlvo: double
CLS01.2-INV06-SB26-TR102.PosAngAtual: double
CLS01.2-INV06-SB26-TR103.PosAngAlvo: double
CLS01.2-INV06-SB26-TR103.PosAngAtual: double
CLS01.2-INV06-SB26-TR104.PosAngAlvo: double
CLS01.2-INV06-SB26-TR104.PosAngAtual: double
CLS01.2-INV06-SB27.CorrenteCC_01: double
CLS01.2-INV06-SB27.CorrenteCC_02: double
CLS01.2-INV06-SB27.CorrenteCC_03: double
CLS01.2-INV06-SB27.CorrenteCC_04: double
CLS01.2-INV06-SB27.CorrenteCC_05: double
CLS01.2-INV06-SB27.CorrenteCC_06: double
CLS01.2-INV06-SB27.CorrenteCC_07: double
CLS01.2-INV06-SB27.CorrenteCC_08: double
CLS01.2-INV06-SB27.CorrenteCC_09: double
CLS01.2-INV06-SB27.CorrenteCC_10: double
CLS01.2-INV06-SB27.CorrenteCC_11: double
CLS01.2-INV06-SB27.CorrenteCC_12: double
CLS01.2-INV06-SB27.CorrenteCC_13: double
CLS01.2-INV06-SB27.CorrenteCC_14: double
CLS01.2-INV06-SB27.CorrenteCC_15: double
CLS01.2-INV06-SB27.CorrenteCC_16: double
CLS01.2-INV06-SB27.TensaoCC: double
CLS01.2-INV06-SB27-TR105.PosAngAlvo: double
CLS01.2-INV06-SB27-TR105.PosAngAtual: double
CLS01.2-INV06-SB27-TR106.PosAngAlvo: double
CLS01.2-INV06-SB27-TR106.PosAngAtual: double
CLS01.2-INV06-SB27-TR107.PosAngAlvo: double
CLS01.2-INV06-SB27-TR107.PosAngAtual: double
CLS01.2-INV06-SB27-TR108.PosAngAlvo: double
CLS01.2-INV06-SB27-TR108.PosAngAtual: double
CLS01.2-INV06-SB28.CorrenteCC_01: double
CLS01.2-INV06-SB28.CorrenteCC_02: double
CLS01.2-INV06-SB28.CorrenteCC_03: double
CLS01.2-INV06-SB28.CorrenteCC_04: double
CLS01.2-INV06-SB28.CorrenteCC_05: double
CLS01.2-INV06-SB28.CorrenteCC_06: double
CLS01.2-INV06-SB28.CorrenteCC_07: double
CLS01.2-INV06-SB28.CorrenteCC_08: double
CLS01.2-INV06-SB28.CorrenteCC_09: double
CLS01.2-INV06-SB28.CorrenteCC_10: double
CLS01.2-INV06-SB28.CorrenteCC_11: double
CLS01.2-INV06-SB28.CorrenteCC_12: double
CLS01.2-INV06-SB28.CorrenteCC_13: double
CLS01.2-INV06-SB28.CorrenteCC_14: double
CLS01.2-INV06-SB28.CorrenteCC_15: double
CLS01.2-INV06-SB28.CorrenteCC_16: double
CLS01.2-INV06-SB28.TensaoCC: double
CLS01.2-INV06-SB28-TR109.PosAngAlvo: double
CLS01.2-INV06-SB28-TR109.PosAngAtual: double
CLS01.2-INV06-SB28-TR110.PosAngAlvo: double
CLS01.2-INV06-SB28-TR110.PosAngAtual: double
CLS01.2-INV06-SB28-TR111.PosAngAlvo: double
CLS01.2-INV06-SB28-TR111.PosAngAtual: double
CLS01.2-INV06-SB28-TR112.PosAngAlvo: double
CLS01.2-INV06-SB28-TR112.PosAngAtual: double
CLS01.2-INV07.CorA: double
CLS01.2-INV07.CorB: double
CLS01.2-INV07.CorC: double
CLS01.2-INV07.CorrenteCC: double
CLS01.2-INV07.PotAt: double
CLS01.2-INV07.TenAB: double
CLS01.2-INV07.TenBC: double
CLS01.2-INV07.TenCA: double
CLS01.2-INV07.TensaoCC: double
CLS01.2-INV07-SB29.CorrenteCC_01: double
CLS01.2-INV07-SB29.CorrenteCC_02: double
CLS01.2-INV07-SB29.CorrenteCC_03: double
CLS01.2-INV07-SB29.CorrenteCC_04: double
CLS01.2-INV07-SB29.CorrenteCC_05: double
CLS01.2-INV07-SB29.CorrenteCC_06: double
CLS01.2-INV07-SB29.CorrenteCC_07: double
CLS01.2-INV07-SB29.CorrenteCC_08: double
CLS01.2-INV07-SB29.CorrenteCC_09: double
CLS01.2-INV07-SB29.CorrenteCC_10: double
CLS01.2-INV07-SB29.CorrenteCC_11: double
CLS01.2-INV07-SB29.CorrenteCC_12: double
CLS01.2-INV07-SB29.CorrenteCC_13: double
CLS01.2-INV07-SB29.CorrenteCC_14: double
CLS01.2-INV07-SB29.CorrenteCC_15: double
CLS01.2-INV07-SB29.CorrenteCC_16: double
CLS01.2-INV07-SB29.TensaoCC: double
CLS01.2-INV07-SB29-TR113.PosAngAlvo: double
CLS01.2-INV07-SB29-TR113.PosAngAtual: double
CLS01.2-INV07-SB29-TR114.PosAngAlvo: double
CLS01.2-INV07-SB29-TR114.PosAngAtual: double
CLS01.2-INV07-SB29-TR115.PosAngAlvo: double
CLS01.2-INV07-SB29-TR115.PosAngAtual: double
CLS01.2-INV07-SB29-TR116.PosAngAlvo: double
CLS01.2-INV07-SB29-TR116.PosAngAtual: double
CLS01.2-INV07-SB30.CorrenteCC_01: double
CLS01.2-INV07-SB30.CorrenteCC_02: double
CLS01.2-INV07-SB30.CorrenteCC_03: double
CLS01.2-INV07-SB30.CorrenteCC_04: double
CLS01.2-INV07-SB30.CorrenteCC_05: double
CLS01.2-INV07-SB30.CorrenteCC_06: double
CLS01.2-INV07-SB30.CorrenteCC_07: double
CLS01.2-INV07-SB30.CorrenteCC_08: double
CLS01.2-INV07-SB30.CorrenteCC_09: double
CLS01.2-INV07-SB30.CorrenteCC_10: double
CLS01.2-INV07-SB30.CorrenteCC_11: double
CLS01.2-INV07-SB30.CorrenteCC_12: double
CLS01.2-INV07-SB30.CorrenteCC_13: double
CLS01.2-INV07-SB30.CorrenteCC_14: double
CLS01.2-INV07-SB30.CorrenteCC_15: double
CLS01.2-INV07-SB30.CorrenteCC_16: double
CLS01.2-INV07-SB30.TensaoCC: double
CLS01.2-INV07-SB30-TR117.PosAngAlvo: double
CLS01.2-INV07-SB30-TR117.PosAngAtual: double
CLS01.2-INV07-SB30-TR118.PosAngAlvo: double
CLS01.2-INV07-SB30-TR118.PosAngAtual: double
CLS01.2-INV07-SB30-TR119.PosAngAlvo: double
CLS01.2-INV07-SB30-TR119.PosAngAtual: double
CLS01.2-INV07-SB30-TR120.PosAngAlvo: double
CLS01.2-INV07-SB30-TR120.PosAngAtual: double
CLS01.2-INV07-SB31.CorrenteCC_01: double
CLS01.2-INV07-SB31.CorrenteCC_02: double
CLS01.2-INV07-SB31.CorrenteCC_03: double
CLS01.2-INV07-SB31.CorrenteCC_04: double
CLS01.2-INV07-SB31.CorrenteCC_05: double
CLS01.2-INV07-SB31.CorrenteCC_06: double
CLS01.2-INV07-SB31.CorrenteCC_07: double
CLS01.2-INV07-SB31.CorrenteCC_08: double
CLS01.2-INV07-SB31.CorrenteCC_09: double
CLS01.2-INV07-SB31.CorrenteCC_10: double
CLS01.2-INV07-SB31.CorrenteCC_11: double
CLS01.2-INV07-SB31.CorrenteCC_12: double
CLS01.2-INV07-SB31.CorrenteCC_13: double
CLS01.2-INV07-SB31.CorrenteCC_14: double
CLS01.2-INV07-SB31.CorrenteCC_15: double
CLS01.2-INV07-SB31.CorrenteCC_16: double
CLS01.2-INV07-SB31.TensaoCC: double
CLS01.2-INV07-SB31-TR121.PosAngAlvo: double
CLS01.2-INV07-SB31-TR121.PosAngAtual: double
CLS01.2-INV07-SB31-TR122.PosAngAlvo: double
CLS01.2-INV07-SB31-TR122.PosAngAtual: double
CLS01.2-INV07-SB31-TR123.PosAngAlvo: double
CLS01.2-INV07-SB31-TR123.PosAngAtual: double
CLS01.2-INV07-SB31-TR124.PosAngAlvo: double
CLS01.2-INV07-SB31-TR124.PosAngAtual: double
CLS01.2-INV07-SB32.CorrenteCC_01: double
CLS01.2-INV07-SB32.CorrenteCC_02: double
CLS01.2-INV07-SB32.CorrenteCC_03: double
CLS01.2-INV07-SB32.CorrenteCC_04: double
CLS01.2-INV07-SB32.CorrenteCC_05: double
CLS01.2-INV07-SB32.CorrenteCC_06: double
CLS01.2-INV07-SB32.CorrenteCC_07: double
CLS01.2-INV07-SB32.CorrenteCC_08: double
CLS01.2-INV07-SB32.CorrenteCC_09: double
CLS01.2-INV07-SB32.CorrenteCC_10: double
CLS01.2-INV07-SB32.CorrenteCC_11: double
CLS01.2-INV07-SB32.CorrenteCC_12: double
CLS01.2-INV07-SB32.CorrenteCC_13: double
CLS01.2-INV07-SB32.CorrenteCC_14: double
CLS01.2-INV07-SB32.CorrenteCC_15: double
CLS01.2-INV07-SB32.CorrenteCC_16: double
CLS01.2-INV07-SB32.TensaoCC: double
CLS01.2-INV07-SB32-TR125.PosAngAlvo: double
CLS01.2-INV07-SB32-TR125.PosAngAtual: double
CLS01.2-INV07-SB32-TR126.PosAngAlvo: double
CLS01.2-INV07-SB32-TR126.PosAngAtual: double
CLS01.2-INV07-SB32-TR127.PosAngAlvo: double
CLS01.2-INV07-SB32-TR127.PosAngAtual: double
CLS01.2-INV07-SB32-TR128.PosAngAlvo: double
CLS01.2-INV07-SB32-TR128.PosAngAtual: double
CLS01.2-INV08.CorA: double
CLS01.2-INV08.CorB: double
CLS01.2-INV08.CorC: double
CLS01.2-INV08.CorrenteCC: double
CLS01.2-INV08.PotAt: double
CLS01.2-INV08.TenAB: double
CLS01.2-INV08.TenBC: double
CLS01.2-INV08.TenCA: double
CLS01.2-INV08.TensaoCC: double
CLS01.2-INV08-SB21.CorrenteCC_01: double
CLS01.2-INV08-SB21.CorrenteCC_02: double
CLS01.2-INV08-SB21.CorrenteCC_03: double
CLS01.2-INV08-SB21.CorrenteCC_04: double
CLS01.2-INV08-SB21.CorrenteCC_05: double
CLS01.2-INV08-SB21.CorrenteCC_06: double
CLS01.2-INV08-SB21.CorrenteCC_07: double
CLS01.2-INV08-SB21.CorrenteCC_08: double
CLS01.2-INV08-SB21.CorrenteCC_09: double
CLS01.2-INV08-SB21.CorrenteCC_10: double
CLS01.2-INV08-SB21.CorrenteCC_11: double
CLS01.2-INV08-SB21.CorrenteCC_12: double
CLS01.2-INV08-SB21.CorrenteCC_13: double
CLS01.2-INV08-SB21.CorrenteCC_14: double
CLS01.2-INV08-SB21.CorrenteCC_15: double
CLS01.2-INV08-SB21.CorrenteCC_16: double
CLS01.2-INV08-SB21.TensaoCC: double
CLS01.2-INV08-SB21-TR081.PosAngAlvo: double
CLS01.2-INV08-SB21-TR081.PosAngAtual: double
CLS01.2-INV08-SB21-TR082.PosAngAlvo: double
CLS01.2-INV08-SB21-TR082.PosAngAtual: double
CLS01.2-INV08-SB21-TR083.PosAngAlvo: double
CLS01.2-INV08-SB21-TR083.PosAngAtual: double
CLS01.2-INV08-SB21-TR084.PosAngAlvo: double
CLS01.2-INV08-SB21-TR084.PosAngAtual: double
CLS01.2-INV08-SB22.CorrenteCC_01: double
CLS01.2-INV08-SB22.CorrenteCC_02: double
CLS01.2-INV08-SB22.CorrenteCC_03: double
CLS01.2-INV08-SB22.CorrenteCC_04: double
CLS01.2-INV08-SB22.CorrenteCC_05: double
CLS01.2-INV08-SB22.CorrenteCC_06: double
CLS01.2-INV08-SB22.CorrenteCC_07: double
CLS01.2-INV08-SB22.CorrenteCC_08: double
CLS01.2-INV08-SB22.CorrenteCC_09: double
CLS01.2-INV08-SB22.CorrenteCC_10: double
CLS01.2-INV08-SB22.CorrenteCC_11: double
CLS01.2-INV08-SB22.CorrenteCC_12: double
CLS01.2-INV08-SB22.CorrenteCC_13: double
CLS01.2-INV08-SB22.CorrenteCC_14: double
CLS01.2-INV08-SB22.CorrenteCC_15: double
CLS01.2-INV08-SB22.CorrenteCC_16: double
CLS01.2-INV08-SB22.TensaoCC: double
CLS01.2-INV08-SB22-TR085.PosAngAlvo: double
CLS01.2-INV08-SB22-TR085.PosAngAtual: double
CLS01.2-INV08-SB22-TR086.PosAngAlvo: double
CLS01.2-INV08-SB22-TR086.PosAngAtual: double
CLS01.2-INV08-SB22-TR087.PosAngAlvo: double
CLS01.2-INV08-SB22-TR087.PosAngAtual: double
CLS01.2-INV08-SB22-TR088.PosAngAlvo: double
CLS01.2-INV08-SB22-TR088.PosAngAtual: double
CLS01.2-INV08-SB23.CorrenteCC_01: double
CLS01.2-INV08-SB23.CorrenteCC_02: double
CLS01.2-INV08-SB23.CorrenteCC_03: double
CLS01.2-INV08-SB23.CorrenteCC_04: double
CLS01.2-INV08-SB23.CorrenteCC_05: double
CLS01.2-INV08-SB23.CorrenteCC_06: double
CLS01.2-INV08-SB23.CorrenteCC_07: double
CLS01.2-INV08-SB23.CorrenteCC_08: double
CLS01.2-INV08-SB23.CorrenteCC_09: double
CLS01.2-INV08-SB23.CorrenteCC_10: double
CLS01.2-INV08-SB23.CorrenteCC_11: double
CLS01.2-INV08-SB23.CorrenteCC_12: double
CLS01.2-INV08-SB23.CorrenteCC_13: double
CLS01.2-INV08-SB23.CorrenteCC_14: double
CLS01.2-INV08-SB23.CorrenteCC_15: double
CLS01.2-INV08-SB23.CorrenteCC_16: double
CLS01.2-INV08-SB23.TensaoCC: double
CLS01.2-INV08-SB23-TR089.PosAngAlvo: double
CLS01.2-INV08-SB23-TR089.PosAngAtual: double
CLS01.2-INV08-SB23-TR090.PosAngAlvo: double
CLS01.2-INV08-SB23-TR090.PosAngAtual: double
CLS01.2-INV08-SB23-TR091.PosAngAlvo: double
CLS01.2-INV08-SB23-TR091.PosAngAtual: double
CLS01.2-INV08-SB23-TR092.PosAngAlvo: double
CLS01.2-INV08-SB23-TR092.PosAngAtual: double
CLS01.2-INV08-SB24.CorrenteCC_01: double
CLS01.2-INV08-SB24.CorrenteCC_02: double
CLS01.2-INV08-SB24.CorrenteCC_03: double
CLS01.2-INV08-SB24.CorrenteCC_04: double
CLS01.2-INV08-SB24.CorrenteCC_05: double
CLS01.2-INV08-SB24.CorrenteCC_06: double
CLS01.2-INV08-SB24.CorrenteCC_07: double
CLS01.2-INV08-SB24.CorrenteCC_08: double
CLS01.2-INV08-SB24.CorrenteCC_09: double
CLS01.2-INV08-SB24.CorrenteCC_10: double
CLS01.2-INV08-SB24.CorrenteCC_11: double
CLS01.2-INV08-SB24.CorrenteCC_12: double
CLS01.2-INV08-SB24.CorrenteCC_13: double
CLS01.2-INV08-SB24.CorrenteCC_14: double
CLS01.2-INV08-SB24.CorrenteCC_15: double
CLS01.2-INV08-SB24.CorrenteCC_16: double
CLS01.2-INV08-SB24.TensaoCC: double
CLS01.2-INV08-SB24-TR093.PosAngAlvo: double
CLS01.2-INV08-SB24-TR093.PosAngAtual: double
CLS01.2-INV08-SB24-TR094.PosAngAlvo: double
CLS01.2-INV08-SB24-TR094.PosAngAtual: double
CLS01.2-INV08-SB24-TR095.PosAngAlvo: double
CLS01.2-INV08-SB24-TR095.PosAngAtual: double
CLS01.2-INV08-SB24-TR096.PosAngAlvo: double
CLS01.2-INV08-SB24-TR096.PosAngAtual: double
CLS01.3.MET-B.POA-Irrd: double
CLS01.3.MET-B.POA-Irrd_REAR: double
CLS01.3.MET-B.T_MOD: double
CLS01.3-INV01.CorA: double
CLS01.3-INV01.CorB: double
CLS01.3-INV01.CorC: double
CLS01.3-INV01.CorrenteCC: double
CLS01.3-INV01.PotAt: double
CLS01.3-INV01.TenAB: double
CLS01.3-INV01.TenBC: double
CLS01.3-INV01.TenCA: double
CLS01.3-INV01.TensaoCC: double
CLS01.3-INV01-SB13.CorrenteCC_01: double
CLS01.3-INV01-SB13.CorrenteCC_02: double
CLS01.3-INV01-SB13.CorrenteCC_03: double
CLS01.3-INV01-SB13.CorrenteCC_04: double
CLS01.3-INV01-SB13.CorrenteCC_05: double
CLS01.3-INV01-SB13.CorrenteCC_06: double
CLS01.3-INV01-SB13.CorrenteCC_07: double
CLS01.3-INV01-SB13.CorrenteCC_08: double
CLS01.3-INV01-SB13.CorrenteCC_09: double
CLS01.3-INV01-SB13.CorrenteCC_10: double
CLS01.3-INV01-SB13.CorrenteCC_11: double
CLS01.3-INV01-SB13.CorrenteCC_12: double
CLS01.3-INV01-SB13.CorrenteCC_13: double
CLS01.3-INV01-SB13.CorrenteCC_14: double
CLS01.3-INV01-SB13.CorrenteCC_15: double
CLS01.3-INV01-SB13.CorrenteCC_16: double
CLS01.3-INV01-SB13.TensaoCC: double
CLS01.3-INV01-SB13-TR049.PosAngAlvo: double
CLS01.3-INV01-SB13-TR049.PosAngAtual: double
CLS01.3-INV01-SB13-TR050.PosAngAlvo: double
CLS01.3-INV01-SB13-TR050.PosAngAtual: double
CLS01.3-INV01-SB13-TR051.PosAngAlvo: double
CLS01.3-INV01-SB13-TR051.PosAngAtual: double
CLS01.3-INV01-SB13-TR052.PosAngAlvo: double
CLS01.3-INV01-SB13-TR052.PosAngAtual: double
CLS01.3-INV01-SB14.CorrenteCC_01: double
CLS01.3-INV01-SB14.CorrenteCC_02: double
CLS01.3-INV01-SB14.CorrenteCC_03: double
CLS01.3-INV01-SB14.CorrenteCC_04: double
CLS01.3-INV01-SB14.CorrenteCC_05: double
CLS01.3-INV01-SB14.CorrenteCC_06: double
CLS01.3-INV01-SB14.CorrenteCC_07: double
CLS01.3-INV01-SB14.CorrenteCC_08: double
CLS01.3-INV01-SB14.CorrenteCC_09: double
CLS01.3-INV01-SB14.CorrenteCC_10: double
CLS01.3-INV01-SB14.CorrenteCC_11: double
CLS01.3-INV01-SB14.CorrenteCC_12: double
CLS01.3-INV01-SB14.CorrenteCC_13: double
CLS01.3-INV01-SB14.CorrenteCC_14: double
CLS01.3-INV01-SB14.CorrenteCC_15: double
CLS01.3-INV01-SB14.CorrenteCC_16: double
CLS01.3-INV01-SB14.TensaoCC: double
CLS01.3-INV01-SB14-TR053.PosAngAlvo: double
CLS01.3-INV01-SB14-TR053.PosAngAtual: double
CLS01.3-INV01-SB14-TR054.PosAngAlvo: double
CLS01.3-INV01-SB14-TR054.PosAngAtual: double
CLS01.3-INV01-SB14-TR055.PosAngAlvo: double
CLS01.3-INV01-SB14-TR055.PosAngAtual: double
CLS01.3-INV01-SB14-TR056.PosAngAlvo: double
CLS01.3-INV01-SB14-TR056.PosAngAtual: double
CLS01.3-INV01-SB15.CorrenteCC_01: double
CLS01.3-INV01-SB15.CorrenteCC_02: double
CLS01.3-INV01-SB15.CorrenteCC_03: double
CLS01.3-INV01-SB15.CorrenteCC_04: double
CLS01.3-INV01-SB15.CorrenteCC_05: double
CLS01.3-INV01-SB15.CorrenteCC_06: double
CLS01.3-INV01-SB15.CorrenteCC_07: double
CLS01.3-INV01-SB15.CorrenteCC_08: double
CLS01.3-INV01-SB15.CorrenteCC_09: double
CLS01.3-INV01-SB15.CorrenteCC_10: double
CLS01.3-INV01-SB15.CorrenteCC_11: double
CLS01.3-INV01-SB15.CorrenteCC_12: double
CLS01.3-INV01-SB15.CorrenteCC_13: double
CLS01.3-INV01-SB15.CorrenteCC_14: double
CLS01.3-INV01-SB15.CorrenteCC_15: double
CLS01.3-INV01-SB15.CorrenteCC_16: double
CLS01.3-INV01-SB15.TensaoCC: double
CLS01.3-INV01-SB15-TR057.PosAngAlvo: double
CLS01.3-INV01-SB15-TR057.PosAngAtual: double
CLS01.3-INV01-SB15-TR058.PosAngAlvo: double
CLS01.3-INV01-SB15-TR058.PosAngAtual: double
CLS01.3-INV01-SB15-TR059.PosAngAlvo: double
CLS01.3-INV01-SB15-TR059.PosAngAtual: double
CLS01.3-INV01-SB15-TR060.PosAngAlvo: double
CLS01.3-INV01-SB15-TR060.PosAngAtual: double
CLS01.3-INV01-SB16.CorrenteCC_01: double
CLS01.3-INV01-SB16.CorrenteCC_02: double
CLS01.3-INV01-SB16.CorrenteCC_03: double
CLS01.3-INV01-SB16.CorrenteCC_04: double
CLS01.3-INV01-SB16.CorrenteCC_05: double
CLS01.3-INV01-SB16.CorrenteCC_06: double
CLS01.3-INV01-SB16.CorrenteCC_07: double
CLS01.3-INV01-SB16.CorrenteCC_08: double
CLS01.3-INV01-SB16.CorrenteCC_09: double
CLS01.3-INV01-SB16.CorrenteCC_10: double
CLS01.3-INV01-SB16.CorrenteCC_11: double
CLS01.3-INV01-SB16.CorrenteCC_12: double
CLS01.3-INV01-SB16.CorrenteCC_13: double
CLS01.3-INV01-SB16.CorrenteCC_14: double
CLS01.3-INV01-SB16.CorrenteCC_15: double
CLS01.3-INV01-SB16.CorrenteCC_16: double
CLS01.3-INV01-SB16.TensaoCC: double
CLS01.3-INV01-SB16-TR061.PosAngAlvo: double
CLS01.3-INV01-SB16-TR061.PosAngAtual: double
CLS01.3-INV01-SB16-TR062.PosAngAlvo: double
CLS01.3-INV01-SB16-TR062.PosAngAtual: double
CLS01.3-INV01-SB16-TR063.PosAngAlvo: double
CLS01.3-INV01-SB16-TR063.PosAngAtual: double
CLS01.3-INV01-SB16-TR064.PosAngAlvo: double
CLS01.3-INV01-SB16-TR064.PosAngAtual: double
CLS01.3-INV02.CorA: double
CLS01.3-INV02.CorB: double
CLS01.3-INV02.CorC: double
CLS01.3-INV02.CorrenteCC: double
CLS01.3-INV02.PotAt: double
CLS01.3-INV02.TenAB: double
CLS01.3-INV02.TenBC: double
CLS01.3-INV02.TenCA: double
CLS01.3-INV02.TensaoCC: double
CLS01.3-INV02-SB05.CorrenteCC_01: double
CLS01.3-INV02-SB05.CorrenteCC_02: double
CLS01.3-INV02-SB05.CorrenteCC_03: double
CLS01.3-INV02-SB05.CorrenteCC_04: double
CLS01.3-INV02-SB05.CorrenteCC_05: double
CLS01.3-INV02-SB05.CorrenteCC_06: double
CLS01.3-INV02-SB05.CorrenteCC_07: double
CLS01.3-INV02-SB05.CorrenteCC_08: double
CLS01.3-INV02-SB05.CorrenteCC_09: double
CLS01.3-INV02-SB05.CorrenteCC_10: double
CLS01.3-INV02-SB05.CorrenteCC_11: double
CLS01.3-INV02-SB05.CorrenteCC_12: double
CLS01.3-INV02-SB05.CorrenteCC_13: double
CLS01.3-INV02-SB05.CorrenteCC_14: double
CLS01.3-INV02-SB05.CorrenteCC_15: double
CLS01.3-INV02-SB05.CorrenteCC_16: double
CLS01.3-INV02-SB05.TensaoCC: double
CLS01.3-INV02-SB05-TR017.PosAngAlvo: double
CLS01.3-INV02-SB05-TR017.PosAngAtual: double
CLS01.3-INV02-SB05-TR018.PosAngAlvo: double
CLS01.3-INV02-SB05-TR018.PosAngAtual: double
CLS01.3-INV02-SB05-TR019.PosAngAlvo: double
CLS01.3-INV02-SB05-TR019.PosAngAtual: double
CLS01.3-INV02-SB05-TR020.PosAngAlvo: double
CLS01.3-INV02-SB05-TR020.PosAngAtual: double
CLS01.3-INV02-SB06.CorrenteCC_01: double
CLS01.3-INV02-SB06.CorrenteCC_02: double
CLS01.3-INV02-SB06.CorrenteCC_03: double
CLS01.3-INV02-SB06.CorrenteCC_04: double
CLS01.3-INV02-SB06.CorrenteCC_05: double
CLS01.3-INV02-SB06.CorrenteCC_06: double
CLS01.3-INV02-SB06.CorrenteCC_07: double
CLS01.3-INV02-SB06.CorrenteCC_08: double
CLS01.3-INV02-SB06.CorrenteCC_09: double
CLS01.3-INV02-SB06.CorrenteCC_10: double
CLS01.3-INV02-SB06.CorrenteCC_11: double
CLS01.3-INV02-SB06.CorrenteCC_12: double
CLS01.3-INV02-SB06.CorrenteCC_13: double
CLS01.3-INV02-SB06.CorrenteCC_14: double
CLS01.3-INV02-SB06.CorrenteCC_15: double
CLS01.3-INV02-SB06.CorrenteCC_16: double
CLS01.3-INV02-SB06.TensaoCC: double
CLS01.3-INV02-SB06-TR021.PosAngAlvo: double
CLS01.3-INV02-SB06-TR021.PosAngAtual: double
CLS01.3-INV02-SB06-TR022.PosAngAlvo: double
CLS01.3-INV02-SB06-TR022.PosAngAtual: double
CLS01.3-INV02-SB06-TR023.PosAngAlvo: double
CLS01.3-INV02-SB06-TR023.PosAngAtual: double
CLS01.3-INV02-SB06-TR024.PosAngAlvo: double
CLS01.3-INV02-SB06-TR024.PosAngAtual: double
CLS01.3-INV02-SB07.CorrenteCC_01: double
CLS01.3-INV02-SB07.CorrenteCC_02: double
CLS01.3-INV02-SB07.CorrenteCC_03: double
CLS01.3-INV02-SB07.CorrenteCC_04: double
CLS01.3-INV02-SB07.CorrenteCC_05: double
CLS01.3-INV02-SB07.CorrenteCC_06: double
CLS01.3-INV02-SB07.CorrenteCC_07: double
CLS01.3-INV02-SB07.CorrenteCC_08: double
CLS01.3-INV02-SB07.CorrenteCC_09: double
CLS01.3-INV02-SB07.CorrenteCC_10: double
CLS01.3-INV02-SB07.CorrenteCC_11: double
CLS01.3-INV02-SB07.CorrenteCC_12: double
CLS01.3-INV02-SB07.CorrenteCC_13: double
CLS01.3-INV02-SB07.CorrenteCC_14: double
CLS01.3-INV02-SB07.CorrenteCC_15: double
CLS01.3-INV02-SB07.CorrenteCC_16: double
CLS01.3-INV02-SB07.TensaoCC: double
CLS01.3-INV02-SB07-TR025.PosAngAlvo: double
CLS01.3-INV02-SB07-TR025.PosAngAtual: double
CLS01.3-INV02-SB07-TR026.PosAngAlvo: double
CLS01.3-INV02-SB07-TR026.PosAngAtual: double
CLS01.3-INV02-SB07-TR027.PosAngAlvo: double
CLS01.3-INV02-SB07-TR027.PosAngAtual: double
CLS01.3-INV02-SB07-TR028.PosAngAlvo: double
CLS01.3-INV02-SB07-TR028.PosAngAtual: double
CLS01.3-INV02-SB08.CorrenteCC_01: double
CLS01.3-INV02-SB08.CorrenteCC_02: double
CLS01.3-INV02-SB08.CorrenteCC_03: double
CLS01.3-INV02-SB08.CorrenteCC_04: double
CLS01.3-INV02-SB08.CorrenteCC_05: double
CLS01.3-INV02-SB08.CorrenteCC_06: double
CLS01.3-INV02-SB08.CorrenteCC_07: double
CLS01.3-INV02-SB08.CorrenteCC_08: double
CLS01.3-INV02-SB08.CorrenteCC_09: double
CLS01.3-INV02-SB08.CorrenteCC_10: double
CLS01.3-INV02-SB08.CorrenteCC_11: double
CLS01.3-INV02-SB08.CorrenteCC_12: double
CLS01.3-INV02-SB08.CorrenteCC_13: double
CLS01.3-INV02-SB08.CorrenteCC_14: double
CLS01.3-INV02-SB08.CorrenteCC_15: double
CLS01.3-INV02-SB08.CorrenteCC_16: double
CLS01.3-INV02-SB08.TensaoCC: double
CLS01.3-INV02-SB08-TR029.PosAngAlvo: double
CLS01.3-INV02-SB08-TR029.PosAngAtual: double
CLS01.3-INV02-SB08-TR030.PosAngAlvo: double
CLS01.3-INV02-SB08-TR030.PosAngAtual: double
CLS01.3-INV02-SB08-TR031.PosAngAlvo: double
CLS01.3-INV02-SB08-TR031.PosAngAtual: double
CLS01.3-INV02-SB08-TR032.PosAngAlvo: double
CLS01.3-INV02-SB08-TR032.PosAngAtual: double
CLS01.3-INV03.CorA: double
CLS01.3-INV03.CorB: double
CLS01.3-INV03.CorC: double
CLS01.3-INV03.CorrenteCC: double
CLS01.3-INV03.PotAt: double
CLS01.3-INV03.TenAB: double
CLS01.3-INV03.TenBC: double
CLS01.3-INV03.TenCA: double
CLS01.3-INV03.TensaoCC: double
CLS01.3-INV03-SB01.CorrenteCC_01: double
CLS01.3-INV03-SB01.CorrenteCC_02: double
CLS01.3-INV03-SB01.CorrenteCC_03: double
CLS01.3-INV03-SB01.CorrenteCC_04: double
CLS01.3-INV03-SB01.CorrenteCC_05: double
CLS01.3-INV03-SB01.CorrenteCC_06: double
CLS01.3-INV03-SB01.CorrenteCC_07: double
CLS01.3-INV03-SB01.CorrenteCC_08: double
CLS01.3-INV03-SB01.CorrenteCC_09: double
CLS01.3-INV03-SB01.CorrenteCC_10: double
CLS01.3-INV03-SB01.CorrenteCC_11: double
CLS01.3-INV03-SB01.CorrenteCC_12: double
CLS01.3-INV03-SB01.CorrenteCC_13: double
CLS01.3-INV03-SB01.CorrenteCC_14: double
CLS01.3-INV03-SB01.CorrenteCC_15: double
CLS01.3-INV03-SB01.CorrenteCC_16: double
CLS01.3-INV03-SB01.TensaoCC: double
CLS01.3-INV03-SB01-TR001.PosAngAlvo: double
CLS01.3-INV03-SB01-TR001.PosAngAtual: double
CLS01.3-INV03-SB01-TR002.PosAngAlvo: double
CLS01.3-INV03-SB01-TR002.PosAngAtual: double
CLS01.3-INV03-SB01-TR003.PosAngAlvo: double
CLS01.3-INV03-SB01-TR003.PosAngAtual: double
CLS01.3-INV03-SB01-TR004.PosAngAlvo: double
CLS01.3-INV03-SB01-TR004.PosAngAtual: double
CLS01.3-INV03-SB02.CorrenteCC_01: double
CLS01.3-INV03-SB02.CorrenteCC_02: double
CLS01.3-INV03-SB02.CorrenteCC_03: double
CLS01.3-INV03-SB02.CorrenteCC_04: double
CLS01.3-INV03-SB02.CorrenteCC_05: double
CLS01.3-INV03-SB02.CorrenteCC_06: double
CLS01.3-INV03-SB02.CorrenteCC_07: double
CLS01.3-INV03-SB02.CorrenteCC_08: double
CLS01.3-INV03-SB02.CorrenteCC_09: double
CLS01.3-INV03-SB02.CorrenteCC_10: double
CLS01.3-INV03-SB02.CorrenteCC_11: double
CLS01.3-INV03-SB02.CorrenteCC_12: double
CLS01.3-INV03-SB02.CorrenteCC_13: double
CLS01.3-INV03-SB02.CorrenteCC_14: double
CLS01.3-INV03-SB02.CorrenteCC_15: double
CLS01.3-INV03-SB02.CorrenteCC_16: double
CLS01.3-INV03-SB02.TensaoCC: double
CLS01.3-INV03-SB02-TR005.PosAngAlvo: double
CLS01.3-INV03-SB02-TR005.PosAngAtual: double
CLS01.3-INV03-SB02-TR006.PosAngAlvo: double
CLS01.3-INV03-SB02-TR006.PosAngAtual: double
CLS01.3-INV03-SB02-TR007.PosAngAlvo: double
CLS01.3-INV03-SB02-TR007.PosAngAtual: double
CLS01.3-INV03-SB02-TR008.PosAngAlvo: double
CLS01.3-INV03-SB02-TR008.PosAngAtual: double
CLS01.3-INV03-SB03.CorrenteCC_01: double
CLS01.3-INV03-SB03.CorrenteCC_02: double
CLS01.3-INV03-SB03.CorrenteCC_03: double
CLS01.3-INV03-SB03.CorrenteCC_04: double
CLS01.3-INV03-SB03.CorrenteCC_05: double
CLS01.3-INV03-SB03.CorrenteCC_06: double
CLS01.3-INV03-SB03.CorrenteCC_07: double
CLS01.3-INV03-SB03.CorrenteCC_08: double
CLS01.3-INV03-SB03.CorrenteCC_09: double
CLS01.3-INV03-SB03.CorrenteCC_10: double
CLS01.3-INV03-SB03.CorrenteCC_11: double
CLS01.3-INV03-SB03.CorrenteCC_12: double
CLS01.3-INV03-SB03.CorrenteCC_13: double
CLS01.3-INV03-SB03.CorrenteCC_14: double
CLS01.3-INV03-SB03.CorrenteCC_15: double
CLS01.3-INV03-SB03.CorrenteCC_16: double
CLS01.3-INV03-SB03.TensaoCC: double
CLS01.3-INV03-SB03-TR009.PosAngAlvo: double
CLS01.3-INV03-SB03-TR009.PosAngAtual: double
CLS01.3-INV03-SB03-TR010.PosAngAlvo: double
CLS01.3-INV03-SB03-TR010.PosAngAtual: double
CLS01.3-INV03-SB03-TR011.PosAngAlvo: double
CLS01.3-INV03-SB03-TR011.PosAngAtual: double
CLS01.3-INV03-SB03-TR012.PosAngAlvo: double
CLS01.3-INV03-SB03-TR012.PosAngAtual: double
CLS01.3-INV03-SB04.CorrenteCC_01: double
CLS01.3-INV03-SB04.CorrenteCC_02: double
CLS01.3-INV03-SB04.CorrenteCC_03: double
CLS01.3-INV03-SB04.CorrenteCC_04: double
CLS01.3-INV03-SB04.CorrenteCC_05: double
CLS01.3-INV03-SB04.CorrenteCC_06: double
CLS01.3-INV03-SB04.CorrenteCC_07: double
CLS01.3-INV03-SB04.CorrenteCC_08: double
CLS01.3-INV03-SB04.CorrenteCC_09: double
CLS01.3-INV03-SB04.CorrenteCC_10: double
CLS01.3-INV03-SB04.CorrenteCC_11: double
CLS01.3-INV03-SB04.CorrenteCC_12: double
CLS01.3-INV03-SB04.CorrenteCC_13: double
CLS01.3-INV03-SB04.CorrenteCC_14: double
CLS01.3-INV03-SB04.CorrenteCC_15: double
CLS01.3-INV03-SB04.CorrenteCC_16: double
CLS01.3-INV03-SB04.TensaoCC: double
CLS01.3-INV03-SB04-TR013.PosAngAlvo: double
CLS01.3-INV03-SB04-TR013.PosAngAtual: double
CLS01.3-INV03-SB04-TR014.PosAngAlvo: double
CLS01.3-INV03-SB04-TR014.PosAngAtual: double
CLS01.3-INV03-SB04-TR015.PosAngAlvo: double
CLS01.3-INV03-SB04-TR015.PosAngAtual: double
CLS01.3-INV03-SB04-TR016.PosAngAlvo: double
CLS01.3-INV03-SB04-TR016.PosAngAtual: double
CLS01.3-INV04.CorA: double
CLS01.3-INV04.CorB: double
CLS01.3-INV04.CorC: double
CLS01.3-INV04.CorrenteCC: double
CLS01.3-INV04.PotAt: double
CLS01.3-INV04.TenAB: double
CLS01.3-INV04.TenBC: double
CLS01.3-INV04.TenCA: double
CLS01.3-INV04.TensaoCC: double
CLS01.3-INV04-SB09.CorrenteCC_01: double
CLS01.3-INV04-SB09.CorrenteCC_02: double
CLS01.3-INV04-SB09.CorrenteCC_03: double
CLS01.3-INV04-SB09.CorrenteCC_04: double
CLS01.3-INV04-SB09.CorrenteCC_05: double
CLS01.3-INV04-SB09.CorrenteCC_06: double
CLS01.3-INV04-SB09.CorrenteCC_07: double
CLS01.3-INV04-SB09.CorrenteCC_08: double
CLS01.3-INV04-SB09.CorrenteCC_09: double
CLS01.3-INV04-SB09.CorrenteCC_10: double
CLS01.3-INV04-SB09.CorrenteCC_11: double
CLS01.3-INV04-SB09.CorrenteCC_12: double
CLS01.3-INV04-SB09.CorrenteCC_13: double
CLS01.3-INV04-SB09.CorrenteCC_14: double
CLS01.3-INV04-SB09.CorrenteCC_15: double
CLS01.3-INV04-SB09.CorrenteCC_16: double
CLS01.3-INV04-SB09.TensaoCC: double
CLS01.3-INV04-SB09-TR033.PosAngAlvo: double
CLS01.3-INV04-SB09-TR033.PosAngAtual: double
CLS01.3-INV04-SB09-TR034.PosAngAlvo: double
CLS01.3-INV04-SB09-TR034.PosAngAtual: double
CLS01.3-INV04-SB09-TR035.PosAngAlvo: double
CLS01.3-INV04-SB09-TR035.PosAngAtual: double
CLS01.3-INV04-SB09-TR036.PosAngAlvo: double
CLS01.3-INV04-SB09-TR036.PosAngAtual: double
CLS01.3-INV04-SB10.CorrenteCC_01: double
CLS01.3-INV04-SB10.CorrenteCC_02: double
CLS01.3-INV04-SB10.CorrenteCC_03: double
CLS01.3-INV04-SB10.CorrenteCC_04: double
CLS01.3-INV04-SB10.CorrenteCC_05: double
CLS01.3-INV04-SB10.CorrenteCC_06: double
CLS01.3-INV04-SB10.CorrenteCC_07: double
CLS01.3-INV04-SB10.CorrenteCC_08: double
CLS01.3-INV04-SB10.CorrenteCC_09: double
CLS01.3-INV04-SB10.CorrenteCC_10: double
CLS01.3-INV04-SB10.CorrenteCC_11: double
CLS01.3-INV04-SB10.CorrenteCC_12: double
CLS01.3-INV04-SB10.CorrenteCC_13: double
CLS01.3-INV04-SB10.CorrenteCC_14: double
CLS01.3-INV04-SB10.CorrenteCC_15: double
CLS01.3-INV04-SB10.CorrenteCC_16: double
CLS01.3-INV04-SB10.TensaoCC: double
CLS01.3-INV04-SB10-TR037.PosAngAlvo: double
CLS01.3-INV04-SB10-TR037.PosAngAtual: double
CLS01.3-INV04-SB10-TR038.PosAngAlvo: double
CLS01.3-INV04-SB10-TR038.PosAngAtual: double
CLS01.3-INV04-SB10-TR039.PosAngAlvo: double
CLS01.3-INV04-SB10-TR039.PosAngAtual: double
CLS01.3-INV04-SB10-TR040.PosAngAlvo: double
CLS01.3-INV04-SB10-TR040.PosAngAtual: double
CLS01.3-INV04-SB11.CorrenteCC_01: double
CLS01.3-INV04-SB11.CorrenteCC_02: double
CLS01.3-INV04-SB11.CorrenteCC_03: double
CLS01.3-INV04-SB11.CorrenteCC_04: double
CLS01.3-INV04-SB11.CorrenteCC_05: double
CLS01.3-INV04-SB11.CorrenteCC_06: double
CLS01.3-INV04-SB11.CorrenteCC_07: double
CLS01.3-INV04-SB11.CorrenteCC_08: double
CLS01.3-INV04-SB11.CorrenteCC_09: double
CLS01.3-INV04-SB11.CorrenteCC_10: double
CLS01.3-INV04-SB11.CorrenteCC_11: double
CLS01.3-INV04-SB11.CorrenteCC_12: double
CLS01.3-INV04-SB11.CorrenteCC_13: double
CLS01.3-INV04-SB11.CorrenteCC_14: double
CLS01.3-INV04-SB11.CorrenteCC_15: double
CLS01.3-INV04-SB11.CorrenteCC_16: double
CLS01.3-INV04-SB11.TensaoCC: double
CLS01.3-INV04-SB11-TR041.PosAngAlvo: double
CLS01.3-INV04-SB11-TR041.PosAngAtual: double
CLS01.3-INV04-SB11-TR042.PosAngAlvo: double
CLS01.3-INV04-SB11-TR042.PosAngAtual: double
CLS01.3-INV04-SB11-TR043.PosAngAlvo: double
CLS01.3-INV04-SB11-TR043.PosAngAtual: double
CLS01.3-INV04-SB11-TR044.PosAngAlvo: double
CLS01.3-INV04-SB11-TR044.PosAngAtual: double
CLS01.3-INV04-SB12.CorrenteCC_01: double
CLS01.3-INV04-SB12.CorrenteCC_02: double
CLS01.3-INV04-SB12.CorrenteCC_03: double
CLS01.3-INV04-SB12.CorrenteCC_04: double
CLS01.3-INV04-SB12.CorrenteCC_05: double
CLS01.3-INV04-SB12.CorrenteCC_06: double
CLS01.3-INV04-SB12.CorrenteCC_07: double
CLS01.3-INV04-SB12.CorrenteCC_08: double
CLS01.3-INV04-SB12.CorrenteCC_09: double
CLS01.3-INV04-SB12.CorrenteCC_10: double
CLS01.3-INV04-SB12.CorrenteCC_11: double
CLS01.3-INV04-SB12.CorrenteCC_12: double
CLS01.3-INV04-SB12.CorrenteCC_13: double
CLS01.3-INV04-SB12.CorrenteCC_14: double
CLS01.3-INV04-SB12.CorrenteCC_15: double
CLS01.3-INV04-SB12.CorrenteCC_16: double
CLS01.3-INV04-SB12.TensaoCC: double
CLS01.3-INV04-SB12-TR045.PosAngAlvo: double
CLS01.3-INV04-SB12-TR045.PosAngAtual: double
CLS01.3-INV04-SB12-TR046.PosAngAlvo: double
CLS01.3-INV04-SB12-TR046.PosAngAtual: double
CLS01.3-INV04-SB12-TR047.PosAngAlvo: double
CLS01.3-INV04-SB12-TR047.PosAngAtual: double
CLS01.3-INV04-SB12-TR048.PosAngAlvo: double
CLS01.3-INV04-SB12-TR048.PosAngAtual: double
CLS01.3-INV05.CorA: double
CLS01.3-INV05.CorB: double
CLS01.3-INV05.CorC: double
CLS01.3-INV05.CorrenteCC: double
CLS01.3-INV05.PotAt: double
CLS01.3-INV05.TenAB: double
CLS01.3-INV05.TenBC: double
CLS01.3-INV05.TenCA: double
CLS01.3-INV05.TensaoCC: double
CLS01.3-INV05-SB17.CorrenteCC_01: double
CLS01.3-INV05-SB17.CorrenteCC_02: double
CLS01.3-INV05-SB17.CorrenteCC_03: double
CLS01.3-INV05-SB17.CorrenteCC_04: double
CLS01.3-INV05-SB17.CorrenteCC_05: double
CLS01.3-INV05-SB17.CorrenteCC_06: double
CLS01.3-INV05-SB17.CorrenteCC_07: double
CLS01.3-INV05-SB17.CorrenteCC_08: double
CLS01.3-INV05-SB17.CorrenteCC_09: double
CLS01.3-INV05-SB17.CorrenteCC_10: double
CLS01.3-INV05-SB17.CorrenteCC_11: double
CLS01.3-INV05-SB17.CorrenteCC_12: double
CLS01.3-INV05-SB17.CorrenteCC_13: double
CLS01.3-INV05-SB17.CorrenteCC_14: double
CLS01.3-INV05-SB17.CorrenteCC_15: double
CLS01.3-INV05-SB17.CorrenteCC_16: double
CLS01.3-INV05-SB17.TensaoCC: double
CLS01.3-INV05-SB17-TR065.PosAngAlvo: double
CLS01.3-INV05-SB17-TR065.PosAngAtual: double
CLS01.3-INV05-SB17-TR066.PosAngAlvo: double
CLS01.3-INV05-SB17-TR066.PosAngAtual: double
CLS01.3-INV05-SB17-TR067.PosAngAlvo: double
CLS01.3-INV05-SB17-TR067.PosAngAtual: double
CLS01.3-INV05-SB17-TR068.PosAngAlvo: double
CLS01.3-INV05-SB17-TR068.PosAngAtual: double
CLS01.3-INV05-SB18.CorrenteCC_01: double
CLS01.3-INV05-SB18.CorrenteCC_02: double
CLS01.3-INV05-SB18.CorrenteCC_03: double
CLS01.3-INV05-SB18.CorrenteCC_04: double
CLS01.3-INV05-SB18.CorrenteCC_05: double
CLS01.3-INV05-SB18.CorrenteCC_06: double
CLS01.3-INV05-SB18.CorrenteCC_07: double
CLS01.3-INV05-SB18.CorrenteCC_08: double
CLS01.3-INV05-SB18.CorrenteCC_09: double
CLS01.3-INV05-SB18.CorrenteCC_10: double
CLS01.3-INV05-SB18.CorrenteCC_11: double
CLS01.3-INV05-SB18.CorrenteCC_12: double
CLS01.3-INV05-SB18.CorrenteCC_13: double
CLS01.3-INV05-SB18.CorrenteCC_14: double
CLS01.3-INV05-SB18.CorrenteCC_15: double
CLS01.3-INV05-SB18.CorrenteCC_16: double
CLS01.3-INV05-SB18.TensaoCC: double
CLS01.3-INV05-SB18-TR069.PosAngAlvo: double
CLS01.3-INV05-SB18-TR069.PosAngAtual: double
CLS01.3-INV05-SB18-TR070.PosAngAlvo: double
CLS01.3-INV05-SB18-TR070.PosAngAtual: double
CLS01.3-INV05-SB18-TR071.PosAngAlvo: double
CLS01.3-INV05-SB18-TR071.PosAngAtual: double
CLS01.3-INV05-SB18-TR072.PosAngAlvo: double
CLS01.3-INV05-SB18-TR072.PosAngAtual: double
CLS01.3-INV05-SB19.CorrenteCC_01: double
CLS01.3-INV05-SB19.CorrenteCC_02: double
CLS01.3-INV05-SB19.CorrenteCC_03: double
CLS01.3-INV05-SB19.CorrenteCC_04: double
CLS01.3-INV05-SB19.CorrenteCC_05: double
CLS01.3-INV05-SB19.CorrenteCC_06: double
CLS01.3-INV05-SB19.CorrenteCC_07: double
CLS01.3-INV05-SB19.CorrenteCC_08: double
CLS01.3-INV05-SB19.CorrenteCC_09: double
CLS01.3-INV05-SB19.CorrenteCC_10: double
CLS01.3-INV05-SB19.CorrenteCC_11: double
CLS01.3-INV05-SB19.CorrenteCC_12: double
CLS01.3-INV05-SB19.CorrenteCC_13: double
CLS01.3-INV05-SB19.CorrenteCC_14: double
CLS01.3-INV05-SB19.CorrenteCC_15: double
CLS01.3-INV05-SB19.CorrenteCC_16: double
CLS01.3-INV05-SB19.TensaoCC: double
CLS01.3-INV05-SB19-TR073.PosAngAlvo: double
CLS01.3-INV05-SB19-TR073.PosAngAtual: double
CLS01.3-INV05-SB19-TR074.PosAngAlvo: double
CLS01.3-INV05-SB19-TR074.PosAngAtual: double
CLS01.3-INV05-SB19-TR075.PosAngAlvo: double
CLS01.3-INV05-SB19-TR075.PosAngAtual: double
CLS01.3-INV05-SB19-TR076.PosAngAlvo: double
CLS01.3-INV05-SB19-TR076.PosAngAtual: double
CLS01.3-INV05-SB20.CorrenteCC_01: double
CLS01.3-INV05-SB20.CorrenteCC_02: double
CLS01.3-INV05-SB20.CorrenteCC_03: double
CLS01.3-INV05-SB20.CorrenteCC_04: double
CLS01.3-INV05-SB20.CorrenteCC_05: double
CLS01.3-INV05-SB20.CorrenteCC_06: double
CLS01.3-INV05-SB20.CorrenteCC_07: double
CLS01.3-INV05-SB20.CorrenteCC_08: double
CLS01.3-INV05-SB20.CorrenteCC_09: double
CLS01.3-INV05-SB20.CorrenteCC_10: double
CLS01.3-INV05-SB20.CorrenteCC_11: double
CLS01.3-INV05-SB20.CorrenteCC_12: double
CLS01.3-INV05-SB20.CorrenteCC_13: double
CLS01.3-INV05-SB20.CorrenteCC_14: double
CLS01.3-INV05-SB20.CorrenteCC_15: double
CLS01.3-INV05-SB20.CorrenteCC_16: double
CLS01.3-INV05-SB20.TensaoCC: double
CLS01.3-INV05-SB20-TR077.PosAngAlvo: double
CLS01.3-INV05-SB20-TR077.PosAngAtual: double
CLS01.3-INV05-SB20-TR078.PosAngAlvo: double
CLS01.3-INV05-SB20-TR078.PosAngAtual: double
CLS01.3-INV05-SB20-TR079.PosAngAlvo: double
CLS01.3-INV05-SB20-TR079.PosAngAtual: double
CLS01.3-INV05-SB20-TR080.PosAngAlvo: double
CLS01.3-INV05-SB20-TR080.PosAngAtual: double
CLS01.3-INV06.CorA: double
CLS01.3-INV06.CorB: double
CLS01.3-INV06.CorC: double
CLS01.3-INV06.CorrenteCC: double
CLS01.3-INV06.PotAt: double
CLS01.3-INV06.TenAB: double
CLS01.3-INV06.TenBC: double
CLS01.3-INV06.TenCA: double
CLS01.3-INV06.TensaoCC: double
CLS01.3-INV06-SB25.CorrenteCC_01: double
CLS01.3-INV06-SB25.CorrenteCC_02: double
CLS01.3-INV06-SB25.CorrenteCC_03: double
CLS01.3-INV06-SB25.CorrenteCC_04: double
CLS01.3-INV06-SB25.CorrenteCC_05: double
CLS01.3-INV06-SB25.CorrenteCC_06: double
CLS01.3-INV06-SB25.CorrenteCC_07: double
CLS01.3-INV06-SB25.CorrenteCC_08: double
CLS01.3-INV06-SB25.CorrenteCC_09: double
CLS01.3-INV06-SB25.CorrenteCC_10: double
CLS01.3-INV06-SB25.CorrenteCC_11: double
CLS01.3-INV06-SB25.CorrenteCC_12: double
CLS01.3-INV06-SB25.CorrenteCC_13: double
CLS01.3-INV06-SB25.CorrenteCC_14: double
CLS01.3-INV06-SB25.CorrenteCC_15: double
CLS01.3-INV06-SB25.CorrenteCC_16: double
CLS01.3-INV06-SB25.TensaoCC: double
CLS01.3-INV06-SB25-TR097.PosAngAlvo: double
CLS01.3-INV06-SB25-TR097.PosAngAtual: double
CLS01.3-INV06-SB25-TR098.PosAngAlvo: double
CLS01.3-INV06-SB25-TR098.PosAngAtual: double
CLS01.3-INV06-SB25-TR099.PosAngAlvo: double
CLS01.3-INV06-SB25-TR099.PosAngAtual: double
CLS01.3-INV06-SB25-TR100.PosAngAlvo: double
CLS01.3-INV06-SB25-TR100.PosAngAtual: double
CLS01.3-INV06-SB26.CorrenteCC_01: double
CLS01.3-INV06-SB26.CorrenteCC_02: double
CLS01.3-INV06-SB26.CorrenteCC_03: double
CLS01.3-INV06-SB26.CorrenteCC_04: double
CLS01.3-INV06-SB26.CorrenteCC_05: double
CLS01.3-INV06-SB26.CorrenteCC_06: double
CLS01.3-INV06-SB26.CorrenteCC_07: double
CLS01.3-INV06-SB26.CorrenteCC_08: double
CLS01.3-INV06-SB26.CorrenteCC_09: double
CLS01.3-INV06-SB26.CorrenteCC_10: double
CLS01.3-INV06-SB26.CorrenteCC_11: double
CLS01.3-INV06-SB26.CorrenteCC_12: double
CLS01.3-INV06-SB26.CorrenteCC_13: double
CLS01.3-INV06-SB26.CorrenteCC_14: double
CLS01.3-INV06-SB26.CorrenteCC_15: double
CLS01.3-INV06-SB26.CorrenteCC_16: double
CLS01.3-INV06-SB26.TensaoCC: double
CLS01.3-INV06-SB26-TR101.PosAngAlvo: double
CLS01.3-INV06-SB26-TR101.PosAngAtual: double
CLS01.3-INV06-SB26-TR102.PosAngAlvo: double
CLS01.3-INV06-SB26-TR102.PosAngAtual: double
CLS01.3-INV06-SB26-TR103.PosAngAlvo: double
CLS01.3-INV06-SB26-TR103.PosAngAtual: double
CLS01.3-INV06-SB26-TR104.PosAngAlvo: double
CLS01.3-INV06-SB26-TR104.PosAngAtual: double
CLS01.3-INV06-SB27.CorrenteCC_01: double
CLS01.3-INV06-SB27.CorrenteCC_02: double
CLS01.3-INV06-SB27.CorrenteCC_03: double
CLS01.3-INV06-SB27.CorrenteCC_04: double
CLS01.3-INV06-SB27.CorrenteCC_05: double
CLS01.3-INV06-SB27.CorrenteCC_06: double
CLS01.3-INV06-SB27.CorrenteCC_07: double
CLS01.3-INV06-SB27.CorrenteCC_08: double
CLS01.3-INV06-SB27.CorrenteCC_09: double
CLS01.3-INV06-SB27.CorrenteCC_10: double
CLS01.3-INV06-SB27.CorrenteCC_11: double
CLS01.3-INV06-SB27.CorrenteCC_12: double
CLS01.3-INV06-SB27.CorrenteCC_13: double
CLS01.3-INV06-SB27.CorrenteCC_14: double
CLS01.3-INV06-SB27.CorrenteCC_15: double
CLS01.3-INV06-SB27.CorrenteCC_16: double
CLS01.3-INV06-SB27.TensaoCC: double
CLS01.3-INV06-SB27-TR105.PosAngAlvo: double
CLS01.3-INV06-SB27-TR105.PosAngAtual: double
CLS01.3-INV06-SB27-TR106.PosAngAlvo: double
CLS01.3-INV06-SB27-TR106.PosAngAtual: double
CLS01.3-INV06-SB27-TR107.PosAngAlvo: double
CLS01.3-INV06-SB27-TR107.PosAngAtual: double
CLS01.3-INV06-SB27-TR108.PosAngAlvo: double
CLS01.3-INV06-SB27-TR108.PosAngAtual: double
CLS01.3-INV06-SB28.CorrenteCC_01: double
CLS01.3-INV06-SB28.CorrenteCC_02: double
CLS01.3-INV06-SB28.CorrenteCC_03: double
CLS01.3-INV06-SB28.CorrenteCC_04: double
CLS01.3-INV06-SB28.CorrenteCC_05: double
CLS01.3-INV06-SB28.CorrenteCC_06: double
CLS01.3-INV06-SB28.CorrenteCC_07: double
CLS01.3-INV06-SB28.CorrenteCC_08: double
CLS01.3-INV06-SB28.CorrenteCC_09: double
CLS01.3-INV06-SB28.CorrenteCC_10: double
CLS01.3-INV06-SB28.CorrenteCC_11: double
CLS01.3-INV06-SB28.CorrenteCC_12: double
CLS01.3-INV06-SB28.CorrenteCC_13: double
CLS01.3-INV06-SB28.CorrenteCC_14: double
CLS01.3-INV06-SB28.CorrenteCC_15: double
CLS01.3-INV06-SB28.CorrenteCC_16: double
CLS01.3-INV06-SB28.TensaoCC: double
CLS01.3-INV06-SB28-TR109.PosAngAlvo: double
CLS01.3-INV06-SB28-TR109.PosAngAtual: double
CLS01.3-INV06-SB28-TR110.PosAngAlvo: double
CLS01.3-INV06-SB28-TR110.PosAngAtual: double
CLS01.3-INV06-SB28-TR111.PosAngAlvo: double
CLS01.3-INV06-SB28-TR111.PosAngAtual: double
CLS01.3-INV06-SB28-TR112.PosAngAlvo: double
CLS01.3-INV06-SB28-TR112.PosAngAtual: double
CLS01.3-INV07.CorA: double
CLS01.3-INV07.CorB: double
CLS01.3-INV07.CorC: double
CLS01.3-INV07.CorrenteCC: double
CLS01.3-INV07.PotAt: double
CLS01.3-INV07.TenAB: double
CLS01.3-INV07.TenBC: double
CLS01.3-INV07.TenCA: double
CLS01.3-INV07.TensaoCC: double
CLS01.3-INV07-SB29.CorrenteCC_01: double
CLS01.3-INV07-SB29.CorrenteCC_02: double
CLS01.3-INV07-SB29.CorrenteCC_03: double
CLS01.3-INV07-SB29.CorrenteCC_04: double
CLS01.3-INV07-SB29.CorrenteCC_05: double
CLS01.3-INV07-SB29.CorrenteCC_06: double
CLS01.3-INV07-SB29.CorrenteCC_07: double
CLS01.3-INV07-SB29.CorrenteCC_08: double
CLS01.3-INV07-SB29.CorrenteCC_09: double
CLS01.3-INV07-SB29.CorrenteCC_10: double
CLS01.3-INV07-SB29.CorrenteCC_11: double
CLS01.3-INV07-SB29.CorrenteCC_12: double
CLS01.3-INV07-SB29.CorrenteCC_13: double
CLS01.3-INV07-SB29.CorrenteCC_14: double
CLS01.3-INV07-SB29.CorrenteCC_15: double
CLS01.3-INV07-SB29.CorrenteCC_16: double
CLS01.3-INV07-SB29.TensaoCC: double
CLS01.3-INV07-SB29-TR113.PosAngAlvo: double
CLS01.3-INV07-SB29-TR113.PosAngAtual: double
CLS01.3-INV07-SB29-TR114.PosAngAlvo: double
CLS01.3-INV07-SB29-TR114.PosAngAtual: double
CLS01.3-INV07-SB29-TR115.PosAngAlvo: double
CLS01.3-INV07-SB29-TR115.PosAngAtual: double
CLS01.3-INV07-SB29-TR116.PosAngAlvo: double
CLS01.3-INV07-SB29-TR116.PosAngAtual: double
CLS01.3-INV07-SB30.CorrenteCC_01: double
CLS01.3-INV07-SB30.CorrenteCC_02: double
CLS01.3-INV07-SB30.CorrenteCC_03: double
CLS01.3-INV07-SB30.CorrenteCC_04: double
CLS01.3-INV07-SB30.CorrenteCC_05: double
CLS01.3-INV07-SB30.CorrenteCC_06: double
CLS01.3-INV07-SB30.CorrenteCC_07: double
CLS01.3-INV07-SB30.CorrenteCC_08: double
CLS01.3-INV07-SB30.CorrenteCC_09: double
CLS01.3-INV07-SB30.CorrenteCC_10: double
CLS01.3-INV07-SB30.CorrenteCC_11: double
CLS01.3-INV07-SB30.CorrenteCC_12: double
CLS01.3-INV07-SB30.CorrenteCC_13: double
CLS01.3-INV07-SB30.CorrenteCC_14: double
CLS01.3-INV07-SB30.CorrenteCC_15: double
CLS01.3-INV07-SB30.CorrenteCC_16: double
CLS01.3-INV07-SB30.TensaoCC: double
CLS01.3-INV07-SB30-TR117.PosAngAlvo: double
CLS01.3-INV07-SB30-TR117.PosAngAtual: double
CLS01.3-INV07-SB30-TR118.PosAngAlvo: double
CLS01.3-INV07-SB30-TR118.PosAngAtual: double
CLS01.3-INV07-SB30-TR119.PosAngAlvo: double
CLS01.3-INV07-SB30-TR119.PosAngAtual: double
CLS01.3-INV07-SB30-TR120.PosAngAlvo: double
CLS01.3-INV07-SB30-TR120.PosAngAtual: double
CLS01.3-INV07-SB31.CorrenteCC_01: double
CLS01.3-INV07-SB31.CorrenteCC_02: double
CLS01.3-INV07-SB31.CorrenteCC_03: double
CLS01.3-INV07-SB31.CorrenteCC_04: double
CLS01.3-INV07-SB31.CorrenteCC_05: double
CLS01.3-INV07-SB31.CorrenteCC_06: double
CLS01.3-INV07-SB31.CorrenteCC_07: double
CLS01.3-INV07-SB31.CorrenteCC_08: double
CLS01.3-INV07-SB31.CorrenteCC_09: double
CLS01.3-INV07-SB31.CorrenteCC_10: double
CLS01.3-INV07-SB31.CorrenteCC_11: double
CLS01.3-INV07-SB31.CorrenteCC_12: double
CLS01.3-INV07-SB31.CorrenteCC_13: double
CLS01.3-INV07-SB31.CorrenteCC_14: double
CLS01.3-INV07-SB31.CorrenteCC_15: double
CLS01.3-INV07-SB31.CorrenteCC_16: double
CLS01.3-INV07-SB31.TensaoCC: double
CLS01.3-INV07-SB31-TR121.PosAngAlvo: double
CLS01.3-INV07-SB31-TR121.PosAngAtual: double
CLS01.3-INV07-SB31-TR122.PosAngAlvo: double
CLS01.3-INV07-SB31-TR122.PosAngAtual: double
CLS01.3-INV07-SB31-TR123.PosAngAlvo: double
CLS01.3-INV07-SB31-TR123.PosAngAtual: double
CLS01.3-INV07-SB31-TR124.PosAngAlvo: double
CLS01.3-INV07-SB31-TR124.PosAngAtual: double
CLS01.3-INV07-SB32.CorrenteCC_01: double
CLS01.3-INV07-SB32.CorrenteCC_02: double
CLS01.3-INV07-SB32.CorrenteCC_03: double
CLS01.3-INV07-SB32.CorrenteCC_04: double
CLS01.3-INV07-SB32.CorrenteCC_05: double
CLS01.3-INV07-SB32.CorrenteCC_06: double
CLS01.3-INV07-SB32.CorrenteCC_07: double
CLS01.3-INV07-SB32.CorrenteCC_08: double
CLS01.3-INV07-SB32.CorrenteCC_09: double
CLS01.3-INV07-SB32.CorrenteCC_10: double
CLS01.3-INV07-SB32.CorrenteCC_11: double
CLS01.3-INV07-SB32.CorrenteCC_12: double
CLS01.3-INV07-SB32.CorrenteCC_13: double
CLS01.3-INV07-SB32.CorrenteCC_14: double
CLS01.3-INV07-SB32.CorrenteCC_15: double
CLS01.3-INV07-SB32.CorrenteCC_16: double
CLS01.3-INV07-SB32.TensaoCC: double
CLS01.3-INV07-SB32-TR125.PosAngAlvo: double
CLS01.3-INV07-SB32-TR125.PosAngAtual: double
CLS01.3-INV07-SB32-TR126.PosAngAlvo: double
CLS01.3-INV07-SB32-TR126.PosAngAtual: double
CLS01.3-INV07-SB32-TR127.PosAngAlvo: double
CLS01.3-INV07-SB32-TR127.PosAngAtual: double
CLS01.3-INV07-SB32-TR128.PosAngAlvo: double
CLS01.3-INV07-SB32-TR128.PosAngAtual: double
CLS01.3-INV08.CorA: double
CLS01.3-INV08.CorB: double
CLS01.3-INV08.CorC: double
CLS01.3-INV08.CorrenteCC: double
CLS01.3-INV08.PotAt: double
CLS01.3-INV08.TenAB: double
CLS01.3-INV08.TenBC: double
CLS01.3-INV08.TenCA: double
CLS01.3-INV08.TensaoCC: double
CLS01.3-INV08-SB21.CorrenteCC_01: double
CLS01.3-INV08-SB21.CorrenteCC_02: double
CLS01.3-INV08-SB21.CorrenteCC_03: double
CLS01.3-INV08-SB21.CorrenteCC_04: double
CLS01.3-INV08-SB21.CorrenteCC_05: double
CLS01.3-INV08-SB21.CorrenteCC_06: double
CLS01.3-INV08-SB21.CorrenteCC_07: double
CLS01.3-INV08-SB21.CorrenteCC_08: double
CLS01.3-INV08-SB21.CorrenteCC_09: double
CLS01.3-INV08-SB21.CorrenteCC_10: double
CLS01.3-INV08-SB21.CorrenteCC_11: double
CLS01.3-INV08-SB21.CorrenteCC_12: double
CLS01.3-INV08-SB21.CorrenteCC_13: double
CLS01.3-INV08-SB21.CorrenteCC_14: double
CLS01.3-INV08-SB21.CorrenteCC_15: double
CLS01.3-INV08-SB21.CorrenteCC_16: double
CLS01.3-INV08-SB21.TensaoCC: double
CLS01.3-INV08-SB21-TR081.PosAngAlvo: double
CLS01.3-INV08-SB21-TR081.PosAngAtual: double
CLS01.3-INV08-SB21-TR082.PosAngAlvo: double
CLS01.3-INV08-SB21-TR082.PosAngAtual: double
CLS01.3-INV08-SB21-TR083.PosAngAlvo: double
CLS01.3-INV08-SB21-TR083.PosAngAtual: double
CLS01.3-INV08-SB21-TR084.PosAngAlvo: double
CLS01.3-INV08-SB21-TR084.PosAngAtual: double
CLS01.3-INV08-SB22.CorrenteCC_01: double
CLS01.3-INV08-SB22.CorrenteCC_02: double
CLS01.3-INV08-SB22.CorrenteCC_03: double
CLS01.3-INV08-SB22.CorrenteCC_04: double
CLS01.3-INV08-SB22.CorrenteCC_05: double
CLS01.3-INV08-SB22.CorrenteCC_06: double
CLS01.3-INV08-SB22.CorrenteCC_07: double
CLS01.3-INV08-SB22.CorrenteCC_08: double
CLS01.3-INV08-SB22.CorrenteCC_09: double
CLS01.3-INV08-SB22.CorrenteCC_10: double
CLS01.3-INV08-SB22.CorrenteCC_11: double
CLS01.3-INV08-SB22.CorrenteCC_12: double
CLS01.3-INV08-SB22.CorrenteCC_13: double
CLS01.3-INV08-SB22.CorrenteCC_14: double
CLS01.3-INV08-SB22.CorrenteCC_15: double
CLS01.3-INV08-SB22.CorrenteCC_16: double
CLS01.3-INV08-SB22.TensaoCC: double
CLS01.3-INV08-SB22-TR085.PosAngAlvo: double
CLS01.3-INV08-SB22-TR085.PosAngAtual: double
CLS01.3-INV08-SB22-TR086.PosAngAlvo: double
CLS01.3-INV08-SB22-TR086.PosAngAtual: double
CLS01.3-INV08-SB22-TR087.PosAngAlvo: double
CLS01.3-INV08-SB22-TR087.PosAngAtual: double
CLS01.3-INV08-SB22-TR088.PosAngAlvo: double
CLS01.3-INV08-SB22-TR088.PosAngAtual: double
CLS01.3-INV08-SB23.CorrenteCC_01: double
CLS01.3-INV08-SB23.CorrenteCC_02: double
CLS01.3-INV08-SB23.CorrenteCC_03: double
CLS01.3-INV08-SB23.CorrenteCC_04: double
CLS01.3-INV08-SB23.CorrenteCC_05: double
CLS01.3-INV08-SB23.CorrenteCC_06: double
CLS01.3-INV08-SB23.CorrenteCC_07: double
CLS01.3-INV08-SB23.CorrenteCC_08: double
CLS01.3-INV08-SB23.CorrenteCC_09: double
CLS01.3-INV08-SB23.CorrenteCC_10: double
CLS01.3-INV08-SB23.CorrenteCC_11: double
CLS01.3-INV08-SB23.CorrenteCC_12: double
CLS01.3-INV08-SB23.CorrenteCC_13: double
CLS01.3-INV08-SB23.CorrenteCC_14: double
CLS01.3-INV08-SB23.CorrenteCC_15: double
CLS01.3-INV08-SB23.CorrenteCC_16: double
CLS01.3-INV08-SB23.TensaoCC: double
CLS01.3-INV08-SB23-TR089.PosAngAlvo: double
CLS01.3-INV08-SB23-TR089.PosAngAtual: double
CLS01.3-INV08-SB23-TR090.PosAngAlvo: double
CLS01.3-INV08-SB23-TR090.PosAngAtual: double
CLS01.3-INV08-SB23-TR091.PosAngAlvo: double
CLS01.3-INV08-SB23-TR091.PosAngAtual: double
CLS01.3-INV08-SB23-TR092.PosAngAlvo: double
CLS01.3-INV08-SB23-TR092.PosAngAtual: double
CLS01.3-INV08-SB24.CorrenteCC_01: double
CLS01.3-INV08-SB24.CorrenteCC_02: double
CLS01.3-INV08-SB24.CorrenteCC_03: double
CLS01.3-INV08-SB24.CorrenteCC_04: double
CLS01.3-INV08-SB24.CorrenteCC_05: double
CLS01.3-INV08-SB24.CorrenteCC_06: double
CLS01.3-INV08-SB24.CorrenteCC_07: double
CLS01.3-INV08-SB24.CorrenteCC_08: double
CLS01.3-INV08-SB24.CorrenteCC_09: double
CLS01.3-INV08-SB24.CorrenteCC_10: double
CLS01.3-INV08-SB24.CorrenteCC_11: double
CLS01.3-INV08-SB24.CorrenteCC_12: double
CLS01.3-INV08-SB24.CorrenteCC_13: double
CLS01.3-INV08-SB24.CorrenteCC_14: double
CLS01.3-INV08-SB24.CorrenteCC_15: double
CLS01.3-INV08-SB24.CorrenteCC_16: double
CLS01.3-INV08-SB24.TensaoCC: double
CLS01.3-INV08-SB24-TR093.PosAngAlvo: double
CLS01.3-INV08-SB24-TR093.PosAngAtual: double
CLS01.3-INV08-SB24-TR094.PosAngAlvo: double
CLS01.3-INV08-SB24-TR094.PosAngAtual: double
CLS01.3-INV08-SB24-TR095.PosAngAlvo: double
CLS01.3-INV08-SB24-TR095.PosAngAtual: double
CLS01.3-INV08-SB24-TR096.PosAngAlvo: double
CLS01.3-INV08-SB24-TR096.PosAngAtual: double
CLS01.4-INV01.CorA: double
CLS01.4-INV01.CorB: double
CLS01.4-INV01.CorC: double
CLS01.4-INV01.CorrenteCC: double
CLS01.4-INV01.PotAt: double
CLS01.4-INV01.TenAB: double
CLS01.4-INV01.TenBC: double
CLS01.4-INV01.TenCA: double
CLS01.4-INV01.TensaoCC: double
CLS01.4-INV01-SB13.CorrenteCC_01: double
CLS01.4-INV01-SB13.CorrenteCC_02: double
CLS01.4-INV01-SB13.CorrenteCC_03: double
CLS01.4-INV01-SB13.CorrenteCC_04: double
CLS01.4-INV01-SB13.CorrenteCC_05: double
CLS01.4-INV01-SB13.CorrenteCC_06: double
CLS01.4-INV01-SB13.CorrenteCC_07: double
CLS01.4-INV01-SB13.CorrenteCC_08: double
CLS01.4-INV01-SB13.CorrenteCC_09: double
CLS01.4-INV01-SB13.CorrenteCC_10: double
CLS01.4-INV01-SB13.CorrenteCC_11: double
CLS01.4-INV01-SB13.CorrenteCC_12: double
CLS01.4-INV01-SB13.CorrenteCC_13: double
CLS01.4-INV01-SB13.CorrenteCC_14: double
CLS01.4-INV01-SB13.CorrenteCC_15: double
CLS01.4-INV01-SB13.CorrenteCC_16: double
CLS01.4-INV01-SB13.TensaoCC: double
CLS01.4-INV01-SB13-TR049.PosAngAlvo: double
CLS01.4-INV01-SB13-TR049.PosAngAtual: double
CLS01.4-INV01-SB13-TR050.PosAngAlvo: double
CLS01.4-INV01-SB13-TR050.PosAngAtual: double
CLS01.4-INV01-SB13-TR051.PosAngAlvo: double
CLS01.4-INV01-SB13-TR051.PosAngAtual: double
CLS01.4-INV01-SB13-TR052.PosAngAlvo: double
CLS01.4-INV01-SB13-TR052.PosAngAtual: double
CLS01.4-INV01-SB14.CorrenteCC_01: double
CLS01.4-INV01-SB14.CorrenteCC_02: double
CLS01.4-INV01-SB14.CorrenteCC_03: double
CLS01.4-INV01-SB14.CorrenteCC_04: double
CLS01.4-INV01-SB14.CorrenteCC_05: double
CLS01.4-INV01-SB14.CorrenteCC_06: double
CLS01.4-INV01-SB14.CorrenteCC_07: double
CLS01.4-INV01-SB14.CorrenteCC_08: double
CLS01.4-INV01-SB14.CorrenteCC_09: double
CLS01.4-INV01-SB14.CorrenteCC_10: double
CLS01.4-INV01-SB14.CorrenteCC_11: double
CLS01.4-INV01-SB14.CorrenteCC_12: double
CLS01.4-INV01-SB14.CorrenteCC_13: double
CLS01.4-INV01-SB14.CorrenteCC_14: double
CLS01.4-INV01-SB14.CorrenteCC_15: double
CLS01.4-INV01-SB14.CorrenteCC_16: double
CLS01.4-INV01-SB14.TensaoCC: double
CLS01.4-INV01-SB14-TR053.PosAngAlvo: double
CLS01.4-INV01-SB14-TR053.PosAngAtual: double
CLS01.4-INV01-SB14-TR054.PosAngAlvo: double
CLS01.4-INV01-SB14-TR054.PosAngAtual: double
CLS01.4-INV01-SB14-TR055.PosAngAlvo: double
CLS01.4-INV01-SB14-TR055.PosAngAtual: double
CLS01.4-INV01-SB14-TR056.PosAngAlvo: double
CLS01.4-INV01-SB14-TR056.PosAngAtual: double
CLS01.4-INV01-SB15.CorrenteCC_01: double
CLS01.4-INV01-SB15.CorrenteCC_02: double
CLS01.4-INV01-SB15.CorrenteCC_03: double
CLS01.4-INV01-SB15.CorrenteCC_04: double
CLS01.4-INV01-SB15.CorrenteCC_05: double
CLS01.4-INV01-SB15.CorrenteCC_06: double
CLS01.4-INV01-SB15.CorrenteCC_07: double
CLS01.4-INV01-SB15.CorrenteCC_08: double
CLS01.4-INV01-SB15.CorrenteCC_09: double
CLS01.4-INV01-SB15.CorrenteCC_10: double
CLS01.4-INV01-SB15.CorrenteCC_11: double
CLS01.4-INV01-SB15.CorrenteCC_12: double
CLS01.4-INV01-SB15.CorrenteCC_13: double
CLS01.4-INV01-SB15.CorrenteCC_14: double
CLS01.4-INV01-SB15.CorrenteCC_15: double
CLS01.4-INV01-SB15.CorrenteCC_16: double
CLS01.4-INV01-SB15.TensaoCC: double
CLS01.4-INV01-SB15-TR057.PosAngAlvo: double
CLS01.4-INV01-SB15-TR057.PosAngAtual: double
CLS01.4-INV01-SB15-TR058.PosAngAlvo: double
CLS01.4-INV01-SB15-TR058.PosAngAtual: double
CLS01.4-INV01-SB15-TR059.PosAngAlvo: double
CLS01.4-INV01-SB15-TR059.PosAngAtual: double
CLS01.4-INV01-SB15-TR060.PosAngAlvo: double
CLS01.4-INV01-SB15-TR060.PosAngAtual: double
CLS01.4-INV01-SB16.CorrenteCC_01: double
CLS01.4-INV01-SB16.CorrenteCC_02: double
CLS01.4-INV01-SB16.CorrenteCC_03: double
CLS01.4-INV01-SB16.CorrenteCC_04: double
CLS01.4-INV01-SB16.CorrenteCC_05: double
CLS01.4-INV01-SB16.CorrenteCC_06: double
CLS01.4-INV01-SB16.CorrenteCC_07: double
CLS01.4-INV01-SB16.CorrenteCC_08: double
CLS01.4-INV01-SB16.CorrenteCC_09: double
CLS01.4-INV01-SB16.CorrenteCC_10: double
CLS01.4-INV01-SB16.CorrenteCC_11: double
CLS01.4-INV01-SB16.CorrenteCC_12: double
CLS01.4-INV01-SB16.CorrenteCC_13: double
CLS01.4-INV01-SB16.CorrenteCC_14: double
CLS01.4-INV01-SB16.CorrenteCC_15: double
CLS01.4-INV01-SB16.CorrenteCC_16: double
CLS01.4-INV01-SB16.TensaoCC: double
CLS01.4-INV01-SB16-TR061.PosAngAlvo: double
CLS01.4-INV01-SB16-TR061.PosAngAtual: double
CLS01.4-INV01-SB16-TR062.PosAngAlvo: double
CLS01.4-INV01-SB16-TR062.PosAngAtual: double
CLS01.4-INV01-SB16-TR063.PosAngAlvo: double
CLS01.4-INV01-SB16-TR063.PosAngAtual: double
CLS01.4-INV01-SB16-TR064.PosAngAlvo: double
CLS01.4-INV01-SB16-TR064.PosAngAtual: double
CLS01.4-INV02.CorA: double
CLS01.4-INV02.CorB: double
CLS01.4-INV02.CorC: double
CLS01.4-INV02.CorrenteCC: double
CLS01.4-INV02.PotAt: double
CLS01.4-INV02.TenAB: double
CLS01.4-INV02.TenBC: double
CLS01.4-INV02.TenCA: double
CLS01.4-INV02.TensaoCC: double
CLS01.4-INV02-SB05.CorrenteCC_01: double
CLS01.4-INV02-SB05.CorrenteCC_02: double
CLS01.4-INV02-SB05.CorrenteCC_03: double
CLS01.4-INV02-SB05.CorrenteCC_04: double
CLS01.4-INV02-SB05.CorrenteCC_05: double
CLS01.4-INV02-SB05.CorrenteCC_06: double
CLS01.4-INV02-SB05.CorrenteCC_07: double
CLS01.4-INV02-SB05.CorrenteCC_08: double
CLS01.4-INV02-SB05.CorrenteCC_09: double
CLS01.4-INV02-SB05.CorrenteCC_10: double
CLS01.4-INV02-SB05.CorrenteCC_11: double
CLS01.4-INV02-SB05.CorrenteCC_12: double
CLS01.4-INV02-SB05.CorrenteCC_13: double
CLS01.4-INV02-SB05.CorrenteCC_14: double
CLS01.4-INV02-SB05.CorrenteCC_15: double
CLS01.4-INV02-SB05.CorrenteCC_16: double
CLS01.4-INV02-SB05.TensaoCC: double
CLS01.4-INV02-SB05-TR017.PosAngAlvo: double
CLS01.4-INV02-SB05-TR017.PosAngAtual: double
CLS01.4-INV02-SB05-TR018.PosAngAlvo: double
CLS01.4-INV02-SB05-TR018.PosAngAtual: double
CLS01.4-INV02-SB05-TR019.PosAngAlvo: double
CLS01.4-INV02-SB05-TR019.PosAngAtual: double
CLS01.4-INV02-SB05-TR020.PosAngAlvo: double
CLS01.4-INV02-SB05-TR020.PosAngAtual: double
CLS01.4-INV02-SB06.CorrenteCC_01: double
CLS01.4-INV02-SB06.CorrenteCC_02: double
CLS01.4-INV02-SB06.CorrenteCC_03: double
CLS01.4-INV02-SB06.CorrenteCC_04: double
CLS01.4-INV02-SB06.CorrenteCC_05: double
CLS01.4-INV02-SB06.CorrenteCC_06: double
CLS01.4-INV02-SB06.CorrenteCC_07: double
CLS01.4-INV02-SB06.CorrenteCC_08: double
CLS01.4-INV02-SB06.CorrenteCC_09: double
CLS01.4-INV02-SB06.CorrenteCC_10: double
CLS01.4-INV02-SB06.CorrenteCC_11: double
CLS01.4-INV02-SB06.CorrenteCC_12: double
CLS01.4-INV02-SB06.CorrenteCC_13: double
CLS01.4-INV02-SB06.CorrenteCC_14: double
CLS01.4-INV02-SB06.CorrenteCC_15: double
CLS01.4-INV02-SB06.CorrenteCC_16: double
CLS01.4-INV02-SB06.TensaoCC: double
CLS01.4-INV02-SB06-TR021.PosAngAlvo: double
CLS01.4-INV02-SB06-TR021.PosAngAtual: double
CLS01.4-INV02-SB06-TR022.PosAngAlvo: double
CLS01.4-INV02-SB06-TR022.PosAngAtual: double
CLS01.4-INV02-SB06-TR023.PosAngAlvo: double
CLS01.4-INV02-SB06-TR023.PosAngAtual: double
CLS01.4-INV02-SB06-TR024.PosAngAlvo: double
CLS01.4-INV02-SB06-TR024.PosAngAtual: double
CLS01.4-INV02-SB07.CorrenteCC_01: double
CLS01.4-INV02-SB07.CorrenteCC_02: double
CLS01.4-INV02-SB07.CorrenteCC_03: double
CLS01.4-INV02-SB07.CorrenteCC_04: double
CLS01.4-INV02-SB07.CorrenteCC_05: double
CLS01.4-INV02-SB07.CorrenteCC_06: double
CLS01.4-INV02-SB07.CorrenteCC_07: double
CLS01.4-INV02-SB07.CorrenteCC_08: double
CLS01.4-INV02-SB07.CorrenteCC_09: double
CLS01.4-INV02-SB07.CorrenteCC_10: double
CLS01.4-INV02-SB07.CorrenteCC_11: double
CLS01.4-INV02-SB07.CorrenteCC_12: double
CLS01.4-INV02-SB07.CorrenteCC_13: double
CLS01.4-INV02-SB07.CorrenteCC_14: double
CLS01.4-INV02-SB07.CorrenteCC_15: double
CLS01.4-INV02-SB07.CorrenteCC_16: double
CLS01.4-INV02-SB07.TensaoCC: double
CLS01.4-INV02-SB07-TR025.PosAngAlvo: double
CLS01.4-INV02-SB07-TR025.PosAngAtual: double
CLS01.4-INV02-SB07-TR026.PosAngAlvo: double
CLS01.4-INV02-SB07-TR026.PosAngAtual: double
CLS01.4-INV02-SB07-TR027.PosAngAlvo: double
CLS01.4-INV02-SB07-TR027.PosAngAtual: double
CLS01.4-INV02-SB07-TR028.PosAngAlvo: double
CLS01.4-INV02-SB07-TR028.PosAngAtual: double
CLS01.4-INV02-SB08.CorrenteCC_01: double
CLS01.4-INV02-SB08.CorrenteCC_02: double
CLS01.4-INV02-SB08.CorrenteCC_03: double
CLS01.4-INV02-SB08.CorrenteCC_04: double
CLS01.4-INV02-SB08.CorrenteCC_05: double
CLS01.4-INV02-SB08.CorrenteCC_06: double
CLS01.4-INV02-SB08.CorrenteCC_07: double
CLS01.4-INV02-SB08.CorrenteCC_08: double
CLS01.4-INV02-SB08.CorrenteCC_09: double
CLS01.4-INV02-SB08.CorrenteCC_10: double
CLS01.4-INV02-SB08.CorrenteCC_11: double
CLS01.4-INV02-SB08.CorrenteCC_12: double
CLS01.4-INV02-SB08.CorrenteCC_13: double
CLS01.4-INV02-SB08.CorrenteCC_14: double
CLS01.4-INV02-SB08.CorrenteCC_15: double
CLS01.4-INV02-SB08.CorrenteCC_16: double
CLS01.4-INV02-SB08.TensaoCC: double
CLS01.4-INV02-SB08-TR029.PosAngAlvo: double
CLS01.4-INV02-SB08-TR029.PosAngAtual: double
CLS01.4-INV02-SB08-TR030.PosAngAlvo: double
CLS01.4-INV02-SB08-TR030.PosAngAtual: double
CLS01.4-INV02-SB08-TR031.PosAngAlvo: double
CLS01.4-INV02-SB08-TR031.PosAngAtual: double
CLS01.4-INV02-SB08-TR032.PosAngAlvo: double
CLS01.4-INV02-SB08-TR032.PosAngAtual: double
CLS01.4-INV03.CorA: double
CLS01.4-INV03.CorB: double
CLS01.4-INV03.CorC: double
CLS01.4-INV03.CorrenteCC: double
CLS01.4-INV03.PotAt: double
CLS01.4-INV03.TenAB: double
CLS01.4-INV03.TenBC: double
CLS01.4-INV03.TenCA: double
CLS01.4-INV03.TensaoCC: double
CLS01.4-INV03-SB01.CorrenteCC_01: double
CLS01.4-INV03-SB01.CorrenteCC_02: double
CLS01.4-INV03-SB01.CorrenteCC_03: double
CLS01.4-INV03-SB01.CorrenteCC_04: double
CLS01.4-INV03-SB01.CorrenteCC_05: double
CLS01.4-INV03-SB01.CorrenteCC_06: double
CLS01.4-INV03-SB01.CorrenteCC_07: double
CLS01.4-INV03-SB01.CorrenteCC_08: double
CLS01.4-INV03-SB01.CorrenteCC_09: double
CLS01.4-INV03-SB01.CorrenteCC_10: double
CLS01.4-INV03-SB01.CorrenteCC_11: double
CLS01.4-INV03-SB01.CorrenteCC_12: double
CLS01.4-INV03-SB01.CorrenteCC_13: double
CLS01.4-INV03-SB01.CorrenteCC_14: double
CLS01.4-INV03-SB01.CorrenteCC_15: double
CLS01.4-INV03-SB01.CorrenteCC_16: double
CLS01.4-INV03-SB01.TensaoCC: double
CLS01.4-INV03-SB01-TR001.PosAngAlvo: double
CLS01.4-INV03-SB01-TR001.PosAngAtual: double
CLS01.4-INV03-SB01-TR002.PosAngAlvo: double
CLS01.4-INV03-SB01-TR002.PosAngAtual: double
CLS01.4-INV03-SB01-TR003.PosAngAlvo: double
CLS01.4-INV03-SB01-TR003.PosAngAtual: double
CLS01.4-INV03-SB01-TR004.PosAngAlvo: double
CLS01.4-INV03-SB01-TR004.PosAngAtual: double
CLS01.4-INV03-SB02.CorrenteCC_01: double
CLS01.4-INV03-SB02.CorrenteCC_02: double
CLS01.4-INV03-SB02.CorrenteCC_03: double
CLS01.4-INV03-SB02.CorrenteCC_04: double
CLS01.4-INV03-SB02.CorrenteCC_05: double
CLS01.4-INV03-SB02.CorrenteCC_06: double
CLS01.4-INV03-SB02.CorrenteCC_07: double
CLS01.4-INV03-SB02.CorrenteCC_08: double
CLS01.4-INV03-SB02.CorrenteCC_09: double
CLS01.4-INV03-SB02.CorrenteCC_10: double
CLS01.4-INV03-SB02.CorrenteCC_11: double
CLS01.4-INV03-SB02.CorrenteCC_12: double
CLS01.4-INV03-SB02.CorrenteCC_13: double
CLS01.4-INV03-SB02.CorrenteCC_14: double
CLS01.4-INV03-SB02.CorrenteCC_15: double
CLS01.4-INV03-SB02.CorrenteCC_16: double
CLS01.4-INV03-SB02.TensaoCC: double
CLS01.4-INV03-SB02-TR005.PosAngAlvo: double
CLS01.4-INV03-SB02-TR005.PosAngAtual: double
CLS01.4-INV03-SB02-TR006.PosAngAlvo: double
CLS01.4-INV03-SB02-TR006.PosAngAtual: double
CLS01.4-INV03-SB02-TR007.PosAngAlvo: double
CLS01.4-INV03-SB02-TR007.PosAngAtual: double
CLS01.4-INV03-SB02-TR008.PosAngAlvo: double
CLS01.4-INV03-SB02-TR008.PosAngAtual: double
CLS01.4-INV03-SB03.CorrenteCC_01: double
CLS01.4-INV03-SB03.CorrenteCC_02: double
CLS01.4-INV03-SB03.CorrenteCC_03: double
CLS01.4-INV03-SB03.CorrenteCC_04: double
CLS01.4-INV03-SB03.CorrenteCC_05: double
CLS01.4-INV03-SB03.CorrenteCC_06: double
CLS01.4-INV03-SB03.CorrenteCC_07: double
CLS01.4-INV03-SB03.CorrenteCC_08: double
CLS01.4-INV03-SB03.CorrenteCC_09: double
CLS01.4-INV03-SB03.CorrenteCC_10: double
CLS01.4-INV03-SB03.CorrenteCC_11: double
CLS01.4-INV03-SB03.CorrenteCC_12: double
CLS01.4-INV03-SB03.CorrenteCC_13: double
CLS01.4-INV03-SB03.CorrenteCC_14: double
CLS01.4-INV03-SB03.CorrenteCC_15: double
CLS01.4-INV03-SB03.CorrenteCC_16: double
CLS01.4-INV03-SB03.TensaoCC: double
CLS01.4-INV03-SB03-TR009.PosAngAlvo: double
CLS01.4-INV03-SB03-TR009.PosAngAtual: double
CLS01.4-INV03-SB03-TR010.PosAngAlvo: double
CLS01.4-INV03-SB03-TR010.PosAngAtual: double
CLS01.4-INV03-SB03-TR011.PosAngAlvo: double
CLS01.4-INV03-SB03-TR011.PosAngAtual: double
CLS01.4-INV03-SB03-TR012.PosAngAlvo: double
CLS01.4-INV03-SB03-TR012.PosAngAtual: double
CLS01.4-INV03-SB04.CorrenteCC_01: double
CLS01.4-INV03-SB04.CorrenteCC_02: double
CLS01.4-INV03-SB04.CorrenteCC_03: double
CLS01.4-INV03-SB04.CorrenteCC_04: double
CLS01.4-INV03-SB04.CorrenteCC_05: double
CLS01.4-INV03-SB04.CorrenteCC_06: double
CLS01.4-INV03-SB04.CorrenteCC_07: double
CLS01.4-INV03-SB04.CorrenteCC_08: double
CLS01.4-INV03-SB04.CorrenteCC_09: double
CLS01.4-INV03-SB04.CorrenteCC_10: double
CLS01.4-INV03-SB04.CorrenteCC_11: double
CLS01.4-INV03-SB04.CorrenteCC_12: double
CLS01.4-INV03-SB04.CorrenteCC_13: double
CLS01.4-INV03-SB04.CorrenteCC_14: double
CLS01.4-INV03-SB04.CorrenteCC_15: double
CLS01.4-INV03-SB04.CorrenteCC_16: double
CLS01.4-INV03-SB04.TensaoCC: double
CLS01.4-INV03-SB04-TR013.PosAngAlvo: double
CLS01.4-INV03-SB04-TR013.PosAngAtual: double
CLS01.4-INV03-SB04-TR014.PosAngAlvo: double
CLS01.4-INV03-SB04-TR014.PosAngAtual: double
CLS01.4-INV03-SB04-TR015.PosAngAlvo: double
CLS01.4-INV03-SB04-TR015.PosAngAtual: double
CLS01.4-INV03-SB04-TR016.PosAngAlvo: double
CLS01.4-INV03-SB04-TR016.PosAngAtual: double
CLS01.4-INV04.CorA: double
CLS01.4-INV04.CorB: double
CLS01.4-INV04.CorC: double
CLS01.4-INV04.CorrenteCC: double
CLS01.4-INV04.PotAt: double
CLS01.4-INV04.TenAB: double
CLS01.4-INV04.TenBC: double
CLS01.4-INV04.TenCA: double
CLS01.4-INV04.TensaoCC: double
CLS01.4-INV04-SB09.CorrenteCC_01: double
CLS01.4-INV04-SB09.CorrenteCC_02: double
CLS01.4-INV04-SB09.CorrenteCC_03: double
CLS01.4-INV04-SB09.CorrenteCC_04: double
CLS01.4-INV04-SB09.CorrenteCC_05: double
CLS01.4-INV04-SB09.CorrenteCC_06: double
CLS01.4-INV04-SB09.CorrenteCC_07: double
CLS01.4-INV04-SB09.CorrenteCC_08: double
CLS01.4-INV04-SB09.CorrenteCC_09: double
CLS01.4-INV04-SB09.CorrenteCC_10: double
CLS01.4-INV04-SB09.CorrenteCC_11: double
CLS01.4-INV04-SB09.CorrenteCC_12: double
CLS01.4-INV04-SB09.CorrenteCC_13: double
CLS01.4-INV04-SB09.CorrenteCC_14: double
CLS01.4-INV04-SB09.CorrenteCC_15: double
CLS01.4-INV04-SB09.CorrenteCC_16: double
CLS01.4-INV04-SB09.TensaoCC: double
CLS01.4-INV04-SB09-TR033.PosAngAlvo: double
CLS01.4-INV04-SB09-TR033.PosAngAtual: double
CLS01.4-INV04-SB09-TR034.PosAngAlvo: double
CLS01.4-INV04-SB09-TR034.PosAngAtual: double
CLS01.4-INV04-SB09-TR035.PosAngAlvo: double
CLS01.4-INV04-SB09-TR035.PosAngAtual: double
CLS01.4-INV04-SB09-TR036.PosAngAlvo: double
CLS01.4-INV04-SB09-TR036.PosAngAtual: double
CLS01.4-INV04-SB10.CorrenteCC_01: double
CLS01.4-INV04-SB10.CorrenteCC_02: double
CLS01.4-INV04-SB10.CorrenteCC_03: double
CLS01.4-INV04-SB10.CorrenteCC_04: double
CLS01.4-INV04-SB10.CorrenteCC_05: double
CLS01.4-INV04-SB10.CorrenteCC_06: double
CLS01.4-INV04-SB10.CorrenteCC_07: double
CLS01.4-INV04-SB10.CorrenteCC_08: double
CLS01.4-INV04-SB10.CorrenteCC_09: double
CLS01.4-INV04-SB10.CorrenteCC_10: double
CLS01.4-INV04-SB10.CorrenteCC_11: double
CLS01.4-INV04-SB10.CorrenteCC_12: double
CLS01.4-INV04-SB10.CorrenteCC_13: double
CLS01.4-INV04-SB10.CorrenteCC_14: double
CLS01.4-INV04-SB10.CorrenteCC_15: double
CLS01.4-INV04-SB10.CorrenteCC_16: double
CLS01.4-INV04-SB10.TensaoCC: double
CLS01.4-INV04-SB10-TR037.PosAngAlvo: double
CLS01.4-INV04-SB10-TR037.PosAngAtual: double
CLS01.4-INV04-SB10-TR038.PosAngAlvo: double
CLS01.4-INV04-SB10-TR038.PosAngAtual: double
CLS01.4-INV04-SB10-TR039.PosAngAlvo: double
CLS01.4-INV04-SB10-TR039.PosAngAtual: double
CLS01.4-INV04-SB10-TR040.PosAngAlvo: double
CLS01.4-INV04-SB10-TR040.PosAngAtual: double
CLS01.4-INV04-SB11.CorrenteCC_01: double
CLS01.4-INV04-SB11.CorrenteCC_02: double
CLS01.4-INV04-SB11.CorrenteCC_03: double
CLS01.4-INV04-SB11.CorrenteCC_04: double
CLS01.4-INV04-SB11.CorrenteCC_05: double
CLS01.4-INV04-SB11.CorrenteCC_06: double
CLS01.4-INV04-SB11.CorrenteCC_07: double
CLS01.4-INV04-SB11.CorrenteCC_08: double
CLS01.4-INV04-SB11.CorrenteCC_09: double
CLS01.4-INV04-SB11.CorrenteCC_10: double
CLS01.4-INV04-SB11.CorrenteCC_11: double
CLS01.4-INV04-SB11.CorrenteCC_12: double
CLS01.4-INV04-SB11.CorrenteCC_13: double
CLS01.4-INV04-SB11.CorrenteCC_14: double
CLS01.4-INV04-SB11.CorrenteCC_15: double
CLS01.4-INV04-SB11.CorrenteCC_16: double
CLS01.4-INV04-SB11.TensaoCC: double
CLS01.4-INV04-SB11-TR041.PosAngAlvo: double
CLS01.4-INV04-SB11-TR041.PosAngAtual: double
CLS01.4-INV04-SB11-TR042.PosAngAlvo: double
CLS01.4-INV04-SB11-TR042.PosAngAtual: double
CLS01.4-INV04-SB11-TR043.PosAngAlvo: double
CLS01.4-INV04-SB11-TR043.PosAngAtual: double
CLS01.4-INV04-SB11-TR044.PosAngAlvo: double
CLS01.4-INV04-SB11-TR044.PosAngAtual: double
CLS01.4-INV04-SB12.CorrenteCC_01: double
CLS01.4-INV04-SB12.CorrenteCC_02: double
CLS01.4-INV04-SB12.CorrenteCC_03: double
CLS01.4-INV04-SB12.CorrenteCC_04: double
CLS01.4-INV04-SB12.CorrenteCC_05: double
CLS01.4-INV04-SB12.CorrenteCC_06: double
CLS01.4-INV04-SB12.CorrenteCC_07: double
CLS01.4-INV04-SB12.CorrenteCC_08: double
CLS01.4-INV04-SB12.CorrenteCC_09: double
CLS01.4-INV04-SB12.CorrenteCC_10: double
CLS01.4-INV04-SB12.CorrenteCC_11: double
CLS01.4-INV04-SB12.CorrenteCC_12: double
CLS01.4-INV04-SB12.CorrenteCC_13: double
CLS01.4-INV04-SB12.CorrenteCC_14: double
CLS01.4-INV04-SB12.CorrenteCC_15: double
CLS01.4-INV04-SB12.CorrenteCC_16: double
CLS01.4-INV04-SB12.TensaoCC: double
CLS01.4-INV04-SB12-TR045.PosAngAlvo: double
CLS01.4-INV04-SB12-TR045.PosAngAtual: double
CLS01.4-INV04-SB12-TR046.PosAngAlvo: double
CLS01.4-INV04-SB12-TR046.PosAngAtual: double
CLS01.4-INV04-SB12-TR047.PosAngAlvo: double
CLS01.4-INV04-SB12-TR047.PosAngAtual: double
CLS01.4-INV04-SB12-TR048.PosAngAlvo: double
CLS01.4-INV04-SB12-TR048.PosAngAtual: double
CLS01.4-INV05.CorA: double
CLS01.4-INV05.CorB: double
CLS01.4-INV05.CorC: double
CLS01.4-INV05.CorrenteCC: double
CLS01.4-INV05.PotAt: double
CLS01.4-INV05.TenAB: double
CLS01.4-INV05.TenBC: double
CLS01.4-INV05.TenCA: double
CLS01.4-INV05.TensaoCC: double
CLS01.4-INV05-SB17.CorrenteCC_01: double
CLS01.4-INV05-SB17.CorrenteCC_02: double
CLS01.4-INV05-SB17.CorrenteCC_03: double
CLS01.4-INV05-SB17.CorrenteCC_04: double
CLS01.4-INV05-SB17.CorrenteCC_05: double
CLS01.4-INV05-SB17.CorrenteCC_06: double
CLS01.4-INV05-SB17.CorrenteCC_07: double
CLS01.4-INV05-SB17.CorrenteCC_08: double
CLS01.4-INV05-SB17.CorrenteCC_09: double
CLS01.4-INV05-SB17.CorrenteCC_10: double
CLS01.4-INV05-SB17.CorrenteCC_11: double
CLS01.4-INV05-SB17.CorrenteCC_12: double
CLS01.4-INV05-SB17.CorrenteCC_13: double
CLS01.4-INV05-SB17.CorrenteCC_14: double
CLS01.4-INV05-SB17.CorrenteCC_15: double
CLS01.4-INV05-SB17.CorrenteCC_16: double
CLS01.4-INV05-SB17.TensaoCC: double
CLS01.4-INV05-SB17-TR065.PosAngAlvo: double
CLS01.4-INV05-SB17-TR065.PosAngAtual: double
CLS01.4-INV05-SB17-TR066.PosAngAlvo: double
CLS01.4-INV05-SB17-TR066.PosAngAtual: double
CLS01.4-INV05-SB17-TR067.PosAngAlvo: double
CLS01.4-INV05-SB17-TR067.PosAngAtual: double
CLS01.4-INV05-SB17-TR068.PosAngAlvo: double
CLS01.4-INV05-SB17-TR068.PosAngAtual: double
CLS01.4-INV05-SB18.CorrenteCC_01: double
CLS01.4-INV05-SB18.CorrenteCC_02: double
CLS01.4-INV05-SB18.CorrenteCC_03: double
CLS01.4-INV05-SB18.CorrenteCC_04: double
CLS01.4-INV05-SB18.CorrenteCC_05: double
CLS01.4-INV05-SB18.CorrenteCC_06: double
CLS01.4-INV05-SB18.CorrenteCC_07: double
CLS01.4-INV05-SB18.CorrenteCC_08: double
CLS01.4-INV05-SB18.CorrenteCC_09: double
CLS01.4-INV05-SB18.CorrenteCC_10: double
CLS01.4-INV05-SB18.CorrenteCC_11: double
CLS01.4-INV05-SB18.CorrenteCC_12: double
CLS01.4-INV05-SB18.CorrenteCC_13: double
CLS01.4-INV05-SB18.CorrenteCC_14: double
CLS01.4-INV05-SB18.CorrenteCC_15: double
CLS01.4-INV05-SB18.CorrenteCC_16: double
CLS01.4-INV05-SB18.TensaoCC: double
CLS01.4-INV05-SB18-TR069.PosAngAlvo: double
CLS01.4-INV05-SB18-TR069.PosAngAtual: double
CLS01.4-INV05-SB18-TR070.PosAngAlvo: double
CLS01.4-INV05-SB18-TR070.PosAngAtual: double
CLS01.4-INV05-SB18-TR071.PosAngAlvo: double
CLS01.4-INV05-SB18-TR071.PosAngAtual: double
CLS01.4-INV05-SB18-TR072.PosAngAlvo: double
CLS01.4-INV05-SB18-TR072.PosAngAtual: double
CLS01.4-INV05-SB19.CorrenteCC_01: double
CLS01.4-INV05-SB19.CorrenteCC_02: double
CLS01.4-INV05-SB19.CorrenteCC_03: double
CLS01.4-INV05-SB19.CorrenteCC_04: double
CLS01.4-INV05-SB19.CorrenteCC_05: double
CLS01.4-INV05-SB19.CorrenteCC_06: double
CLS01.4-INV05-SB19.CorrenteCC_07: double
CLS01.4-INV05-SB19.CorrenteCC_08: double
CLS01.4-INV05-SB19.CorrenteCC_09: double
CLS01.4-INV05-SB19.CorrenteCC_10: double
CLS01.4-INV05-SB19.CorrenteCC_11: double
CLS01.4-INV05-SB19.CorrenteCC_12: double
CLS01.4-INV05-SB19.CorrenteCC_13: double
CLS01.4-INV05-SB19.CorrenteCC_14: double
CLS01.4-INV05-SB19.CorrenteCC_15: double
CLS01.4-INV05-SB19.CorrenteCC_16: double
CLS01.4-INV05-SB19.TensaoCC: double
CLS01.4-INV05-SB19-TR073.PosAngAlvo: double
CLS01.4-INV05-SB19-TR073.PosAngAtual: double
CLS01.4-INV05-SB19-TR074.PosAngAlvo: double
CLS01.4-INV05-SB19-TR074.PosAngAtual: double
CLS01.4-INV05-SB19-TR075.PosAngAlvo: double
CLS01.4-INV05-SB19-TR075.PosAngAtual: double
CLS01.4-INV05-SB19-TR076.PosAngAlvo: double
CLS01.4-INV05-SB19-TR076.PosAngAtual: double
CLS01.4-INV05-SB20.CorrenteCC_01: double
CLS01.4-INV05-SB20.CorrenteCC_02: double
CLS01.4-INV05-SB20.CorrenteCC_03: double
CLS01.4-INV05-SB20.CorrenteCC_04: double
CLS01.4-INV05-SB20.CorrenteCC_05: double
CLS01.4-INV05-SB20.CorrenteCC_06: double
CLS01.4-INV05-SB20.CorrenteCC_07: double
CLS01.4-INV05-SB20.CorrenteCC_08: double
CLS01.4-INV05-SB20.CorrenteCC_09: double
CLS01.4-INV05-SB20.CorrenteCC_10: double
CLS01.4-INV05-SB20.CorrenteCC_11: double
CLS01.4-INV05-SB20.CorrenteCC_12: double
CLS01.4-INV05-SB20.CorrenteCC_13: double
CLS01.4-INV05-SB20.CorrenteCC_14: double
CLS01.4-INV05-SB20.CorrenteCC_15: double
CLS01.4-INV05-SB20.CorrenteCC_16: double
CLS01.4-INV05-SB20.TensaoCC: double
CLS01.4-INV05-SB20-TR077.PosAngAlvo: double
CLS01.4-INV05-SB20-TR077.PosAngAtual: double
CLS01.4-INV05-SB20-TR078.PosAngAlvo: double
CLS01.4-INV05-SB20-TR078.PosAngAtual: double
CLS01.4-INV05-SB20-TR079.PosAngAlvo: double
CLS01.4-INV05-SB20-TR079.PosAngAtual: double
CLS01.4-INV05-SB20-TR080.PosAngAlvo: double
CLS01.4-INV05-SB20-TR080.PosAngAtual: double
CLS01.4-INV06.CorA: double
CLS01.4-INV06.CorB: double
CLS01.4-INV06.CorC: double
CLS01.4-INV06.CorrenteCC: double
CLS01.4-INV06.PotAt: double
CLS01.4-INV06.TenAB: double
CLS01.4-INV06.TenBC: double
CLS01.4-INV06.TenCA: double
CLS01.4-INV06.TensaoCC: double
CLS01.4-INV06-SB25.CorrenteCC_01: double
CLS01.4-INV06-SB25.CorrenteCC_02: double
CLS01.4-INV06-SB25.CorrenteCC_03: double
CLS01.4-INV06-SB25.CorrenteCC_04: double
CLS01.4-INV06-SB25.CorrenteCC_05: double
CLS01.4-INV06-SB25.CorrenteCC_06: double
CLS01.4-INV06-SB25.CorrenteCC_07: double
CLS01.4-INV06-SB25.CorrenteCC_08: double
CLS01.4-INV06-SB25.CorrenteCC_09: double
CLS01.4-INV06-SB25.CorrenteCC_10: double
CLS01.4-INV06-SB25.CorrenteCC_11: double
CLS01.4-INV06-SB25.CorrenteCC_12: double
CLS01.4-INV06-SB25.CorrenteCC_13: double
CLS01.4-INV06-SB25.CorrenteCC_14: double
CLS01.4-INV06-SB25.CorrenteCC_15: double
CLS01.4-INV06-SB25.CorrenteCC_16: double
CLS01.4-INV06-SB25.TensaoCC: double
CLS01.4-INV06-SB25-TR097.PosAngAlvo: double
CLS01.4-INV06-SB25-TR097.PosAngAtual: double
CLS01.4-INV06-SB25-TR098.PosAngAlvo: double
CLS01.4-INV06-SB25-TR098.PosAngAtual: double
CLS01.4-INV06-SB25-TR099.PosAngAlvo: double
CLS01.4-INV06-SB25-TR099.PosAngAtual: double
CLS01.4-INV06-SB25-TR100.PosAngAlvo: double
CLS01.4-INV06-SB25-TR100.PosAngAtual: double
CLS01.4-INV06-SB26.CorrenteCC_01: double
CLS01.4-INV06-SB26.CorrenteCC_02: double
CLS01.4-INV06-SB26.CorrenteCC_03: double
CLS01.4-INV06-SB26.CorrenteCC_04: double
CLS01.4-INV06-SB26.CorrenteCC_05: double
CLS01.4-INV06-SB26.CorrenteCC_06: double
CLS01.4-INV06-SB26.CorrenteCC_07: double
CLS01.4-INV06-SB26.CorrenteCC_08: double
CLS01.4-INV06-SB26.CorrenteCC_09: double
CLS01.4-INV06-SB26.CorrenteCC_10: double
CLS01.4-INV06-SB26.CorrenteCC_11: double
CLS01.4-INV06-SB26.CorrenteCC_12: double
CLS01.4-INV06-SB26.CorrenteCC_13: double
CLS01.4-INV06-SB26.CorrenteCC_14: double
CLS01.4-INV06-SB26.CorrenteCC_15: double
CLS01.4-INV06-SB26.CorrenteCC_16: double
CLS01.4-INV06-SB26.TensaoCC: double
CLS01.4-INV06-SB26-TR101.PosAngAlvo: double
CLS01.4-INV06-SB26-TR101.PosAngAtual: double
CLS01.4-INV06-SB26-TR102.PosAngAlvo: double
CLS01.4-INV06-SB26-TR102.PosAngAtual: double
CLS01.4-INV06-SB26-TR103.PosAngAlvo: double
CLS01.4-INV06-SB26-TR103.PosAngAtual: double
CLS01.4-INV06-SB26-TR104.PosAngAlvo: double
CLS01.4-INV06-SB26-TR104.PosAngAtual: double
CLS01.4-INV06-SB27.CorrenteCC_01: double
CLS01.4-INV06-SB27.CorrenteCC_02: double
CLS01.4-INV06-SB27.CorrenteCC_03: double
CLS01.4-INV06-SB27.CorrenteCC_04: double
CLS01.4-INV06-SB27.CorrenteCC_05: double
CLS01.4-INV06-SB27.CorrenteCC_06: double
CLS01.4-INV06-SB27.CorrenteCC_07: double
CLS01.4-INV06-SB27.CorrenteCC_08: double
CLS01.4-INV06-SB27.CorrenteCC_09: double
CLS01.4-INV06-SB27.CorrenteCC_10: double
CLS01.4-INV06-SB27.CorrenteCC_11: double
CLS01.4-INV06-SB27.CorrenteCC_12: double
CLS01.4-INV06-SB27.CorrenteCC_13: double
CLS01.4-INV06-SB27.CorrenteCC_14: double
CLS01.4-INV06-SB27.CorrenteCC_15: double
CLS01.4-INV06-SB27.CorrenteCC_16: double
CLS01.4-INV06-SB27.TensaoCC: double
CLS01.4-INV06-SB27-TR105.PosAngAlvo: double
CLS01.4-INV06-SB27-TR105.PosAngAtual: double
CLS01.4-INV06-SB27-TR106.PosAngAlvo: double
CLS01.4-INV06-SB27-TR106.PosAngAtual: double
CLS01.4-INV06-SB27-TR107.PosAngAlvo: double
CLS01.4-INV06-SB27-TR107.PosAngAtual: double
CLS01.4-INV06-SB27-TR108.PosAngAlvo: double
CLS01.4-INV06-SB27-TR108.PosAngAtual: double
CLS01.4-INV06-SB28.CorrenteCC_01: double
CLS01.4-INV06-SB28.CorrenteCC_02: double
CLS01.4-INV06-SB28.CorrenteCC_03: double
CLS01.4-INV06-SB28.CorrenteCC_04: double
CLS01.4-INV06-SB28.CorrenteCC_05: double
CLS01.4-INV06-SB28.CorrenteCC_06: double
CLS01.4-INV06-SB28.CorrenteCC_07: double
CLS01.4-INV06-SB28.CorrenteCC_08: double
CLS01.4-INV06-SB28.CorrenteCC_09: double
CLS01.4-INV06-SB28.CorrenteCC_10: double
CLS01.4-INV06-SB28.CorrenteCC_11: double
CLS01.4-INV06-SB28.CorrenteCC_12: double
CLS01.4-INV06-SB28.CorrenteCC_13: double
CLS01.4-INV06-SB28.CorrenteCC_14: double
CLS01.4-INV06-SB28.CorrenteCC_15: double
CLS01.4-INV06-SB28.CorrenteCC_16: double
CLS01.4-INV06-SB28.TensaoCC: double
CLS01.4-INV06-SB28-TR109.PosAngAlvo: double
CLS01.4-INV06-SB28-TR109.PosAngAtual: double
CLS01.4-INV06-SB28-TR110.PosAngAlvo: double
CLS01.4-INV06-SB28-TR110.PosAngAtual: double
CLS01.4-INV06-SB28-TR111.PosAngAlvo: double
CLS01.4-INV06-SB28-TR111.PosAngAtual: double
CLS01.4-INV06-SB28-TR112.PosAngAlvo: double
CLS01.4-INV06-SB28-TR112.PosAngAtual: double
CLS01.4-INV07.CorA: double
CLS01.4-INV07.CorB: double
CLS01.4-INV07.CorC: double
CLS01.4-INV07.CorrenteCC: double
CLS01.4-INV07.PotAt: double
CLS01.4-INV07.TenAB: double
CLS01.4-INV07.TenBC: double
CLS01.4-INV07.TenCA: double
CLS01.4-INV07.TensaoCC: double
CLS01.4-INV07-SB29.CorrenteCC_01: double
CLS01.4-INV07-SB29.CorrenteCC_02: double
CLS01.4-INV07-SB29.CorrenteCC_03: double
CLS01.4-INV07-SB29.CorrenteCC_04: double
CLS01.4-INV07-SB29.CorrenteCC_05: double
CLS01.4-INV07-SB29.CorrenteCC_06: double
CLS01.4-INV07-SB29.CorrenteCC_07: double
CLS01.4-INV07-SB29.CorrenteCC_08: double
CLS01.4-INV07-SB29.CorrenteCC_09: double
CLS01.4-INV07-SB29.CorrenteCC_10: double
CLS01.4-INV07-SB29.CorrenteCC_11: double
CLS01.4-INV07-SB29.CorrenteCC_12: double
CLS01.4-INV07-SB29.CorrenteCC_13: double
CLS01.4-INV07-SB29.CorrenteCC_14: double
CLS01.4-INV07-SB29.CorrenteCC_15: double
CLS01.4-INV07-SB29.CorrenteCC_16: double
CLS01.4-INV07-SB29.TensaoCC: double
CLS01.4-INV07-SB29-TR113.PosAngAlvo: double
CLS01.4-INV07-SB29-TR113.PosAngAtual: double
CLS01.4-INV07-SB29-TR114.PosAngAlvo: double
CLS01.4-INV07-SB29-TR114.PosAngAtual: double
CLS01.4-INV07-SB29-TR115.PosAngAlvo: double
CLS01.4-INV07-SB29-TR115.PosAngAtual: double
CLS01.4-INV07-SB29-TR116.PosAngAlvo: double
CLS01.4-INV07-SB29-TR116.PosAngAtual: double
CLS01.4-INV07-SB30.CorrenteCC_01: double
CLS01.4-INV07-SB30.CorrenteCC_02: double
CLS01.4-INV07-SB30.CorrenteCC_03: double
CLS01.4-INV07-SB30.CorrenteCC_04: double
CLS01.4-INV07-SB30.CorrenteCC_05: double
CLS01.4-INV07-SB30.CorrenteCC_06: double
CLS01.4-INV07-SB30.CorrenteCC_07: double
CLS01.4-INV07-SB30.CorrenteCC_08: double
CLS01.4-INV07-SB30.CorrenteCC_09: double
CLS01.4-INV07-SB30.CorrenteCC_10: double
CLS01.4-INV07-SB30.CorrenteCC_11: double
CLS01.4-INV07-SB30.CorrenteCC_12: double
CLS01.4-INV07-SB30.CorrenteCC_13: double
CLS01.4-INV07-SB30.CorrenteCC_14: double
CLS01.4-INV07-SB30.CorrenteCC_15: double
CLS01.4-INV07-SB30.CorrenteCC_16: double
CLS01.4-INV07-SB30.TensaoCC: double
CLS01.4-INV07-SB30-TR117.PosAngAlvo: double
CLS01.4-INV07-SB30-TR117.PosAngAtual: double
CLS01.4-INV07-SB30-TR118.PosAngAlvo: double
CLS01.4-INV07-SB30-TR118.PosAngAtual: double
CLS01.4-INV07-SB30-TR119.PosAngAlvo: double
CLS01.4-INV07-SB30-TR119.PosAngAtual: double
CLS01.4-INV07-SB30-TR120.PosAngAlvo: double
CLS01.4-INV07-SB30-TR120.PosAngAtual: double
CLS01.4-INV07-SB31.CorrenteCC_01: double
CLS01.4-INV07-SB31.CorrenteCC_02: double
CLS01.4-INV07-SB31.CorrenteCC_03: double
CLS01.4-INV07-SB31.CorrenteCC_04: double
CLS01.4-INV07-SB31.CorrenteCC_05: double
CLS01.4-INV07-SB31.CorrenteCC_06: double
CLS01.4-INV07-SB31.CorrenteCC_07: double
CLS01.4-INV07-SB31.CorrenteCC_08: double
CLS01.4-INV07-SB31.CorrenteCC_09: double
CLS01.4-INV07-SB31.CorrenteCC_10: double
CLS01.4-INV07-SB31.CorrenteCC_11: double
CLS01.4-INV07-SB31.CorrenteCC_12: double
CLS01.4-INV07-SB31.CorrenteCC_13: double
CLS01.4-INV07-SB31.CorrenteCC_14: double
CLS01.4-INV07-SB31.CorrenteCC_15: double
CLS01.4-INV07-SB31.CorrenteCC_16: double
CLS01.4-INV07-SB31.TensaoCC: double
CLS01.4-INV07-SB31-TR121.PosAngAlvo: double
CLS01.4-INV07-SB31-TR121.PosAngAtual: double
CLS01.4-INV07-SB31-TR122.PosAngAlvo: double
CLS01.4-INV07-SB31-TR122.PosAngAtual: double
CLS01.4-INV07-SB31-TR123.PosAngAlvo: double
CLS01.4-INV07-SB31-TR123.PosAngAtual: double
CLS01.4-INV07-SB31-TR124.PosAngAlvo: double
CLS01.4-INV07-SB31-TR124.PosAngAtual: double
CLS01.4-INV07-SB32.CorrenteCC_01: double
CLS01.4-INV07-SB32.CorrenteCC_02: double
CLS01.4-INV07-SB32.CorrenteCC_03: double
CLS01.4-INV07-SB32.CorrenteCC_04: double
CLS01.4-INV07-SB32.CorrenteCC_05: double
CLS01.4-INV07-SB32.CorrenteCC_06: double
CLS01.4-INV07-SB32.CorrenteCC_07: double
CLS01.4-INV07-SB32.CorrenteCC_08: double
CLS01.4-INV07-SB32.CorrenteCC_09: double
CLS01.4-INV07-SB32.CorrenteCC_10: double
CLS01.4-INV07-SB32.CorrenteCC_11: double
CLS01.4-INV07-SB32.CorrenteCC_12: double
CLS01.4-INV07-SB32.CorrenteCC_13: double
CLS01.4-INV07-SB32.CorrenteCC_14: double
CLS01.4-INV07-SB32.CorrenteCC_15: double
CLS01.4-INV07-SB32.CorrenteCC_16: double
CLS01.4-INV07-SB32.TensaoCC: double
CLS01.4-INV07-SB32-TR125.PosAngAlvo: double
CLS01.4-INV07-SB32-TR125.PosAngAtual: double
CLS01.4-INV07-SB32-TR126.PosAngAlvo: double
CLS01.4-INV07-SB32-TR126.PosAngAtual: double
CLS01.4-INV07-SB32-TR127.PosAngAlvo: double
CLS01.4-INV07-SB32-TR127.PosAngAtual: double
CLS01.4-INV07-SB32-TR128.PosAngAlvo: double
CLS01.4-INV07-SB32-TR128.PosAngAtual: double
CLS01.4-INV08.CorA: double
CLS01.4-INV08.CorB: double
CLS01.4-INV08.CorC: double
CLS01.4-INV08.CorrenteCC: double
CLS01.4-INV08.PotAt: double
CLS01.4-INV08.TenAB: double
CLS01.4-INV08.TenBC: double
CLS01.4-INV08.TenCA: double
CLS01.4-INV08.TensaoCC: double
CLS01.4-INV08-SB21.CorrenteCC_01: double
CLS01.4-INV08-SB21.CorrenteCC_02: double
CLS01.4-INV08-SB21.CorrenteCC_03: double
CLS01.4-INV08-SB21.CorrenteCC_04: double
CLS01.4-INV08-SB21.CorrenteCC_05: double
CLS01.4-INV08-SB21.CorrenteCC_06: double
CLS01.4-INV08-SB21.CorrenteCC_07: double
CLS01.4-INV08-SB21.CorrenteCC_08: double
CLS01.4-INV08-SB21.CorrenteCC_09: double
CLS01.4-INV08-SB21.CorrenteCC_10: double
CLS01.4-INV08-SB21.CorrenteCC_11: double
CLS01.4-INV08-SB21.CorrenteCC_12: double
CLS01.4-INV08-SB21.CorrenteCC_13: double
CLS01.4-INV08-SB21.CorrenteCC_14: double
CLS01.4-INV08-SB21.CorrenteCC_15: double
CLS01.4-INV08-SB21.CorrenteCC_16: double
CLS01.4-INV08-SB21.TensaoCC: double
CLS01.4-INV08-SB21-TR081.PosAngAlvo: double
CLS01.4-INV08-SB21-TR081.PosAngAtual: double
CLS01.4-INV08-SB21-TR082.PosAngAlvo: double
CLS01.4-INV08-SB21-TR082.PosAngAtual: double
CLS01.4-INV08-SB21-TR083.PosAngAlvo: double
CLS01.4-INV08-SB21-TR083.PosAngAtual: double
CLS01.4-INV08-SB21-TR084.PosAngAlvo: double
CLS01.4-INV08-SB21-TR084.PosAngAtual: double
CLS01.4-INV08-SB22.CorrenteCC_01: double
CLS01.4-INV08-SB22.CorrenteCC_02: double
CLS01.4-INV08-SB22.CorrenteCC_03: double
CLS01.4-INV08-SB22.CorrenteCC_04: double
CLS01.4-INV08-SB22.CorrenteCC_05: double
CLS01.4-INV08-SB22.CorrenteCC_06: double
CLS01.4-INV08-SB22.CorrenteCC_07: double
CLS01.4-INV08-SB22.CorrenteCC_08: double
CLS01.4-INV08-SB22.CorrenteCC_09: double
CLS01.4-INV08-SB22.CorrenteCC_10: double
CLS01.4-INV08-SB22.CorrenteCC_11: double
CLS01.4-INV08-SB22.CorrenteCC_12: double
CLS01.4-INV08-SB22.CorrenteCC_13: double
CLS01.4-INV08-SB22.CorrenteCC_14: double
CLS01.4-INV08-SB22.CorrenteCC_15: double
CLS01.4-INV08-SB22.CorrenteCC_16: double
CLS01.4-INV08-SB22.TensaoCC: double
CLS01.4-INV08-SB22-TR085.PosAngAlvo: double
CLS01.4-INV08-SB22-TR085.PosAngAtual: double
CLS01.4-INV08-SB22-TR086.PosAngAlvo: double
CLS01.4-INV08-SB22-TR086.PosAngAtual: double
CLS01.4-INV08-SB22-TR087.PosAngAlvo: double
CLS01.4-INV08-SB22-TR087.PosAngAtual: double
CLS01.4-INV08-SB22-TR088.PosAngAlvo: double
CLS01.4-INV08-SB22-TR088.PosAngAtual: double
CLS01.4-INV08-SB23.CorrenteCC_01: double
CLS01.4-INV08-SB23.CorrenteCC_02: double
CLS01.4-INV08-SB23.CorrenteCC_03: double
CLS01.4-INV08-SB23.CorrenteCC_04: double
CLS01.4-INV08-SB23.CorrenteCC_05: double
CLS01.4-INV08-SB23.CorrenteCC_06: double
CLS01.4-INV08-SB23.CorrenteCC_07: double
CLS01.4-INV08-SB23.CorrenteCC_08: double
CLS01.4-INV08-SB23.CorrenteCC_09: double
CLS01.4-INV08-SB23.CorrenteCC_10: double
CLS01.4-INV08-SB23.CorrenteCC_11: double
CLS01.4-INV08-SB23.CorrenteCC_12: double
CLS01.4-INV08-SB23.CorrenteCC_13: double
CLS01.4-INV08-SB23.CorrenteCC_14: double
CLS01.4-INV08-SB23.CorrenteCC_15: double
CLS01.4-INV08-SB23.CorrenteCC_16: double
CLS01.4-INV08-SB23.TensaoCC: double
CLS01.4-INV08-SB23-TR089.PosAngAlvo: double
CLS01.4-INV08-SB23-TR089.PosAngAtual: double
CLS01.4-INV08-SB23-TR090.PosAngAlvo: double
CLS01.4-INV08-SB23-TR090.PosAngAtual: double
CLS01.4-INV08-SB23-TR091.PosAngAlvo: double
CLS01.4-INV08-SB23-TR091.PosAngAtual: double
CLS01.4-INV08-SB23-TR092.PosAngAlvo: double
CLS01.4-INV08-SB23-TR092.PosAngAtual: double
CLS01.4-INV08-SB24.CorrenteCC_01: double
CLS01.4-INV08-SB24.CorrenteCC_02: double
CLS01.4-INV08-SB24.CorrenteCC_03: double
CLS01.4-INV08-SB24.CorrenteCC_04: double
CLS01.4-INV08-SB24.CorrenteCC_05: double
CLS01.4-INV08-SB24.CorrenteCC_06: double
CLS01.4-INV08-SB24.CorrenteCC_07: double
CLS01.4-INV08-SB24.CorrenteCC_08: double
CLS01.4-INV08-SB24.CorrenteCC_09: double
CLS01.4-INV08-SB24.CorrenteCC_10: double
CLS01.4-INV08-SB24.CorrenteCC_11: double
CLS01.4-INV08-SB24.CorrenteCC_12: double
CLS01.4-INV08-SB24.CorrenteCC_13: double
CLS01.4-INV08-SB24.CorrenteCC_14: double
CLS01.4-INV08-SB24.CorrenteCC_15: double
CLS01.4-INV08-SB24.CorrenteCC_16: double
CLS01.4-INV08-SB24.TensaoCC: double
CLS01.4-INV08-SB24-TR093.PosAngAlvo: double
CLS01.4-INV08-SB24-TR093.PosAngAtual: double
CLS01.4-INV08-SB24-TR094.PosAngAlvo: double
CLS01.4-INV08-SB24-TR094.PosAngAtual: double
CLS01.4-INV08-SB24-TR095.PosAngAlvo: double
CLS01.4-INV08-SB24-TR095.PosAngAtual: double
CLS01.4-INV08-SB24-TR096.PosAngAlvo: double
CLS01.4-INV08-SB24-TR096.PosAngAtual: double
CLS01.5.MET-A.POA-Irrd: double
CLS01.5.MET-A.POA-Irrd_REAR: double
CLS01.5.MET-A.T_MOD: double
CLS01.5.MET-A.TxaSuj_1: double
CLS01.5.MET-A.TxaSuj_2: double
CLS01.5-INV01.CorA: double
CLS01.5-INV01.CorB: double
CLS01.5-INV01.CorC: double
CLS01.5-INV01.CorrenteCC: double
CLS01.5-INV01.PotAt: double
CLS01.5-INV01.TenAB: double
CLS01.5-INV01.TenBC: double
CLS01.5-INV01.TenCA: double
CLS01.5-INV01.TensaoCC: double
CLS01.5-INV01-SB13.CorrenteCC_01: double
CLS01.5-INV01-SB13.CorrenteCC_02: double
CLS01.5-INV01-SB13.CorrenteCC_03: double
CLS01.5-INV01-SB13.CorrenteCC_04: double
CLS01.5-INV01-SB13.CorrenteCC_05: double
CLS01.5-INV01-SB13.CorrenteCC_06: double
CLS01.5-INV01-SB13.CorrenteCC_07: double
CLS01.5-INV01-SB13.CorrenteCC_08: double
CLS01.5-INV01-SB13.CorrenteCC_09: double
CLS01.5-INV01-SB13.CorrenteCC_10: double
CLS01.5-INV01-SB13.CorrenteCC_11: double
CLS01.5-INV01-SB13.CorrenteCC_12: double
CLS01.5-INV01-SB13.CorrenteCC_13: double
CLS01.5-INV01-SB13.CorrenteCC_14: double
CLS01.5-INV01-SB13.CorrenteCC_15: double
CLS01.5-INV01-SB13.CorrenteCC_16: double
CLS01.5-INV01-SB13.TensaoCC: double
CLS01.5-INV01-SB13-TR049.PosAngAlvo: double
CLS01.5-INV01-SB13-TR049.PosAngAtual: double
CLS01.5-INV01-SB13-TR050.PosAngAlvo: double
CLS01.5-INV01-SB13-TR050.PosAngAtual: double
CLS01.5-INV01-SB13-TR051.PosAngAlvo: double
CLS01.5-INV01-SB13-TR051.PosAngAtual: double
CLS01.5-INV01-SB13-TR052.PosAngAlvo: double
CLS01.5-INV01-SB13-TR052.PosAngAtual: double
CLS01.5-INV01-SB14.CorrenteCC_01: double
CLS01.5-INV01-SB14.CorrenteCC_02: double
CLS01.5-INV01-SB14.CorrenteCC_03: double
CLS01.5-INV01-SB14.CorrenteCC_04: double
CLS01.5-INV01-SB14.CorrenteCC_05: double
CLS01.5-INV01-SB14.CorrenteCC_06: double
CLS01.5-INV01-SB14.CorrenteCC_07: double
CLS01.5-INV01-SB14.CorrenteCC_08: double
CLS01.5-INV01-SB14.CorrenteCC_09: double
CLS01.5-INV01-SB14.CorrenteCC_10: double
CLS01.5-INV01-SB14.CorrenteCC_11: double
CLS01.5-INV01-SB14.CorrenteCC_12: double
CLS01.5-INV01-SB14.CorrenteCC_13: double
CLS01.5-INV01-SB14.CorrenteCC_14: double
CLS01.5-INV01-SB14.CorrenteCC_15: double
CLS01.5-INV01-SB14.CorrenteCC_16: double
CLS01.5-INV01-SB14.TensaoCC: double
CLS01.5-INV01-SB14-TR053.PosAngAlvo: double
CLS01.5-INV01-SB14-TR053.PosAngAtual: double
CLS01.5-INV01-SB14-TR054.PosAngAlvo: double
CLS01.5-INV01-SB14-TR054.PosAngAtual: double
CLS01.5-INV01-SB14-TR055.PosAngAlvo: double
CLS01.5-INV01-SB14-TR055.PosAngAtual: double
CLS01.5-INV01-SB14-TR056.PosAngAlvo: double
CLS01.5-INV01-SB14-TR056.PosAngAtual: double
CLS01.5-INV01-SB15.CorrenteCC_01: double
CLS01.5-INV01-SB15.CorrenteCC_02: double
CLS01.5-INV01-SB15.CorrenteCC_03: double
CLS01.5-INV01-SB15.CorrenteCC_04: double
CLS01.5-INV01-SB15.CorrenteCC_05: double
CLS01.5-INV01-SB15.CorrenteCC_06: double
CLS01.5-INV01-SB15.CorrenteCC_07: double
CLS01.5-INV01-SB15.CorrenteCC_08: double
CLS01.5-INV01-SB15.CorrenteCC_09: double
CLS01.5-INV01-SB15.CorrenteCC_10: double
CLS01.5-INV01-SB15.CorrenteCC_11: double
CLS01.5-INV01-SB15.CorrenteCC_12: double
CLS01.5-INV01-SB15.CorrenteCC_13: double
CLS01.5-INV01-SB15.CorrenteCC_14: double
CLS01.5-INV01-SB15.CorrenteCC_15: double
CLS01.5-INV01-SB15.CorrenteCC_16: double
CLS01.5-INV01-SB15.TensaoCC: double
CLS01.5-INV01-SB15-TR057.PosAngAlvo: double
CLS01.5-INV01-SB15-TR057.PosAngAtual: double
CLS01.5-INV01-SB15-TR058.PosAngAlvo: double
CLS01.5-INV01-SB15-TR058.PosAngAtual: double
CLS01.5-INV01-SB15-TR059.PosAngAlvo: double
CLS01.5-INV01-SB15-TR059.PosAngAtual: double
CLS01.5-INV01-SB15-TR060.PosAngAlvo: double
CLS01.5-INV01-SB15-TR060.PosAngAtual: double
CLS01.5-INV01-SB16.CorrenteCC_01: double
CLS01.5-INV01-SB16.CorrenteCC_02: double
CLS01.5-INV01-SB16.CorrenteCC_03: double
CLS01.5-INV01-SB16.CorrenteCC_04: double
CLS01.5-INV01-SB16.CorrenteCC_05: double
CLS01.5-INV01-SB16.CorrenteCC_06: double
CLS01.5-INV01-SB16.CorrenteCC_07: double
CLS01.5-INV01-SB16.CorrenteCC_08: double
CLS01.5-INV01-SB16.CorrenteCC_09: double
CLS01.5-INV01-SB16.CorrenteCC_10: double
CLS01.5-INV01-SB16.CorrenteCC_11: double
CLS01.5-INV01-SB16.CorrenteCC_12: double
CLS01.5-INV01-SB16.CorrenteCC_13: double
CLS01.5-INV01-SB16.CorrenteCC_14: double
CLS01.5-INV01-SB16.CorrenteCC_15: double
CLS01.5-INV01-SB16.CorrenteCC_16: double
CLS01.5-INV01-SB16.TensaoCC: double
CLS01.5-INV01-SB16-TR061.PosAngAlvo: double
CLS01.5-INV01-SB16-TR061.PosAngAtual: double
CLS01.5-INV01-SB16-TR062.PosAngAlvo: double
CLS01.5-INV01-SB16-TR062.PosAngAtual: double
CLS01.5-INV01-SB16-TR063.PosAngAlvo: double
CLS01.5-INV01-SB16-TR063.PosAngAtual: double
CLS01.5-INV01-SB16-TR064.PosAngAlvo: double
CLS01.5-INV01-SB16-TR064.PosAngAtual: double
CLS01.5-INV02.CorA: double
CLS01.5-INV02.CorB: double
CLS01.5-INV02.CorC: double
CLS01.5-INV02.CorrenteCC: double
CLS01.5-INV02.PotAt: double
CLS01.5-INV02.TenAB: double
CLS01.5-INV02.TenBC: double
CLS01.5-INV02.TenCA: double
CLS01.5-INV02.TensaoCC: double
CLS01.5-INV02-SB05.CorrenteCC_01: double
CLS01.5-INV02-SB05.CorrenteCC_02: double
CLS01.5-INV02-SB05.CorrenteCC_03: double
CLS01.5-INV02-SB05.CorrenteCC_04: double
CLS01.5-INV02-SB05.CorrenteCC_05: double
CLS01.5-INV02-SB05.CorrenteCC_06: double
CLS01.5-INV02-SB05.CorrenteCC_07: double
CLS01.5-INV02-SB05.CorrenteCC_08: double
CLS01.5-INV02-SB05.CorrenteCC_09: double
CLS01.5-INV02-SB05.CorrenteCC_10: double
CLS01.5-INV02-SB05.CorrenteCC_11: double
CLS01.5-INV02-SB05.CorrenteCC_12: double
CLS01.5-INV02-SB05.CorrenteCC_13: double
CLS01.5-INV02-SB05.CorrenteCC_14: double
CLS01.5-INV02-SB05.CorrenteCC_15: double
CLS01.5-INV02-SB05.CorrenteCC_16: double
CLS01.5-INV02-SB05.TensaoCC: double
CLS01.5-INV02-SB05-TR017.PosAngAlvo: double
CLS01.5-INV02-SB05-TR017.PosAngAtual: double
CLS01.5-INV02-SB05-TR018.PosAngAlvo: double
CLS01.5-INV02-SB05-TR018.PosAngAtual: double
CLS01.5-INV02-SB05-TR019.PosAngAlvo: double
CLS01.5-INV02-SB05-TR019.PosAngAtual: double
CLS01.5-INV02-SB05-TR020.PosAngAlvo: double
CLS01.5-INV02-SB05-TR020.PosAngAtual: double
CLS01.5-INV02-SB06.CorrenteCC_01: double
CLS01.5-INV02-SB06.CorrenteCC_02: double
CLS01.5-INV02-SB06.CorrenteCC_03: double
CLS01.5-INV02-SB06.CorrenteCC_04: double
CLS01.5-INV02-SB06.CorrenteCC_05: double
CLS01.5-INV02-SB06.CorrenteCC_06: double
CLS01.5-INV02-SB06.CorrenteCC_07: double
CLS01.5-INV02-SB06.CorrenteCC_08: double
CLS01.5-INV02-SB06.CorrenteCC_09: double
CLS01.5-INV02-SB06.CorrenteCC_10: double
CLS01.5-INV02-SB06.CorrenteCC_11: double
CLS01.5-INV02-SB06.CorrenteCC_12: double
CLS01.5-INV02-SB06.CorrenteCC_13: double
CLS01.5-INV02-SB06.CorrenteCC_14: double
CLS01.5-INV02-SB06.CorrenteCC_15: double
CLS01.5-INV02-SB06.CorrenteCC_16: double
CLS01.5-INV02-SB06.TensaoCC: double
CLS01.5-INV02-SB06-TR021.PosAngAlvo: double
CLS01.5-INV02-SB06-TR021.PosAngAtual: double
CLS01.5-INV02-SB06-TR022.PosAngAlvo: double
CLS01.5-INV02-SB06-TR022.PosAngAtual: double
CLS01.5-INV02-SB06-TR023.PosAngAlvo: double
CLS01.5-INV02-SB06-TR023.PosAngAtual: double
CLS01.5-INV02-SB06-TR024.PosAngAlvo: double
CLS01.5-INV02-SB06-TR024.PosAngAtual: double
CLS01.5-INV02-SB07.CorrenteCC_01: double
CLS01.5-INV02-SB07.CorrenteCC_02: double
CLS01.5-INV02-SB07.CorrenteCC_03: double
CLS01.5-INV02-SB07.CorrenteCC_04: double
CLS01.5-INV02-SB07.CorrenteCC_05: double
CLS01.5-INV02-SB07.CorrenteCC_06: double
CLS01.5-INV02-SB07.CorrenteCC_07: double
CLS01.5-INV02-SB07.CorrenteCC_08: double
CLS01.5-INV02-SB07.CorrenteCC_09: double
CLS01.5-INV02-SB07.CorrenteCC_10: double
CLS01.5-INV02-SB07.CorrenteCC_11: double
CLS01.5-INV02-SB07.CorrenteCC_12: double
CLS01.5-INV02-SB07.CorrenteCC_13: double
CLS01.5-INV02-SB07.CorrenteCC_14: double
CLS01.5-INV02-SB07.CorrenteCC_15: double
CLS01.5-INV02-SB07.CorrenteCC_16: double
CLS01.5-INV02-SB07.TensaoCC: double
CLS01.5-INV02-SB07-TR025.PosAngAlvo: double
CLS01.5-INV02-SB07-TR025.PosAngAtual: double
CLS01.5-INV02-SB07-TR026.PosAngAlvo: double
CLS01.5-INV02-SB07-TR026.PosAngAtual: double
CLS01.5-INV02-SB07-TR027.PosAngAlvo: double
CLS01.5-INV02-SB07-TR027.PosAngAtual: double
CLS01.5-INV02-SB07-TR028.PosAngAlvo: double
CLS01.5-INV02-SB07-TR028.PosAngAtual: double
CLS01.5-INV02-SB08.CorrenteCC_01: double
CLS01.5-INV02-SB08.CorrenteCC_02: double
CLS01.5-INV02-SB08.CorrenteCC_03: double
CLS01.5-INV02-SB08.CorrenteCC_04: double
CLS01.5-INV02-SB08.CorrenteCC_05: double
CLS01.5-INV02-SB08.CorrenteCC_06: double
CLS01.5-INV02-SB08.CorrenteCC_07: double
CLS01.5-INV02-SB08.CorrenteCC_08: double
CLS01.5-INV02-SB08.CorrenteCC_09: double
CLS01.5-INV02-SB08.CorrenteCC_10: double
CLS01.5-INV02-SB08.CorrenteCC_11: double
CLS01.5-INV02-SB08.CorrenteCC_12: double
CLS01.5-INV02-SB08.CorrenteCC_13: double
CLS01.5-INV02-SB08.CorrenteCC_14: double
CLS01.5-INV02-SB08.CorrenteCC_15: double
CLS01.5-INV02-SB08.CorrenteCC_16: double
CLS01.5-INV02-SB08.TensaoCC: double
CLS01.5-INV02-SB08-TR029.PosAngAlvo: double
CLS01.5-INV02-SB08-TR029.PosAngAtual: double
CLS01.5-INV02-SB08-TR030.PosAngAlvo: double
CLS01.5-INV02-SB08-TR030.PosAngAtual: double
CLS01.5-INV02-SB08-TR031.PosAngAlvo: double
CLS01.5-INV02-SB08-TR031.PosAngAtual: double
CLS01.5-INV02-SB08-TR032.PosAngAlvo: double
CLS01.5-INV02-SB08-TR032.PosAngAtual: double
CLS01.5-INV03.CorA: double
CLS01.5-INV03.CorB: double
CLS01.5-INV03.CorC: double
CLS01.5-INV03.CorrenteCC: double
CLS01.5-INV03.PotAt: double
CLS01.5-INV03.TenAB: double
CLS01.5-INV03.TenBC: double
CLS01.5-INV03.TenCA: double
CLS01.5-INV03.TensaoCC: double
CLS01.5-INV03-SB01.CorrenteCC_01: double
CLS01.5-INV03-SB01.CorrenteCC_02: double
CLS01.5-INV03-SB01.CorrenteCC_03: double
CLS01.5-INV03-SB01.CorrenteCC_04: double
CLS01.5-INV03-SB01.CorrenteCC_05: double
CLS01.5-INV03-SB01.CorrenteCC_06: double
CLS01.5-INV03-SB01.CorrenteCC_07: double
CLS01.5-INV03-SB01.CorrenteCC_08: double
CLS01.5-INV03-SB01.CorrenteCC_09: double
CLS01.5-INV03-SB01.CorrenteCC_10: double
CLS01.5-INV03-SB01.CorrenteCC_11: double
CLS01.5-INV03-SB01.CorrenteCC_12: double
CLS01.5-INV03-SB01.CorrenteCC_13: double
CLS01.5-INV03-SB01.CorrenteCC_14: double
CLS01.5-INV03-SB01.CorrenteCC_15: double
CLS01.5-INV03-SB01.CorrenteCC_16: double
CLS01.5-INV03-SB01.TensaoCC: double
CLS01.5-INV03-SB01-TR001.PosAngAlvo: double
CLS01.5-INV03-SB01-TR001.PosAngAtual: double
CLS01.5-INV03-SB01-TR002.PosAngAlvo: double
CLS01.5-INV03-SB01-TR002.PosAngAtual: double
CLS01.5-INV03-SB01-TR003.PosAngAlvo: double
CLS01.5-INV03-SB01-TR003.PosAngAtual: double
CLS01.5-INV03-SB01-TR004.PosAngAlvo: double
CLS01.5-INV03-SB01-TR004.PosAngAtual: double
CLS01.5-INV03-SB02.CorrenteCC_01: double
CLS01.5-INV03-SB02.CorrenteCC_02: double
CLS01.5-INV03-SB02.CorrenteCC_03: double
CLS01.5-INV03-SB02.CorrenteCC_04: double
CLS01.5-INV03-SB02.CorrenteCC_05: double
CLS01.5-INV03-SB02.CorrenteCC_06: double
CLS01.5-INV03-SB02.CorrenteCC_07: double
CLS01.5-INV03-SB02.CorrenteCC_08: double
CLS01.5-INV03-SB02.CorrenteCC_09: double
CLS01.5-INV03-SB02.CorrenteCC_10: double
CLS01.5-INV03-SB02.CorrenteCC_11: double
CLS01.5-INV03-SB02.CorrenteCC_12: double
CLS01.5-INV03-SB02.CorrenteCC_13: double
CLS01.5-INV03-SB02.CorrenteCC_14: double
CLS01.5-INV03-SB02.CorrenteCC_15: double
CLS01.5-INV03-SB02.CorrenteCC_16: double
CLS01.5-INV03-SB02.TensaoCC: double
CLS01.5-INV03-SB02-TR005.PosAngAlvo: double
CLS01.5-INV03-SB02-TR005.PosAngAtual: double
CLS01.5-INV03-SB02-TR006.PosAngAlvo: double
CLS01.5-INV03-SB02-TR006.PosAngAtual: double
CLS01.5-INV03-SB02-TR007.PosAngAlvo: double
CLS01.5-INV03-SB02-TR007.PosAngAtual: double
CLS01.5-INV03-SB02-TR008.PosAngAlvo: double
CLS01.5-INV03-SB02-TR008.PosAngAtual: double
CLS01.5-INV03-SB03.CorrenteCC_01: double
CLS01.5-INV03-SB03.CorrenteCC_02: double
CLS01.5-INV03-SB03.CorrenteCC_03: double
CLS01.5-INV03-SB03.CorrenteCC_04: double
CLS01.5-INV03-SB03.CorrenteCC_05: double
CLS01.5-INV03-SB03.CorrenteCC_06: double
CLS01.5-INV03-SB03.CorrenteCC_07: double
CLS01.5-INV03-SB03.CorrenteCC_08: double
CLS01.5-INV03-SB03.CorrenteCC_09: double
CLS01.5-INV03-SB03.CorrenteCC_10: double
CLS01.5-INV03-SB03.CorrenteCC_11: double
CLS01.5-INV03-SB03.CorrenteCC_12: double
CLS01.5-INV03-SB03.CorrenteCC_13: double
CLS01.5-INV03-SB03.CorrenteCC_14: double
CLS01.5-INV03-SB03.CorrenteCC_15: double
CLS01.5-INV03-SB03.CorrenteCC_16: double
CLS01.5-INV03-SB03.TensaoCC: double
CLS01.5-INV03-SB03-TR009.PosAngAlvo: double
CLS01.5-INV03-SB03-TR009.PosAngAtual: double
CLS01.5-INV03-SB03-TR010.PosAngAlvo: double
CLS01.5-INV03-SB03-TR010.PosAngAtual: double
CLS01.5-INV03-SB03-TR011.PosAngAlvo: double
CLS01.5-INV03-SB03-TR011.PosAngAtual: double
CLS01.5-INV03-SB03-TR012.PosAngAlvo: double
CLS01.5-INV03-SB03-TR012.PosAngAtual: double
CLS01.5-INV03-SB04.CorrenteCC_01: double
CLS01.5-INV03-SB04.CorrenteCC_02: double
CLS01.5-INV03-SB04.CorrenteCC_03: double
CLS01.5-INV03-SB04.CorrenteCC_04: double
CLS01.5-INV03-SB04.CorrenteCC_05: double
CLS01.5-INV03-SB04.CorrenteCC_06: double
CLS01.5-INV03-SB04.CorrenteCC_07: double
CLS01.5-INV03-SB04.CorrenteCC_08: double
CLS01.5-INV03-SB04.CorrenteCC_09: double
CLS01.5-INV03-SB04.CorrenteCC_10: double
CLS01.5-INV03-SB04.CorrenteCC_11: double
CLS01.5-INV03-SB04.CorrenteCC_12: double
CLS01.5-INV03-SB04.CorrenteCC_13: double
CLS01.5-INV03-SB04.CorrenteCC_14: double
CLS01.5-INV03-SB04.CorrenteCC_15: double
CLS01.5-INV03-SB04.CorrenteCC_16: double
CLS01.5-INV03-SB04.TensaoCC: double
CLS01.5-INV03-SB04-TR013.PosAngAlvo: double
CLS01.5-INV03-SB04-TR013.PosAngAtual: double
CLS01.5-INV03-SB04-TR014.PosAngAlvo: double
CLS01.5-INV03-SB04-TR014.PosAngAtual: double
CLS01.5-INV03-SB04-TR015.PosAngAlvo: double
CLS01.5-INV03-SB04-TR015.PosAngAtual: double
CLS01.5-INV03-SB04-TR016.PosAngAlvo: double
CLS01.5-INV03-SB04-TR016.PosAngAtual: double
CLS01.5-INV04.CorA: double
CLS01.5-INV04.CorB: double
CLS01.5-INV04.CorC: double
CLS01.5-INV04.CorrenteCC: double
CLS01.5-INV04.PotAt: double
CLS01.5-INV04.TenAB: double
CLS01.5-INV04.TenBC: double
CLS01.5-INV04.TenCA: double
CLS01.5-INV04.TensaoCC: double
CLS01.5-INV04-SB09.CorrenteCC_01: double
CLS01.5-INV04-SB09.CorrenteCC_02: double
CLS01.5-INV04-SB09.CorrenteCC_03: double
CLS01.5-INV04-SB09.CorrenteCC_04: double
CLS01.5-INV04-SB09.CorrenteCC_05: double
CLS01.5-INV04-SB09.CorrenteCC_06: double
CLS01.5-INV04-SB09.CorrenteCC_07: double
CLS01.5-INV04-SB09.CorrenteCC_08: double
CLS01.5-INV04-SB09.CorrenteCC_09: double
CLS01.5-INV04-SB09.CorrenteCC_10: double
CLS01.5-INV04-SB09.CorrenteCC_11: double
CLS01.5-INV04-SB09.CorrenteCC_12: double
CLS01.5-INV04-SB09.CorrenteCC_13: double
CLS01.5-INV04-SB09.CorrenteCC_14: double
CLS01.5-INV04-SB09.CorrenteCC_15: double
CLS01.5-INV04-SB09.CorrenteCC_16: double
CLS01.5-INV04-SB09.TensaoCC: double
CLS01.5-INV04-SB09-TR033.PosAngAlvo: double
CLS01.5-INV04-SB09-TR033.PosAngAtual: double
CLS01.5-INV04-SB09-TR034.PosAngAlvo: double
CLS01.5-INV04-SB09-TR034.PosAngAtual: double
CLS01.5-INV04-SB09-TR035.PosAngAlvo: double
CLS01.5-INV04-SB09-TR035.PosAngAtual: double
CLS01.5-INV04-SB09-TR036.PosAngAlvo: double
CLS01.5-INV04-SB09-TR036.PosAngAtual: double
CLS01.5-INV04-SB10.CorrenteCC_01: double
CLS01.5-INV04-SB10.CorrenteCC_02: double
CLS01.5-INV04-SB10.CorrenteCC_03: double
CLS01.5-INV04-SB10.CorrenteCC_04: double
CLS01.5-INV04-SB10.CorrenteCC_05: double
CLS01.5-INV04-SB10.CorrenteCC_06: double
CLS01.5-INV04-SB10.CorrenteCC_07: double
CLS01.5-INV04-SB10.CorrenteCC_08: double
CLS01.5-INV04-SB10.CorrenteCC_09: double
CLS01.5-INV04-SB10.CorrenteCC_10: double
CLS01.5-INV04-SB10.CorrenteCC_11: double
CLS01.5-INV04-SB10.CorrenteCC_12: double
CLS01.5-INV04-SB10.CorrenteCC_13: double
CLS01.5-INV04-SB10.CorrenteCC_14: double
CLS01.5-INV04-SB10.CorrenteCC_15: double
CLS01.5-INV04-SB10.CorrenteCC_16: double
CLS01.5-INV04-SB10.TensaoCC: double
CLS01.5-INV04-SB10-TR037.PosAngAlvo: double
CLS01.5-INV04-SB10-TR037.PosAngAtual: double
CLS01.5-INV04-SB10-TR038.PosAngAlvo: double
CLS01.5-INV04-SB10-TR038.PosAngAtual: double
CLS01.5-INV04-SB10-TR039.PosAngAlvo: double
CLS01.5-INV04-SB10-TR039.PosAngAtual: double
CLS01.5-INV04-SB10-TR040.PosAngAlvo: double
CLS01.5-INV04-SB10-TR040.PosAngAtual: double
CLS01.5-INV04-SB11.CorrenteCC_01: double
CLS01.5-INV04-SB11.CorrenteCC_02: double
CLS01.5-INV04-SB11.CorrenteCC_03: double
CLS01.5-INV04-SB11.CorrenteCC_04: double
CLS01.5-INV04-SB11.CorrenteCC_05: double
CLS01.5-INV04-SB11.CorrenteCC_06: double
CLS01.5-INV04-SB11.CorrenteCC_07: double
CLS01.5-INV04-SB11.CorrenteCC_08: double
CLS01.5-INV04-SB11.CorrenteCC_09: double
CLS01.5-INV04-SB11.CorrenteCC_10: double
CLS01.5-INV04-SB11.CorrenteCC_11: double
CLS01.5-INV04-SB11.CorrenteCC_12: double
CLS01.5-INV04-SB11.CorrenteCC_13: double
CLS01.5-INV04-SB11.CorrenteCC_14: double
CLS01.5-INV04-SB11.CorrenteCC_15: double
CLS01.5-INV04-SB11.CorrenteCC_16: double
CLS01.5-INV04-SB11.TensaoCC: double
CLS01.5-INV04-SB11-TR041.PosAngAlvo: double
CLS01.5-INV04-SB11-TR041.PosAngAtual: double
CLS01.5-INV04-SB11-TR042.PosAngAlvo: double
CLS01.5-INV04-SB11-TR042.PosAngAtual: double
CLS01.5-INV04-SB11-TR043.PosAngAlvo: double
CLS01.5-INV04-SB11-TR043.PosAngAtual: double
CLS01.5-INV04-SB11-TR044.PosAngAlvo: double
CLS01.5-INV04-SB11-TR044.PosAngAtual: double
CLS01.5-INV04-SB12.CorrenteCC_01: double
CLS01.5-INV04-SB12.CorrenteCC_02: double
CLS01.5-INV04-SB12.CorrenteCC_03: double
CLS01.5-INV04-SB12.CorrenteCC_04: double
CLS01.5-INV04-SB12.CorrenteCC_05: double
CLS01.5-INV04-SB12.CorrenteCC_06: double
CLS01.5-INV04-SB12.CorrenteCC_07: double
CLS01.5-INV04-SB12.CorrenteCC_08: double
CLS01.5-INV04-SB12.CorrenteCC_09: double
CLS01.5-INV04-SB12.CorrenteCC_10: double
CLS01.5-INV04-SB12.CorrenteCC_11: double
CLS01.5-INV04-SB12.CorrenteCC_12: double
CLS01.5-INV04-SB12.CorrenteCC_13: double
CLS01.5-INV04-SB12.CorrenteCC_14: double
CLS01.5-INV04-SB12.CorrenteCC_15: double
CLS01.5-INV04-SB12.CorrenteCC_16: double
CLS01.5-INV04-SB12.TensaoCC: double
CLS01.5-INV04-SB12-TR045.PosAngAlvo: double
CLS01.5-INV04-SB12-TR045.PosAngAtual: double
CLS01.5-INV04-SB12-TR046.PosAngAlvo: double
CLS01.5-INV04-SB12-TR046.PosAngAtual: double
CLS01.5-INV04-SB12-TR047.PosAngAlvo: double
CLS01.5-INV04-SB12-TR047.PosAngAtual: double
CLS01.5-INV04-SB12-TR048.PosAngAlvo: double
CLS01.5-INV04-SB12-TR048.PosAngAtual: double
CLS01.5-INV05.CorA: double
CLS01.5-INV05.CorB: double
CLS01.5-INV05.CorC: double
CLS01.5-INV05.CorrenteCC: double
CLS01.5-INV05.PotAt: double
CLS01.5-INV05.TenAB: double
CLS01.5-INV05.TenBC: double
CLS01.5-INV05.TenCA: double
CLS01.5-INV05.TensaoCC: double
CLS01.5-INV05-SB17.CorrenteCC_01: double
CLS01.5-INV05-SB17.CorrenteCC_02: double
CLS01.5-INV05-SB17.CorrenteCC_03: double
CLS01.5-INV05-SB17.CorrenteCC_04: double
CLS01.5-INV05-SB17.CorrenteCC_05: double
CLS01.5-INV05-SB17.CorrenteCC_06: double
CLS01.5-INV05-SB17.CorrenteCC_07: double
CLS01.5-INV05-SB17.CorrenteCC_08: double
CLS01.5-INV05-SB17.CorrenteCC_09: double
CLS01.5-INV05-SB17.CorrenteCC_10: double
CLS01.5-INV05-SB17.CorrenteCC_11: double
CLS01.5-INV05-SB17.CorrenteCC_12: double
CLS01.5-INV05-SB17.CorrenteCC_13: double
CLS01.5-INV05-SB17.CorrenteCC_14: double
CLS01.5-INV05-SB17.CorrenteCC_15: double
CLS01.5-INV05-SB17.CorrenteCC_16: double
CLS01.5-INV05-SB17.TensaoCC: double
CLS01.5-INV05-SB17-TR065.PosAngAlvo: double
CLS01.5-INV05-SB17-TR065.PosAngAtual: double
CLS01.5-INV05-SB17-TR066.PosAngAlvo: double
CLS01.5-INV05-SB17-TR066.PosAngAtual: double
CLS01.5-INV05-SB17-TR067.PosAngAlvo: double
CLS01.5-INV05-SB17-TR067.PosAngAtual: double
CLS01.5-INV05-SB17-TR068.PosAngAlvo: double
CLS01.5-INV05-SB17-TR068.PosAngAtual: double
CLS01.5-INV05-SB18.CorrenteCC_01: double
CLS01.5-INV05-SB18.CorrenteCC_02: double
CLS01.5-INV05-SB18.CorrenteCC_03: double
CLS01.5-INV05-SB18.CorrenteCC_04: double
CLS01.5-INV05-SB18.CorrenteCC_05: double
CLS01.5-INV05-SB18.CorrenteCC_06: double
CLS01.5-INV05-SB18.CorrenteCC_07: double
CLS01.5-INV05-SB18.CorrenteCC_08: double
CLS01.5-INV05-SB18.CorrenteCC_09: double
CLS01.5-INV05-SB18.CorrenteCC_10: double
CLS01.5-INV05-SB18.CorrenteCC_11: double
CLS01.5-INV05-SB18.CorrenteCC_12: double
CLS01.5-INV05-SB18.CorrenteCC_13: double
CLS01.5-INV05-SB18.CorrenteCC_14: double
CLS01.5-INV05-SB18.CorrenteCC_15: double
CLS01.5-INV05-SB18.CorrenteCC_16: double
CLS01.5-INV05-SB18.TensaoCC: double
CLS01.5-INV05-SB18-TR069.PosAngAlvo: double
CLS01.5-INV05-SB18-TR069.PosAngAtual: double
CLS01.5-INV05-SB18-TR070.PosAngAlvo: double
CLS01.5-INV05-SB18-TR070.PosAngAtual: double
CLS01.5-INV05-SB18-TR071.PosAngAlvo: double
CLS01.5-INV05-SB18-TR071.PosAngAtual: double
CLS01.5-INV05-SB18-TR072.PosAngAlvo: double
CLS01.5-INV05-SB18-TR072.PosAngAtual: double
CLS01.5-INV05-SB19.CorrenteCC_01: double
CLS01.5-INV05-SB19.CorrenteCC_02: double
CLS01.5-INV05-SB19.CorrenteCC_03: double
CLS01.5-INV05-SB19.CorrenteCC_04: double
CLS01.5-INV05-SB19.CorrenteCC_05: double
CLS01.5-INV05-SB19.CorrenteCC_06: double
CLS01.5-INV05-SB19.CorrenteCC_07: double
CLS01.5-INV05-SB19.CorrenteCC_08: double
CLS01.5-INV05-SB19.CorrenteCC_09: double
CLS01.5-INV05-SB19.CorrenteCC_10: double
CLS01.5-INV05-SB19.CorrenteCC_11: double
CLS01.5-INV05-SB19.CorrenteCC_12: double
CLS01.5-INV05-SB19.CorrenteCC_13: double
CLS01.5-INV05-SB19.CorrenteCC_14: double
CLS01.5-INV05-SB19.CorrenteCC_15: double
CLS01.5-INV05-SB19.CorrenteCC_16: double
CLS01.5-INV05-SB19.TensaoCC: double
CLS01.5-INV05-SB19-TR073.PosAngAlvo: double
CLS01.5-INV05-SB19-TR073.PosAngAtual: double
CLS01.5-INV05-SB19-TR074.PosAngAlvo: double
CLS01.5-INV05-SB19-TR074.PosAngAtual: double
CLS01.5-INV05-SB19-TR075.PosAngAlvo: double
CLS01.5-INV05-SB19-TR075.PosAngAtual: double
CLS01.5-INV05-SB19-TR076.PosAngAlvo: double
CLS01.5-INV05-SB19-TR076.PosAngAtual: double
CLS01.5-INV05-SB20.CorrenteCC_01: double
CLS01.5-INV05-SB20.CorrenteCC_02: double
CLS01.5-INV05-SB20.CorrenteCC_03: double
CLS01.5-INV05-SB20.CorrenteCC_04: double
CLS01.5-INV05-SB20.CorrenteCC_05: double
CLS01.5-INV05-SB20.CorrenteCC_06: double
CLS01.5-INV05-SB20.CorrenteCC_07: double
CLS01.5-INV05-SB20.CorrenteCC_08: double
CLS01.5-INV05-SB20.CorrenteCC_09: double
CLS01.5-INV05-SB20.CorrenteCC_10: double
CLS01.5-INV05-SB20.CorrenteCC_11: double
CLS01.5-INV05-SB20.CorrenteCC_12: double
CLS01.5-INV05-SB20.CorrenteCC_13: double
CLS01.5-INV05-SB20.CorrenteCC_14: double
CLS01.5-INV05-SB20.CorrenteCC_15: double
CLS01.5-INV05-SB20.CorrenteCC_16: double
CLS01.5-INV05-SB20.TensaoCC: double
CLS01.5-INV05-SB20-TR077.PosAngAlvo: double
CLS01.5-INV05-SB20-TR077.PosAngAtual: double
CLS01.5-INV05-SB20-TR078.PosAngAlvo: double
CLS01.5-INV05-SB20-TR078.PosAngAtual: double
CLS01.5-INV05-SB20-TR079.PosAngAlvo: double
CLS01.5-INV05-SB20-TR079.PosAngAtual: double
CLS01.5-INV05-SB20-TR080.PosAngAlvo: double
CLS01.5-INV05-SB20-TR080.PosAngAtual: double
CLS01.5-INV06.CorA: double
CLS01.5-INV06.CorB: double
CLS01.5-INV06.CorC: double
CLS01.5-INV06.CorrenteCC: double
CLS01.5-INV06.PotAt: double
CLS01.5-INV06.TenAB: double
CLS01.5-INV06.TenBC: double
CLS01.5-INV06.TenCA: double
CLS01.5-INV06.TensaoCC: double
CLS01.5-INV06-SB25.CorrenteCC_01: double
CLS01.5-INV06-SB25.CorrenteCC_02: double
CLS01.5-INV06-SB25.CorrenteCC_03: double
CLS01.5-INV06-SB25.CorrenteCC_04: double
CLS01.5-INV06-SB25.CorrenteCC_05: double
CLS01.5-INV06-SB25.CorrenteCC_06: double
CLS01.5-INV06-SB25.CorrenteCC_07: double
CLS01.5-INV06-SB25.CorrenteCC_08: double
CLS01.5-INV06-SB25.CorrenteCC_09: double
CLS01.5-INV06-SB25.CorrenteCC_10: double
CLS01.5-INV06-SB25.CorrenteCC_11: double
CLS01.5-INV06-SB25.CorrenteCC_12: double
CLS01.5-INV06-SB25.CorrenteCC_13: double
CLS01.5-INV06-SB25.CorrenteCC_14: double
CLS01.5-INV06-SB25.CorrenteCC_15: double
CLS01.5-INV06-SB25.CorrenteCC_16: double
CLS01.5-INV06-SB25.TensaoCC: double
CLS01.5-INV06-SB25-TR097.PosAngAlvo: double
CLS01.5-INV06-SB25-TR097.PosAngAtual: double
CLS01.5-INV06-SB25-TR098.PosAngAlvo: double
CLS01.5-INV06-SB25-TR098.PosAngAtual: double
CLS01.5-INV06-SB25-TR099.PosAngAlvo: double
CLS01.5-INV06-SB25-TR099.PosAngAtual: double
CLS01.5-INV06-SB25-TR100.PosAngAlvo: double
CLS01.5-INV06-SB25-TR100.PosAngAtual: double
CLS01.5-INV06-SB26.CorrenteCC_01: double
CLS01.5-INV06-SB26.CorrenteCC_02: double
CLS01.5-INV06-SB26.CorrenteCC_03: double
CLS01.5-INV06-SB26.CorrenteCC_04: double
CLS01.5-INV06-SB26.CorrenteCC_05: double
CLS01.5-INV06-SB26.CorrenteCC_06: double
CLS01.5-INV06-SB26.CorrenteCC_07: double
CLS01.5-INV06-SB26.CorrenteCC_08: double
CLS01.5-INV06-SB26.CorrenteCC_09: double
CLS01.5-INV06-SB26.CorrenteCC_10: double
CLS01.5-INV06-SB26.CorrenteCC_11: double
CLS01.5-INV06-SB26.CorrenteCC_12: double
CLS01.5-INV06-SB26.CorrenteCC_13: double
CLS01.5-INV06-SB26.CorrenteCC_14: double
CLS01.5-INV06-SB26.CorrenteCC_15: double
CLS01.5-INV06-SB26.CorrenteCC_16: double
CLS01.5-INV06-SB26.TensaoCC: double
CLS01.5-INV06-SB26-TR101.PosAngAlvo: double
CLS01.5-INV06-SB26-TR101.PosAngAtual: double
CLS01.5-INV06-SB26-TR102.PosAngAlvo: double
CLS01.5-INV06-SB26-TR102.PosAngAtual: double
CLS01.5-INV06-SB26-TR103.PosAngAlvo: double
CLS01.5-INV06-SB26-TR103.PosAngAtual: double
CLS01.5-INV06-SB26-TR104.PosAngAlvo: double
CLS01.5-INV06-SB26-TR104.PosAngAtual: double
CLS01.5-INV06-SB27.CorrenteCC_01: double
CLS01.5-INV06-SB27.CorrenteCC_02: double
CLS01.5-INV06-SB27.CorrenteCC_03: double
CLS01.5-INV06-SB27.CorrenteCC_04: double
CLS01.5-INV06-SB27.CorrenteCC_05: double
CLS01.5-INV06-SB27.CorrenteCC_06: double
CLS01.5-INV06-SB27.CorrenteCC_07: double
CLS01.5-INV06-SB27.CorrenteCC_08: double
CLS01.5-INV06-SB27.CorrenteCC_09: double
CLS01.5-INV06-SB27.CorrenteCC_10: double
CLS01.5-INV06-SB27.CorrenteCC_11: double
CLS01.5-INV06-SB27.CorrenteCC_12: double
CLS01.5-INV06-SB27.CorrenteCC_13: double
CLS01.5-INV06-SB27.CorrenteCC_14: double
CLS01.5-INV06-SB27.CorrenteCC_15: double
CLS01.5-INV06-SB27.CorrenteCC_16: double
CLS01.5-INV06-SB27.TensaoCC: double
CLS01.5-INV06-SB27-TR105.PosAngAlvo: double
CLS01.5-INV06-SB27-TR105.PosAngAtual: double
CLS01.5-INV06-SB27-TR106.PosAngAlvo: double
CLS01.5-INV06-SB27-TR106.PosAngAtual: double
CLS01.5-INV06-SB27-TR107.PosAngAlvo: double
CLS01.5-INV06-SB27-TR107.PosAngAtual: double
CLS01.5-INV06-SB27-TR108.PosAngAlvo: double
CLS01.5-INV06-SB27-TR108.PosAngAtual: double
CLS01.5-INV06-SB28.CorrenteCC_01: double
CLS01.5-INV06-SB28.CorrenteCC_02: double
CLS01.5-INV06-SB28.CorrenteCC_03: double
CLS01.5-INV06-SB28.CorrenteCC_04: double
CLS01.5-INV06-SB28.CorrenteCC_05: double
CLS01.5-INV06-SB28.CorrenteCC_06: double
CLS01.5-INV06-SB28.CorrenteCC_07: double
CLS01.5-INV06-SB28.CorrenteCC_08: double
CLS01.5-INV06-SB28.CorrenteCC_09: double
CLS01.5-INV06-SB28.CorrenteCC_10: double
CLS01.5-INV06-SB28.CorrenteCC_11: double
CLS01.5-INV06-SB28.CorrenteCC_12: double
CLS01.5-INV06-SB28.CorrenteCC_13: double
CLS01.5-INV06-SB28.CorrenteCC_14: double
CLS01.5-INV06-SB28.CorrenteCC_15: double
CLS01.5-INV06-SB28.CorrenteCC_16: double
CLS01.5-INV06-SB28.TensaoCC: double
CLS01.5-INV06-SB28-TR109.PosAngAlvo: double
CLS01.5-INV06-SB28-TR109.PosAngAtual: double
CLS01.5-INV06-SB28-TR110.PosAngAlvo: double
CLS01.5-INV06-SB28-TR110.PosAngAtual: double
CLS01.5-INV06-SB28-TR111.PosAngAlvo: double
CLS01.5-INV06-SB28-TR111.PosAngAtual: double
CLS01.5-INV06-SB28-TR112.PosAngAlvo: double
CLS01.5-INV06-SB28-TR112.PosAngAtual: double
CLS01.5-INV07.CorA: double
CLS01.5-INV07.CorB: double
CLS01.5-INV07.CorC: double
CLS01.5-INV07.CorrenteCC: double
CLS01.5-INV07.PotAt: double
CLS01.5-INV07.TenAB: double
CLS01.5-INV07.TenBC: double
CLS01.5-INV07.TenCA: double
CLS01.5-INV07.TensaoCC: double
CLS01.5-INV07-SB29.CorrenteCC_01: double
CLS01.5-INV07-SB29.CorrenteCC_02: double
CLS01.5-INV07-SB29.CorrenteCC_03: double
CLS01.5-INV07-SB29.CorrenteCC_04: double
CLS01.5-INV07-SB29.CorrenteCC_05: double
CLS01.5-INV07-SB29.CorrenteCC_06: double
CLS01.5-INV07-SB29.CorrenteCC_07: double
CLS01.5-INV07-SB29.CorrenteCC_08: double
CLS01.5-INV07-SB29.CorrenteCC_09: double
CLS01.5-INV07-SB29.CorrenteCC_10: double
CLS01.5-INV07-SB29.CorrenteCC_11: double
CLS01.5-INV07-SB29.CorrenteCC_12: double
CLS01.5-INV07-SB29.CorrenteCC_13: double
CLS01.5-INV07-SB29.CorrenteCC_14: double
CLS01.5-INV07-SB29.CorrenteCC_15: double
CLS01.5-INV07-SB29.CorrenteCC_16: double
CLS01.5-INV07-SB29.TensaoCC: double
CLS01.5-INV07-SB29-TR113.PosAngAlvo: double
CLS01.5-INV07-SB29-TR113.PosAngAtual: double
CLS01.5-INV07-SB29-TR114.PosAngAlvo: double
CLS01.5-INV07-SB29-TR114.PosAngAtual: double
CLS01.5-INV07-SB29-TR115.PosAngAlvo: double
CLS01.5-INV07-SB29-TR115.PosAngAtual: double
CLS01.5-INV07-SB29-TR116.PosAngAlvo: double
CLS01.5-INV07-SB29-TR116.PosAngAtual: double
CLS01.5-INV07-SB30.CorrenteCC_01: double
CLS01.5-INV07-SB30.CorrenteCC_02: double
CLS01.5-INV07-SB30.CorrenteCC_03: double
CLS01.5-INV07-SB30.CorrenteCC_04: double
CLS01.5-INV07-SB30.CorrenteCC_05: double
CLS01.5-INV07-SB30.CorrenteCC_06: double
CLS01.5-INV07-SB30.CorrenteCC_07: double
CLS01.5-INV07-SB30.CorrenteCC_08: double
CLS01.5-INV07-SB30.CorrenteCC_09: double
CLS01.5-INV07-SB30.CorrenteCC_10: double
CLS01.5-INV07-SB30.CorrenteCC_11: double
CLS01.5-INV07-SB30.CorrenteCC_12: double
CLS01.5-INV07-SB30.CorrenteCC_13: double
CLS01.5-INV07-SB30.CorrenteCC_14: double
CLS01.5-INV07-SB30.CorrenteCC_15: double
CLS01.5-INV07-SB30.CorrenteCC_16: double
CLS01.5-INV07-SB30.TensaoCC: double
CLS01.5-INV07-SB30-TR117.PosAngAlvo: double
CLS01.5-INV07-SB30-TR117.PosAngAtual: double
CLS01.5-INV07-SB30-TR118.PosAngAlvo: double
CLS01.5-INV07-SB30-TR118.PosAngAtual: double
CLS01.5-INV07-SB30-TR119.PosAngAlvo: double
CLS01.5-INV07-SB30-TR119.PosAngAtual: double
CLS01.5-INV07-SB30-TR120.PosAngAlvo: double
CLS01.5-INV07-SB30-TR120.PosAngAtual: double
CLS01.5-INV07-SB31.CorrenteCC_01: double
CLS01.5-INV07-SB31.CorrenteCC_02: double
CLS01.5-INV07-SB31.CorrenteCC_03: double
CLS01.5-INV07-SB31.CorrenteCC_04: double
CLS01.5-INV07-SB31.CorrenteCC_05: double
CLS01.5-INV07-SB31.CorrenteCC_06: double
CLS01.5-INV07-SB31.CorrenteCC_07: double
CLS01.5-INV07-SB31.CorrenteCC_08: double
CLS01.5-INV07-SB31.CorrenteCC_09: double
CLS01.5-INV07-SB31.CorrenteCC_10: double
CLS01.5-INV07-SB31.CorrenteCC_11: double
CLS01.5-INV07-SB31.CorrenteCC_12: double
CLS01.5-INV07-SB31.CorrenteCC_13: double
CLS01.5-INV07-SB31.CorrenteCC_14: double
CLS01.5-INV07-SB31.CorrenteCC_15: double
CLS01.5-INV07-SB31.CorrenteCC_16: double
CLS01.5-INV07-SB31.TensaoCC: double
CLS01.5-INV07-SB31-TR121.PosAngAlvo: double
CLS01.5-INV07-SB31-TR121.PosAngAtual: double
CLS01.5-INV07-SB31-TR122.PosAngAlvo: double
CLS01.5-INV07-SB31-TR122.PosAngAtual: double
CLS01.5-INV07-SB31-TR123.PosAngAlvo: double
CLS01.5-INV07-SB31-TR123.PosAngAtual: double
CLS01.5-INV07-SB31-TR124.PosAngAlvo: double
CLS01.5-INV07-SB31-TR124.PosAngAtual: double
CLS01.5-INV07-SB32.CorrenteCC_01: double
CLS01.5-INV07-SB32.CorrenteCC_02: double
CLS01.5-INV07-SB32.CorrenteCC_03: double
CLS01.5-INV07-SB32.CorrenteCC_04: double
CLS01.5-INV07-SB32.CorrenteCC_05: double
CLS01.5-INV07-SB32.CorrenteCC_06: double
CLS01.5-INV07-SB32.CorrenteCC_07: double
CLS01.5-INV07-SB32.CorrenteCC_08: double
CLS01.5-INV07-SB32.CorrenteCC_09: double
CLS01.5-INV07-SB32.CorrenteCC_10: double
CLS01.5-INV07-SB32.CorrenteCC_11: double
CLS01.5-INV07-SB32.CorrenteCC_12: double
CLS01.5-INV07-SB32.CorrenteCC_13: double
CLS01.5-INV07-SB32.CorrenteCC_14: double
CLS01.5-INV07-SB32.CorrenteCC_15: double
CLS01.5-INV07-SB32.CorrenteCC_16: double
CLS01.5-INV07-SB32.TensaoCC: double
CLS01.5-INV07-SB32-TR125.PosAngAlvo: double
CLS01.5-INV07-SB32-TR125.PosAngAtual: double
CLS01.5-INV07-SB32-TR126.PosAngAlvo: double
CLS01.5-INV07-SB32-TR126.PosAngAtual: double
CLS01.5-INV07-SB32-TR127.PosAngAlvo: double
CLS01.5-INV07-SB32-TR127.PosAngAtual: double
CLS01.5-INV07-SB32-TR128.PosAngAlvo: double
CLS01.5-INV07-SB32-TR128.PosAngAtual: double
CLS01.5-INV08.CorA: double
CLS01.5-INV08.CorB: double
CLS01.5-INV08.CorC: double
CLS01.5-INV08.CorrenteCC: double
CLS01.5-INV08.PotAt: double
CLS01.5-INV08.TenAB: double
CLS01.5-INV08.TenBC: double
CLS01.5-INV08.TenCA: double
CLS01.5-INV08.TensaoCC: double
CLS01.5-INV08-SB21.CorrenteCC_01: double
CLS01.5-INV08-SB21.CorrenteCC_02: double
CLS01.5-INV08-SB21.CorrenteCC_03: double
CLS01.5-INV08-SB21.CorrenteCC_04: double
CLS01.5-INV08-SB21.CorrenteCC_05: double
CLS01.5-INV08-SB21.CorrenteCC_06: double
CLS01.5-INV08-SB21.CorrenteCC_07: double
CLS01.5-INV08-SB21.CorrenteCC_08: double
CLS01.5-INV08-SB21.CorrenteCC_09: double
CLS01.5-INV08-SB21.CorrenteCC_10: double
CLS01.5-INV08-SB21.CorrenteCC_11: double
CLS01.5-INV08-SB21.CorrenteCC_12: double
CLS01.5-INV08-SB21.CorrenteCC_13: double
CLS01.5-INV08-SB21.CorrenteCC_14: double
CLS01.5-INV08-SB21.CorrenteCC_15: double
CLS01.5-INV08-SB21.CorrenteCC_16: double
CLS01.5-INV08-SB21.TensaoCC: double
CLS01.5-INV08-SB21-TR081.PosAngAlvo: double
CLS01.5-INV08-SB21-TR081.PosAngAtual: double
CLS01.5-INV08-SB21-TR082.PosAngAlvo: double
CLS01.5-INV08-SB21-TR082.PosAngAtual: double
CLS01.5-INV08-SB21-TR083.PosAngAlvo: double
CLS01.5-INV08-SB21-TR083.PosAngAtual: double
CLS01.5-INV08-SB21-TR084.PosAngAlvo: double
CLS01.5-INV08-SB21-TR084.PosAngAtual: double
CLS01.5-INV08-SB22.CorrenteCC_01: double
CLS01.5-INV08-SB22.CorrenteCC_02: double
CLS01.5-INV08-SB22.CorrenteCC_03: double
CLS01.5-INV08-SB22.CorrenteCC_04: double
CLS01.5-INV08-SB22.CorrenteCC_05: double
CLS01.5-INV08-SB22.CorrenteCC_06: double
CLS01.5-INV08-SB22.CorrenteCC_07: double
CLS01.5-INV08-SB22.CorrenteCC_08: double
CLS01.5-INV08-SB22.CorrenteCC_09: double
CLS01.5-INV08-SB22.CorrenteCC_10: double
CLS01.5-INV08-SB22.CorrenteCC_11: double
CLS01.5-INV08-SB22.CorrenteCC_12: double
CLS01.5-INV08-SB22.CorrenteCC_13: double
CLS01.5-INV08-SB22.CorrenteCC_14: double
CLS01.5-INV08-SB22.CorrenteCC_15: double
CLS01.5-INV08-SB22.CorrenteCC_16: double
CLS01.5-INV08-SB22.TensaoCC: double
CLS01.5-INV08-SB22-TR085.PosAngAlvo: double
CLS01.5-INV08-SB22-TR085.PosAngAtual: double
CLS01.5-INV08-SB22-TR086.PosAngAlvo: double
CLS01.5-INV08-SB22-TR086.PosAngAtual: double
CLS01.5-INV08-SB22-TR087.PosAngAlvo: double
CLS01.5-INV08-SB22-TR087.PosAngAtual: double
CLS01.5-INV08-SB22-TR088.PosAngAlvo: double
CLS01.5-INV08-SB22-TR088.PosAngAtual: double
CLS01.5-INV08-SB23.CorrenteCC_01: double
CLS01.5-INV08-SB23.CorrenteCC_02: double
CLS01.5-INV08-SB23.CorrenteCC_03: double
CLS01.5-INV08-SB23.CorrenteCC_04: double
CLS01.5-INV08-SB23.CorrenteCC_05: double
CLS01.5-INV08-SB23.CorrenteCC_06: double
CLS01.5-INV08-SB23.CorrenteCC_07: double
CLS01.5-INV08-SB23.CorrenteCC_08: double
CLS01.5-INV08-SB23.CorrenteCC_09: double
CLS01.5-INV08-SB23.CorrenteCC_10: double
CLS01.5-INV08-SB23.CorrenteCC_11: double
CLS01.5-INV08-SB23.CorrenteCC_12: double
CLS01.5-INV08-SB23.CorrenteCC_13: double
CLS01.5-INV08-SB23.CorrenteCC_14: double
CLS01.5-INV08-SB23.CorrenteCC_15: double
CLS01.5-INV08-SB23.CorrenteCC_16: double
CLS01.5-INV08-SB23.TensaoCC: double
CLS01.5-INV08-SB23-TR089.PosAngAlvo: double
CLS01.5-INV08-SB23-TR089.PosAngAtual: double
CLS01.5-INV08-SB23-TR090.PosAngAlvo: double
CLS01.5-INV08-SB23-TR090.PosAngAtual: double
CLS01.5-INV08-SB23-TR091.PosAngAlvo: double
CLS01.5-INV08-SB23-TR091.PosAngAtual: double
CLS01.5-INV08-SB23-TR092.PosAngAlvo: double
CLS01.5-INV08-SB23-TR092.PosAngAtual: double
CLS01.5-INV08-SB24.CorrenteCC_01: double
CLS01.5-INV08-SB24.CorrenteCC_02: double
CLS01.5-INV08-SB24.CorrenteCC_03: double
CLS01.5-INV08-SB24.CorrenteCC_04: double
CLS01.5-INV08-SB24.CorrenteCC_05: double
CLS01.5-INV08-SB24.CorrenteCC_06: double
CLS01.5-INV08-SB24.CorrenteCC_07: double
CLS01.5-INV08-SB24.CorrenteCC_08: double
CLS01.5-INV08-SB24.CorrenteCC_09: double
CLS01.5-INV08-SB24.CorrenteCC_10: double
CLS01.5-INV08-SB24.CorrenteCC_11: double
CLS01.5-INV08-SB24.CorrenteCC_12: double
CLS01.5-INV08-SB24.CorrenteCC_13: double
CLS01.5-INV08-SB24.CorrenteCC_14: double
CLS01.5-INV08-SB24.CorrenteCC_15: double
CLS01.5-INV08-SB24.CorrenteCC_16: double
CLS01.5-INV08-SB24.TensaoCC: double
CLS01.5-INV08-SB24-TR093.PosAngAlvo: double
CLS01.5-INV08-SB24-TR093.PosAngAtual: double
CLS01.5-INV08-SB24-TR094.PosAngAlvo: double
CLS01.5-INV08-SB24-TR094.PosAngAtual: double
CLS01.5-INV08-SB24-TR095.PosAngAlvo: double
CLS01.5-INV08-SB24-TR095.PosAngAtual: double
CLS01.5-INV08-SB24-TR096.PosAngAlvo: double
CLS01.5-INV08-SB24-TR096.PosAngAtual: double
CLS01.6-INV01.CorA: double
CLS01.6-INV01.CorB: double
CLS01.6-INV01.CorC: double
CLS01.6-INV01.CorrenteCC: double
CLS01.6-INV01.PotAt: double
CLS01.6-INV01.TenAB: double
CLS01.6-INV01.TenBC: double
CLS01.6-INV01.TenCA: double
CLS01.6-INV01.TensaoCC: double
CLS01.6-INV01-SB13.CorrenteCC_01: double
CLS01.6-INV01-SB13.CorrenteCC_02: double
CLS01.6-INV01-SB13.CorrenteCC_03: double
CLS01.6-INV01-SB13.CorrenteCC_04: double
CLS01.6-INV01-SB13.CorrenteCC_05: double
CLS01.6-INV01-SB13.CorrenteCC_06: double
CLS01.6-INV01-SB13.CorrenteCC_07: double
CLS01.6-INV01-SB13.CorrenteCC_08: double
CLS01.6-INV01-SB13.CorrenteCC_09: double
CLS01.6-INV01-SB13.CorrenteCC_10: double
CLS01.6-INV01-SB13.CorrenteCC_11: double
CLS01.6-INV01-SB13.CorrenteCC_12: double
CLS01.6-INV01-SB13.CorrenteCC_13: double
CLS01.6-INV01-SB13.CorrenteCC_14: double
CLS01.6-INV01-SB13.CorrenteCC_15: double
CLS01.6-INV01-SB13.CorrenteCC_16: double
CLS01.6-INV01-SB13.TensaoCC: double
CLS01.6-INV01-SB13-TR049.PosAngAlvo: double
CLS01.6-INV01-SB13-TR049.PosAngAtual: double
CLS01.6-INV01-SB13-TR050.PosAngAlvo: double
CLS01.6-INV01-SB13-TR050.PosAngAtual: double
CLS01.6-INV01-SB13-TR051.PosAngAlvo: double
CLS01.6-INV01-SB13-TR051.PosAngAtual: double
CLS01.6-INV01-SB13-TR052.PosAngAlvo: double
CLS01.6-INV01-SB13-TR052.PosAngAtual: double
CLS01.6-INV01-SB14.CorrenteCC_01: double
CLS01.6-INV01-SB14.CorrenteCC_02: double
CLS01.6-INV01-SB14.CorrenteCC_03: double
CLS01.6-INV01-SB14.CorrenteCC_04: double
CLS01.6-INV01-SB14.CorrenteCC_05: double
CLS01.6-INV01-SB14.CorrenteCC_06: double
CLS01.6-INV01-SB14.CorrenteCC_07: double
CLS01.6-INV01-SB14.CorrenteCC_08: double
CLS01.6-INV01-SB14.CorrenteCC_09: double
CLS01.6-INV01-SB14.CorrenteCC_10: double
CLS01.6-INV01-SB14.CorrenteCC_11: double
CLS01.6-INV01-SB14.CorrenteCC_12: double
CLS01.6-INV01-SB14.CorrenteCC_13: double
CLS01.6-INV01-SB14.CorrenteCC_14: double
CLS01.6-INV01-SB14.CorrenteCC_15: double
CLS01.6-INV01-SB14.CorrenteCC_16: double
CLS01.6-INV01-SB14.TensaoCC: double
CLS01.6-INV01-SB14-TR053.PosAngAlvo: double
CLS01.6-INV01-SB14-TR053.PosAngAtual: double
CLS01.6-INV01-SB14-TR054.PosAngAlvo: double
CLS01.6-INV01-SB14-TR054.PosAngAtual: double
CLS01.6-INV01-SB14-TR055.PosAngAlvo: double
CLS01.6-INV01-SB14-TR055.PosAngAtual: double
CLS01.6-INV01-SB14-TR056.PosAngAlvo: double
CLS01.6-INV01-SB14-TR056.PosAngAtual: double
CLS01.6-INV01-SB15.CorrenteCC_01: double
CLS01.6-INV01-SB15.CorrenteCC_02: double
CLS01.6-INV01-SB15.CorrenteCC_03: double
CLS01.6-INV01-SB15.CorrenteCC_04: double
CLS01.6-INV01-SB15.CorrenteCC_05: double
CLS01.6-INV01-SB15.CorrenteCC_06: double
CLS01.6-INV01-SB15.CorrenteCC_07: double
CLS01.6-INV01-SB15.CorrenteCC_08: double
CLS01.6-INV01-SB15.CorrenteCC_09: double
CLS01.6-INV01-SB15.CorrenteCC_10: double
CLS01.6-INV01-SB15.CorrenteCC_11: double
CLS01.6-INV01-SB15.CorrenteCC_12: double
CLS01.6-INV01-SB15.CorrenteCC_13: double
CLS01.6-INV01-SB15.CorrenteCC_14: double
CLS01.6-INV01-SB15.CorrenteCC_15: double
CLS01.6-INV01-SB15.CorrenteCC_16: double
CLS01.6-INV01-SB15.TensaoCC: double
CLS01.6-INV01-SB15-TR057.PosAngAlvo: double
CLS01.6-INV01-SB15-TR057.PosAngAtual: double
CLS01.6-INV01-SB15-TR058.PosAngAlvo: double
CLS01.6-INV01-SB15-TR058.PosAngAtual: double
CLS01.6-INV01-SB15-TR059.PosAngAlvo: double
CLS01.6-INV01-SB15-TR059.PosAngAtual: double
CLS01.6-INV01-SB15-TR060.PosAngAlvo: double
CLS01.6-INV01-SB15-TR060.PosAngAtual: double
CLS01.6-INV01-SB16.CorrenteCC_01: double
CLS01.6-INV01-SB16.CorrenteCC_02: double
CLS01.6-INV01-SB16.CorrenteCC_03: double
CLS01.6-INV01-SB16.CorrenteCC_04: double
CLS01.6-INV01-SB16.CorrenteCC_05: double
CLS01.6-INV01-SB16.CorrenteCC_06: double
CLS01.6-INV01-SB16.CorrenteCC_07: double
CLS01.6-INV01-SB16.CorrenteCC_08: double
CLS01.6-INV01-SB16.CorrenteCC_09: double
CLS01.6-INV01-SB16.CorrenteCC_10: double
CLS01.6-INV01-SB16.CorrenteCC_11: double
CLS01.6-INV01-SB16.CorrenteCC_12: double
CLS01.6-INV01-SB16.CorrenteCC_13: double
CLS01.6-INV01-SB16.CorrenteCC_14: double
CLS01.6-INV01-SB16.CorrenteCC_15: double
CLS01.6-INV01-SB16.CorrenteCC_16: double
CLS01.6-INV01-SB16.TensaoCC: double
CLS01.6-INV01-SB16-TR061.PosAngAlvo: double
CLS01.6-INV01-SB16-TR061.PosAngAtual: double
CLS01.6-INV01-SB16-TR062.PosAngAlvo: double
CLS01.6-INV01-SB16-TR062.PosAngAtual: double
CLS01.6-INV01-SB16-TR063.PosAngAlvo: double
CLS01.6-INV01-SB16-TR063.PosAngAtual: double
CLS01.6-INV01-SB16-TR064.PosAngAlvo: double
CLS01.6-INV01-SB16-TR064.PosAngAtual: double
CLS01.6-INV02.CorA: double
CLS01.6-INV02.CorB: double
CLS01.6-INV02.CorC: double
CLS01.6-INV02.CorrenteCC: double
CLS01.6-INV02.PotAt: double
CLS01.6-INV02.TenAB: double
CLS01.6-INV02.TenBC: double
CLS01.6-INV02.TenCA: double
CLS01.6-INV02.TensaoCC: double
CLS01.6-INV02-SB05.CorrenteCC_01: double
CLS01.6-INV02-SB05.CorrenteCC_02: double
CLS01.6-INV02-SB05.CorrenteCC_03: double
CLS01.6-INV02-SB05.CorrenteCC_04: double
CLS01.6-INV02-SB05.CorrenteCC_05: double
CLS01.6-INV02-SB05.CorrenteCC_06: double
CLS01.6-INV02-SB05.CorrenteCC_07: double
CLS01.6-INV02-SB05.CorrenteCC_08: double
CLS01.6-INV02-SB05.CorrenteCC_09: double
CLS01.6-INV02-SB05.CorrenteCC_10: double
CLS01.6-INV02-SB05.CorrenteCC_11: double
CLS01.6-INV02-SB05.CorrenteCC_12: double
CLS01.6-INV02-SB05.CorrenteCC_13: double
CLS01.6-INV02-SB05.CorrenteCC_14: double
CLS01.6-INV02-SB05.CorrenteCC_15: double
CLS01.6-INV02-SB05.CorrenteCC_16: double
CLS01.6-INV02-SB05.TensaoCC: double
CLS01.6-INV02-SB05-TR017.PosAngAlvo: double
CLS01.6-INV02-SB05-TR017.PosAngAtual: double
CLS01.6-INV02-SB05-TR018.PosAngAlvo: double
CLS01.6-INV02-SB05-TR018.PosAngAtual: double
CLS01.6-INV02-SB05-TR019.PosAngAlvo: double
CLS01.6-INV02-SB05-TR019.PosAngAtual: double
CLS01.6-INV02-SB05-TR020.PosAngAlvo: double
CLS01.6-INV02-SB05-TR020.PosAngAtual: double
CLS01.6-INV02-SB06.CorrenteCC_01: double
CLS01.6-INV02-SB06.CorrenteCC_02: double
CLS01.6-INV02-SB06.CorrenteCC_03: double
CLS01.6-INV02-SB06.CorrenteCC_04: double
CLS01.6-INV02-SB06.CorrenteCC_05: double
CLS01.6-INV02-SB06.CorrenteCC_06: double
CLS01.6-INV02-SB06.CorrenteCC_07: double
CLS01.6-INV02-SB06.CorrenteCC_08: double
CLS01.6-INV02-SB06.CorrenteCC_09: double
CLS01.6-INV02-SB06.CorrenteCC_10: double
CLS01.6-INV02-SB06.CorrenteCC_11: double
CLS01.6-INV02-SB06.CorrenteCC_12: double
CLS01.6-INV02-SB06.CorrenteCC_13: double
CLS01.6-INV02-SB06.CorrenteCC_14: double
CLS01.6-INV02-SB06.CorrenteCC_15: double
CLS01.6-INV02-SB06.CorrenteCC_16: double
CLS01.6-INV02-SB06.TensaoCC: double
CLS01.6-INV02-SB06-TR021.PosAngAlvo: double
CLS01.6-INV02-SB06-TR021.PosAngAtual: double
CLS01.6-INV02-SB06-TR022.PosAngAlvo: double
CLS01.6-INV02-SB06-TR022.PosAngAtual: double
CLS01.6-INV02-SB06-TR023.PosAngAlvo: double
CLS01.6-INV02-SB06-TR023.PosAngAtual: double
CLS01.6-INV02-SB06-TR024.PosAngAlvo: double
CLS01.6-INV02-SB06-TR024.PosAngAtual: double
CLS01.6-INV02-SB07.CorrenteCC_01: double
CLS01.6-INV02-SB07.CorrenteCC_02: double
CLS01.6-INV02-SB07.CorrenteCC_03: double
CLS01.6-INV02-SB07.CorrenteCC_04: double
CLS01.6-INV02-SB07.CorrenteCC_05: double
CLS01.6-INV02-SB07.CorrenteCC_06: double
CLS01.6-INV02-SB07.CorrenteCC_07: double
CLS01.6-INV02-SB07.CorrenteCC_08: double
CLS01.6-INV02-SB07.CorrenteCC_09: double
CLS01.6-INV02-SB07.CorrenteCC_10: double
CLS01.6-INV02-SB07.CorrenteCC_11: double
CLS01.6-INV02-SB07.CorrenteCC_12: double
CLS01.6-INV02-SB07.CorrenteCC_13: double
CLS01.6-INV02-SB07.CorrenteCC_14: double
CLS01.6-INV02-SB07.CorrenteCC_15: double
CLS01.6-INV02-SB07.CorrenteCC_16: double
CLS01.6-INV02-SB07.TensaoCC: double
CLS01.6-INV02-SB07-TR025.PosAngAlvo: double
CLS01.6-INV02-SB07-TR025.PosAngAtual: double
CLS01.6-INV02-SB07-TR026.PosAngAlvo: double
CLS01.6-INV02-SB07-TR026.PosAngAtual: double
CLS01.6-INV02-SB07-TR027.PosAngAlvo: double
CLS01.6-INV02-SB07-TR027.PosAngAtual: double
CLS01.6-INV02-SB07-TR028.PosAngAlvo: double
CLS01.6-INV02-SB07-TR028.PosAngAtual: double
CLS01.6-INV02-SB08.CorrenteCC_01: double
CLS01.6-INV02-SB08.CorrenteCC_02: double
CLS01.6-INV02-SB08.CorrenteCC_03: double
CLS01.6-INV02-SB08.CorrenteCC_04: double
CLS01.6-INV02-SB08.CorrenteCC_05: double
CLS01.6-INV02-SB08.CorrenteCC_06: double
CLS01.6-INV02-SB08.CorrenteCC_07: double
CLS01.6-INV02-SB08.CorrenteCC_08: double
CLS01.6-INV02-SB08.CorrenteCC_09: double
CLS01.6-INV02-SB08.CorrenteCC_10: double
CLS01.6-INV02-SB08.CorrenteCC_11: double
CLS01.6-INV02-SB08.CorrenteCC_12: double
CLS01.6-INV02-SB08.CorrenteCC_13: double
CLS01.6-INV02-SB08.CorrenteCC_14: double
CLS01.6-INV02-SB08.CorrenteCC_15: double
CLS01.6-INV02-SB08.CorrenteCC_16: double
CLS01.6-INV02-SB08.TensaoCC: double
CLS01.6-INV02-SB08-TR029.PosAngAlvo: double
CLS01.6-INV02-SB08-TR029.PosAngAtual: double
CLS01.6-INV02-SB08-TR030.PosAngAlvo: double
CLS01.6-INV02-SB08-TR030.PosAngAtual: double
CLS01.6-INV02-SB08-TR031.PosAngAlvo: double
CLS01.6-INV02-SB08-TR031.PosAngAtual: double
CLS01.6-INV02-SB08-TR032.PosAngAlvo: double
CLS01.6-INV02-SB08-TR032.PosAngAtual: double
CLS01.6-INV03.CorA: double
CLS01.6-INV03.CorB: double
CLS01.6-INV03.CorC: double
CLS01.6-INV03.CorrenteCC: double
CLS01.6-INV03.PotAt: double
CLS01.6-INV03.TenAB: double
CLS01.6-INV03.TenBC: double
CLS01.6-INV03.TenCA: double
CLS01.6-INV03.TensaoCC: double
CLS01.6-INV03-SB01.CorrenteCC_01: double
CLS01.6-INV03-SB01.CorrenteCC_02: double
CLS01.6-INV03-SB01.CorrenteCC_03: double
CLS01.6-INV03-SB01.CorrenteCC_04: double
CLS01.6-INV03-SB01.CorrenteCC_05: double
CLS01.6-INV03-SB01.CorrenteCC_06: double
CLS01.6-INV03-SB01.CorrenteCC_07: double
CLS01.6-INV03-SB01.CorrenteCC_08: double
CLS01.6-INV03-SB01.CorrenteCC_09: double
CLS01.6-INV03-SB01.CorrenteCC_10: double
CLS01.6-INV03-SB01.CorrenteCC_11: double
CLS01.6-INV03-SB01.CorrenteCC_12: double
CLS01.6-INV03-SB01.CorrenteCC_13: double
CLS01.6-INV03-SB01.CorrenteCC_14: double
CLS01.6-INV03-SB01.CorrenteCC_15: double
CLS01.6-INV03-SB01.CorrenteCC_16: double
CLS01.6-INV03-SB01.TensaoCC: double
CLS01.6-INV03-SB01-TR001.PosAngAlvo: double
CLS01.6-INV03-SB01-TR001.PosAngAtual: double
CLS01.6-INV03-SB01-TR002.PosAngAlvo: double
CLS01.6-INV03-SB01-TR002.PosAngAtual: double
CLS01.6-INV03-SB01-TR003.PosAngAlvo: double
CLS01.6-INV03-SB01-TR003.PosAngAtual: double
CLS01.6-INV03-SB01-TR004.PosAngAlvo: double
CLS01.6-INV03-SB01-TR004.PosAngAtual: double
CLS01.6-INV03-SB02.CorrenteCC_01: double
CLS01.6-INV03-SB02.CorrenteCC_02: double
CLS01.6-INV03-SB02.CorrenteCC_03: double
CLS01.6-INV03-SB02.CorrenteCC_04: double
CLS01.6-INV03-SB02.CorrenteCC_05: double
CLS01.6-INV03-SB02.CorrenteCC_06: double
CLS01.6-INV03-SB02.CorrenteCC_07: double
CLS01.6-INV03-SB02.CorrenteCC_08: double
CLS01.6-INV03-SB02.CorrenteCC_09: double
CLS01.6-INV03-SB02.CorrenteCC_10: double
CLS01.6-INV03-SB02.CorrenteCC_11: double
CLS01.6-INV03-SB02.CorrenteCC_12: double
CLS01.6-INV03-SB02.CorrenteCC_13: double
CLS01.6-INV03-SB02.CorrenteCC_14: double
CLS01.6-INV03-SB02.CorrenteCC_15: double
CLS01.6-INV03-SB02.CorrenteCC_16: double
CLS01.6-INV03-SB02.TensaoCC: double
CLS01.6-INV03-SB02-TR005.PosAngAlvo: double
CLS01.6-INV03-SB02-TR005.PosAngAtual: double
CLS01.6-INV03-SB02-TR006.PosAngAlvo: double
CLS01.6-INV03-SB02-TR006.PosAngAtual: double
CLS01.6-INV03-SB02-TR007.PosAngAlvo: double
CLS01.6-INV03-SB02-TR007.PosAngAtual: double
CLS01.6-INV03-SB02-TR008.PosAngAlvo: double
CLS01.6-INV03-SB02-TR008.PosAngAtual: double
CLS01.6-INV03-SB03.CorrenteCC_01: double
CLS01.6-INV03-SB03.CorrenteCC_02: double
CLS01.6-INV03-SB03.CorrenteCC_03: double
CLS01.6-INV03-SB03.CorrenteCC_04: double
CLS01.6-INV03-SB03.CorrenteCC_05: double
CLS01.6-INV03-SB03.CorrenteCC_06: double
CLS01.6-INV03-SB03.CorrenteCC_07: double
CLS01.6-INV03-SB03.CorrenteCC_08: double
CLS01.6-INV03-SB03.CorrenteCC_09: double
CLS01.6-INV03-SB03.CorrenteCC_10: double
CLS01.6-INV03-SB03.CorrenteCC_11: double
CLS01.6-INV03-SB03.CorrenteCC_12: double
CLS01.6-INV03-SB03.CorrenteCC_13: double
CLS01.6-INV03-SB03.CorrenteCC_14: double
CLS01.6-INV03-SB03.CorrenteCC_15: double
CLS01.6-INV03-SB03.CorrenteCC_16: double
CLS01.6-INV03-SB03.TensaoCC: double
CLS01.6-INV03-SB03-TR009.PosAngAlvo: double
CLS01.6-INV03-SB03-TR009.PosAngAtual: double
CLS01.6-INV03-SB03-TR010.PosAngAlvo: double
CLS01.6-INV03-SB03-TR010.PosAngAtual: double
CLS01.6-INV03-SB03-TR011.PosAngAlvo: double
CLS01.6-INV03-SB03-TR011.PosAngAtual: double
CLS01.6-INV03-SB03-TR012.PosAngAlvo: double
CLS01.6-INV03-SB03-TR012.PosAngAtual: double
CLS01.6-INV03-SB04.CorrenteCC_01: double
CLS01.6-INV03-SB04.CorrenteCC_02: double
CLS01.6-INV03-SB04.CorrenteCC_03: double
CLS01.6-INV03-SB04.CorrenteCC_04: double
CLS01.6-INV03-SB04.CorrenteCC_05: double
CLS01.6-INV03-SB04.CorrenteCC_06: double
CLS01.6-INV03-SB04.CorrenteCC_07: double
CLS01.6-INV03-SB04.CorrenteCC_08: double
CLS01.6-INV03-SB04.CorrenteCC_09: double
CLS01.6-INV03-SB04.CorrenteCC_10: double
CLS01.6-INV03-SB04.CorrenteCC_11: double
CLS01.6-INV03-SB04.CorrenteCC_12: double
CLS01.6-INV03-SB04.CorrenteCC_13: double
CLS01.6-INV03-SB04.CorrenteCC_14: double
CLS01.6-INV03-SB04.CorrenteCC_15: double
CLS01.6-INV03-SB04.CorrenteCC_16: double
CLS01.6-INV03-SB04.TensaoCC: double
CLS01.6-INV03-SB04-TR013.PosAngAlvo: double
CLS01.6-INV03-SB04-TR013.PosAngAtual: double
CLS01.6-INV03-SB04-TR014.PosAngAlvo: double
CLS01.6-INV03-SB04-TR014.PosAngAtual: double
CLS01.6-INV03-SB04-TR015.PosAngAlvo: double
CLS01.6-INV03-SB04-TR015.PosAngAtual: double
CLS01.6-INV03-SB04-TR016.PosAngAlvo: double
CLS01.6-INV03-SB04-TR016.PosAngAtual: double
CLS01.6-INV04.CorA: double
CLS01.6-INV04.CorB: double
CLS01.6-INV04.CorC: double
CLS01.6-INV04.CorrenteCC: double
CLS01.6-INV04.PotAt: double
CLS01.6-INV04.TenAB: double
CLS01.6-INV04.TenBC: double
CLS01.6-INV04.TenCA: double
CLS01.6-INV04.TensaoCC: double
CLS01.6-INV04-SB09.CorrenteCC_01: double
CLS01.6-INV04-SB09.CorrenteCC_02: double
CLS01.6-INV04-SB09.CorrenteCC_03: double
CLS01.6-INV04-SB09.CorrenteCC_04: double
CLS01.6-INV04-SB09.CorrenteCC_05: double
CLS01.6-INV04-SB09.CorrenteCC_06: double
CLS01.6-INV04-SB09.CorrenteCC_07: double
CLS01.6-INV04-SB09.CorrenteCC_08: double
CLS01.6-INV04-SB09.CorrenteCC_09: double
CLS01.6-INV04-SB09.CorrenteCC_10: double
CLS01.6-INV04-SB09.CorrenteCC_11: double
CLS01.6-INV04-SB09.CorrenteCC_12: double
CLS01.6-INV04-SB09.CorrenteCC_13: double
CLS01.6-INV04-SB09.CorrenteCC_14: double
CLS01.6-INV04-SB09.CorrenteCC_15: double
CLS01.6-INV04-SB09.CorrenteCC_16: double
CLS01.6-INV04-SB09.TensaoCC: double
CLS01.6-INV04-SB09-TR033.PosAngAlvo: double
CLS01.6-INV04-SB09-TR033.PosAngAtual: double
CLS01.6-INV04-SB09-TR034.PosAngAlvo: double
CLS01.6-INV04-SB09-TR034.PosAngAtual: double
CLS01.6-INV04-SB09-TR035.PosAngAlvo: double
CLS01.6-INV04-SB09-TR035.PosAngAtual: double
CLS01.6-INV04-SB09-TR036.PosAngAlvo: double
CLS01.6-INV04-SB09-TR036.PosAngAtual: double
CLS01.6-INV04-SB10.CorrenteCC_01: double
CLS01.6-INV04-SB10.CorrenteCC_02: double
CLS01.6-INV04-SB10.CorrenteCC_03: double
CLS01.6-INV04-SB10.CorrenteCC_04: double
CLS01.6-INV04-SB10.CorrenteCC_05: double
CLS01.6-INV04-SB10.CorrenteCC_06: double
CLS01.6-INV04-SB10.CorrenteCC_07: double
CLS01.6-INV04-SB10.CorrenteCC_08: double
CLS01.6-INV04-SB10.CorrenteCC_09: double
CLS01.6-INV04-SB10.CorrenteCC_10: double
CLS01.6-INV04-SB10.CorrenteCC_11: double
CLS01.6-INV04-SB10.CorrenteCC_12: double
CLS01.6-INV04-SB10.CorrenteCC_13: double
CLS01.6-INV04-SB10.CorrenteCC_14: double
CLS01.6-INV04-SB10.CorrenteCC_15: double
CLS01.6-INV04-SB10.CorrenteCC_16: double
CLS01.6-INV04-SB10.TensaoCC: double
CLS01.6-INV04-SB10-TR037.PosAngAlvo: double
CLS01.6-INV04-SB10-TR037.PosAngAtual: double
CLS01.6-INV04-SB10-TR038.PosAngAlvo: double
CLS01.6-INV04-SB10-TR038.PosAngAtual: double
CLS01.6-INV04-SB10-TR039.PosAngAlvo: double
CLS01.6-INV04-SB10-TR039.PosAngAtual: double
CLS01.6-INV04-SB10-TR040.PosAngAlvo: double
CLS01.6-INV04-SB10-TR040.PosAngAtual: double
CLS01.6-INV04-SB11.CorrenteCC_01: double
CLS01.6-INV04-SB11.CorrenteCC_02: double
CLS01.6-INV04-SB11.CorrenteCC_03: double
CLS01.6-INV04-SB11.CorrenteCC_04: double
CLS01.6-INV04-SB11.CorrenteCC_05: double
CLS01.6-INV04-SB11.CorrenteCC_06: double
CLS01.6-INV04-SB11.CorrenteCC_07: double
CLS01.6-INV04-SB11.CorrenteCC_08: double
CLS01.6-INV04-SB11.CorrenteCC_09: double
CLS01.6-INV04-SB11.CorrenteCC_10: double
CLS01.6-INV04-SB11.CorrenteCC_11: double
CLS01.6-INV04-SB11.CorrenteCC_12: double
CLS01.6-INV04-SB11.CorrenteCC_13: double
CLS01.6-INV04-SB11.CorrenteCC_14: double
CLS01.6-INV04-SB11.CorrenteCC_15: double
CLS01.6-INV04-SB11.CorrenteCC_16: double
CLS01.6-INV04-SB11.TensaoCC: double
CLS01.6-INV04-SB11-TR041.PosAngAlvo: double
CLS01.6-INV04-SB11-TR041.PosAngAtual: double
CLS01.6-INV04-SB11-TR042.PosAngAlvo: double
CLS01.6-INV04-SB11-TR042.PosAngAtual: double
CLS01.6-INV04-SB11-TR043.PosAngAlvo: double
CLS01.6-INV04-SB11-TR043.PosAngAtual: double
CLS01.6-INV04-SB11-TR044.PosAngAlvo: double
CLS01.6-INV04-SB11-TR044.PosAngAtual: double
CLS01.6-INV04-SB12.CorrenteCC_01: double
CLS01.6-INV04-SB12.CorrenteCC_02: double
CLS01.6-INV04-SB12.CorrenteCC_03: double
CLS01.6-INV04-SB12.CorrenteCC_04: double
CLS01.6-INV04-SB12.CorrenteCC_05: double
CLS01.6-INV04-SB12.CorrenteCC_06: double
CLS01.6-INV04-SB12.CorrenteCC_07: double
CLS01.6-INV04-SB12.CorrenteCC_08: double
CLS01.6-INV04-SB12.CorrenteCC_09: double
CLS01.6-INV04-SB12.CorrenteCC_10: double
CLS01.6-INV04-SB12.CorrenteCC_11: double
CLS01.6-INV04-SB12.CorrenteCC_12: double
CLS01.6-INV04-SB12.CorrenteCC_13: double
CLS01.6-INV04-SB12.CorrenteCC_14: double
CLS01.6-INV04-SB12.CorrenteCC_15: double
CLS01.6-INV04-SB12.CorrenteCC_16: double
CLS01.6-INV04-SB12.TensaoCC: double
CLS01.6-INV04-SB12-TR045.PosAngAlvo: double
CLS01.6-INV04-SB12-TR045.PosAngAtual: double
CLS01.6-INV04-SB12-TR046.PosAngAlvo: double
CLS01.6-INV04-SB12-TR046.PosAngAtual: double
CLS01.6-INV04-SB12-TR047.PosAngAlvo: double
CLS01.6-INV04-SB12-TR047.PosAngAtual: double
CLS01.6-INV04-SB12-TR048.PosAngAlvo: double
CLS01.6-INV04-SB12-TR048.PosAngAtual: double
CLS01.6-INV05.CorA: double
CLS01.6-INV05.CorB: double
CLS01.6-INV05.CorC: double
CLS01.6-INV05.CorrenteCC: double
CLS01.6-INV05.PotAt: double
CLS01.6-INV05.TenAB: double
CLS01.6-INV05.TenBC: double
CLS01.6-INV05.TenCA: double
CLS01.6-INV05.TensaoCC: double
CLS01.6-INV05-SB17.CorrenteCC_01: double
CLS01.6-INV05-SB17.CorrenteCC_02: double
CLS01.6-INV05-SB17.CorrenteCC_03: double
CLS01.6-INV05-SB17.CorrenteCC_04: double
CLS01.6-INV05-SB17.CorrenteCC_05: double
CLS01.6-INV05-SB17.CorrenteCC_06: double
CLS01.6-INV05-SB17.CorrenteCC_07: double
CLS01.6-INV05-SB17.CorrenteCC_08: double
CLS01.6-INV05-SB17.CorrenteCC_09: double
CLS01.6-INV05-SB17.CorrenteCC_10: double
CLS01.6-INV05-SB17.CorrenteCC_11: double
CLS01.6-INV05-SB17.CorrenteCC_12: double
CLS01.6-INV05-SB17.CorrenteCC_13: double
CLS01.6-INV05-SB17.CorrenteCC_14: double
CLS01.6-INV05-SB17.CorrenteCC_15: double
CLS01.6-INV05-SB17.CorrenteCC_16: double
CLS01.6-INV05-SB17.TensaoCC: double
CLS01.6-INV05-SB17-TR065.PosAngAlvo: double
CLS01.6-INV05-SB17-TR065.PosAngAtual: double
CLS01.6-INV05-SB17-TR066.PosAngAlvo: double
CLS01.6-INV05-SB17-TR066.PosAngAtual: double
CLS01.6-INV05-SB17-TR067.PosAngAlvo: double
CLS01.6-INV05-SB17-TR067.PosAngAtual: double
CLS01.6-INV05-SB17-TR068.PosAngAlvo: double
CLS01.6-INV05-SB17-TR068.PosAngAtual: double
CLS01.6-INV05-SB18.CorrenteCC_01: double
CLS01.6-INV05-SB18.CorrenteCC_02: double
CLS01.6-INV05-SB18.CorrenteCC_03: double
CLS01.6-INV05-SB18.CorrenteCC_04: double
CLS01.6-INV05-SB18.CorrenteCC_05: double
CLS01.6-INV05-SB18.CorrenteCC_06: double
CLS01.6-INV05-SB18.CorrenteCC_07: double
CLS01.6-INV05-SB18.CorrenteCC_08: double
CLS01.6-INV05-SB18.CorrenteCC_09: double
CLS01.6-INV05-SB18.CorrenteCC_10: double
CLS01.6-INV05-SB18.CorrenteCC_11: double
CLS01.6-INV05-SB18.CorrenteCC_12: double
CLS01.6-INV05-SB18.CorrenteCC_13: double
CLS01.6-INV05-SB18.CorrenteCC_14: double
CLS01.6-INV05-SB18.CorrenteCC_15: double
CLS01.6-INV05-SB18.CorrenteCC_16: double
CLS01.6-INV05-SB18.TensaoCC: double
CLS01.6-INV05-SB18-TR069.PosAngAlvo: double
CLS01.6-INV05-SB18-TR069.PosAngAtual: double
CLS01.6-INV05-SB18-TR070.PosAngAlvo: double
CLS01.6-INV05-SB18-TR070.PosAngAtual: double
CLS01.6-INV05-SB18-TR071.PosAngAlvo: double
CLS01.6-INV05-SB18-TR071.PosAngAtual: double
CLS01.6-INV05-SB18-TR072.PosAngAlvo: double
CLS01.6-INV05-SB18-TR072.PosAngAtual: double
CLS01.6-INV05-SB19.CorrenteCC_01: double
CLS01.6-INV05-SB19.CorrenteCC_02: double
CLS01.6-INV05-SB19.CorrenteCC_03: double
CLS01.6-INV05-SB19.CorrenteCC_04: double
CLS01.6-INV05-SB19.CorrenteCC_05: double
CLS01.6-INV05-SB19.CorrenteCC_06: double
CLS01.6-INV05-SB19.CorrenteCC_07: double
CLS01.6-INV05-SB19.CorrenteCC_08: double
CLS01.6-INV05-SB19.CorrenteCC_09: double
CLS01.6-INV05-SB19.CorrenteCC_10: double
CLS01.6-INV05-SB19.CorrenteCC_11: double
CLS01.6-INV05-SB19.CorrenteCC_12: double
CLS01.6-INV05-SB19.CorrenteCC_13: double
CLS01.6-INV05-SB19.CorrenteCC_14: double
CLS01.6-INV05-SB19.CorrenteCC_15: double
CLS01.6-INV05-SB19.CorrenteCC_16: double
CLS01.6-INV05-SB19.TensaoCC: double
CLS01.6-INV05-SB19-TR073.PosAngAlvo: double
CLS01.6-INV05-SB19-TR073.PosAngAtual: double
CLS01.6-INV05-SB19-TR074.PosAngAlvo: double
CLS01.6-INV05-SB19-TR074.PosAngAtual: double
CLS01.6-INV05-SB19-TR075.PosAngAlvo: double
CLS01.6-INV05-SB19-TR075.PosAngAtual: double
CLS01.6-INV05-SB19-TR076.PosAngAlvo: double
CLS01.6-INV05-SB19-TR076.PosAngAtual: double
CLS01.6-INV05-SB20.CorrenteCC_01: double
CLS01.6-INV05-SB20.CorrenteCC_02: double
CLS01.6-INV05-SB20.CorrenteCC_03: double
CLS01.6-INV05-SB20.CorrenteCC_04: double
CLS01.6-INV05-SB20.CorrenteCC_05: double
CLS01.6-INV05-SB20.CorrenteCC_06: double
CLS01.6-INV05-SB20.CorrenteCC_07: double
CLS01.6-INV05-SB20.CorrenteCC_08: double
CLS01.6-INV05-SB20.CorrenteCC_09: double
CLS01.6-INV05-SB20.CorrenteCC_10: double
CLS01.6-INV05-SB20.CorrenteCC_11: double
CLS01.6-INV05-SB20.CorrenteCC_12: double
CLS01.6-INV05-SB20.CorrenteCC_13: double
CLS01.6-INV05-SB20.CorrenteCC_14: double
CLS01.6-INV05-SB20.CorrenteCC_15: double
CLS01.6-INV05-SB20.CorrenteCC_16: double
CLS01.6-INV05-SB20.TensaoCC: double
CLS01.6-INV05-SB20-TR077.PosAngAlvo: double
CLS01.6-INV05-SB20-TR077.PosAngAtual: double
CLS01.6-INV05-SB20-TR078.PosAngAlvo: double
CLS01.6-INV05-SB20-TR078.PosAngAtual: double
CLS01.6-INV05-SB20-TR079.PosAngAlvo: double
CLS01.6-INV05-SB20-TR079.PosAngAtual: double
CLS01.6-INV05-SB20-TR080.PosAngAlvo: double
CLS01.6-INV05-SB20-TR080.PosAngAtual: double
CLS01.6-INV06.CorA: double
CLS01.6-INV06.CorB: double
CLS01.6-INV06.CorC: double
CLS01.6-INV06.CorrenteCC: double
CLS01.6-INV06.PotAt: double
CLS01.6-INV06.TenAB: double
CLS01.6-INV06.TenBC: double
CLS01.6-INV06.TenCA: double
CLS01.6-INV06.TensaoCC: double
CLS01.6-INV06-SB25.CorrenteCC_01: double
CLS01.6-INV06-SB25.CorrenteCC_02: double
CLS01.6-INV06-SB25.CorrenteCC_03: double
CLS01.6-INV06-SB25.CorrenteCC_04: double
CLS01.6-INV06-SB25.CorrenteCC_05: double
CLS01.6-INV06-SB25.CorrenteCC_06: double
CLS01.6-INV06-SB25.CorrenteCC_07: double
CLS01.6-INV06-SB25.CorrenteCC_08: double
CLS01.6-INV06-SB25.CorrenteCC_09: double
CLS01.6-INV06-SB25.CorrenteCC_10: double
CLS01.6-INV06-SB25.CorrenteCC_11: double
CLS01.6-INV06-SB25.CorrenteCC_12: double
CLS01.6-INV06-SB25.CorrenteCC_13: double
CLS01.6-INV06-SB25.CorrenteCC_14: double
CLS01.6-INV06-SB25.CorrenteCC_15: double
CLS01.6-INV06-SB25.CorrenteCC_16: double
CLS01.6-INV06-SB25.TensaoCC: double
CLS01.6-INV06-SB25-TR097.PosAngAlvo: double
CLS01.6-INV06-SB25-TR097.PosAngAtual: double
CLS01.6-INV06-SB25-TR098.PosAngAlvo: double
CLS01.6-INV06-SB25-TR098.PosAngAtual: double
CLS01.6-INV06-SB25-TR099.PosAngAlvo: double
CLS01.6-INV06-SB25-TR099.PosAngAtual: double
CLS01.6-INV06-SB25-TR100.PosAngAlvo: double
CLS01.6-INV06-SB25-TR100.PosAngAtual: double
CLS01.6-INV06-SB26.CorrenteCC_01: double
CLS01.6-INV06-SB26.CorrenteCC_02: double
CLS01.6-INV06-SB26.CorrenteCC_03: double
CLS01.6-INV06-SB26.CorrenteCC_04: double
CLS01.6-INV06-SB26.CorrenteCC_05: double
CLS01.6-INV06-SB26.CorrenteCC_06: double
CLS01.6-INV06-SB26.CorrenteCC_07: double
CLS01.6-INV06-SB26.CorrenteCC_08: double
CLS01.6-INV06-SB26.CorrenteCC_09: double
CLS01.6-INV06-SB26.CorrenteCC_10: double
CLS01.6-INV06-SB26.CorrenteCC_11: double
CLS01.6-INV06-SB26.CorrenteCC_12: double
CLS01.6-INV06-SB26.CorrenteCC_13: double
CLS01.6-INV06-SB26.CorrenteCC_14: double
CLS01.6-INV06-SB26.CorrenteCC_15: double
CLS01.6-INV06-SB26.CorrenteCC_16: double
CLS01.6-INV06-SB26.TensaoCC: double
CLS01.6-INV06-SB26-TR101.PosAngAlvo: double
CLS01.6-INV06-SB26-TR101.PosAngAtual: double
CLS01.6-INV06-SB26-TR102.PosAngAlvo: double
CLS01.6-INV06-SB26-TR102.PosAngAtual: double
CLS01.6-INV06-SB26-TR103.PosAngAlvo: double
CLS01.6-INV06-SB26-TR103.PosAngAtual: double
CLS01.6-INV06-SB26-TR104.PosAngAlvo: double
CLS01.6-INV06-SB26-TR104.PosAngAtual: double
CLS01.6-INV06-SB27.CorrenteCC_01: double
CLS01.6-INV06-SB27.CorrenteCC_02: double
CLS01.6-INV06-SB27.CorrenteCC_03: double
CLS01.6-INV06-SB27.CorrenteCC_04: double
CLS01.6-INV06-SB27.CorrenteCC_05: double
CLS01.6-INV06-SB27.CorrenteCC_06: double
CLS01.6-INV06-SB27.CorrenteCC_07: double
CLS01.6-INV06-SB27.CorrenteCC_08: double
CLS01.6-INV06-SB27.CorrenteCC_09: double
CLS01.6-INV06-SB27.CorrenteCC_10: double
CLS01.6-INV06-SB27.CorrenteCC_11: double
CLS01.6-INV06-SB27.CorrenteCC_12: double
CLS01.6-INV06-SB27.CorrenteCC_13: double
CLS01.6-INV06-SB27.CorrenteCC_14: double
CLS01.6-INV06-SB27.CorrenteCC_15: double
CLS01.6-INV06-SB27.CorrenteCC_16: double
CLS01.6-INV06-SB27.TensaoCC: double
CLS01.6-INV06-SB27-TR105.PosAngAlvo: double
CLS01.6-INV06-SB27-TR105.PosAngAtual: double
CLS01.6-INV06-SB27-TR106.PosAngAlvo: double
CLS01.6-INV06-SB27-TR106.PosAngAtual: double
CLS01.6-INV06-SB27-TR107.PosAngAlvo: double
CLS01.6-INV06-SB27-TR107.PosAngAtual: double
CLS01.6-INV06-SB27-TR108.PosAngAlvo: double
CLS01.6-INV06-SB27-TR108.PosAngAtual: double
CLS01.6-INV06-SB28.CorrenteCC_01: double
CLS01.6-INV06-SB28.CorrenteCC_02: double
CLS01.6-INV06-SB28.CorrenteCC_03: double
CLS01.6-INV06-SB28.CorrenteCC_04: double
CLS01.6-INV06-SB28.CorrenteCC_05: double
CLS01.6-INV06-SB28.CorrenteCC_06: double
CLS01.6-INV06-SB28.CorrenteCC_07: double
CLS01.6-INV06-SB28.CorrenteCC_08: double
CLS01.6-INV06-SB28.CorrenteCC_09: double
CLS01.6-INV06-SB28.CorrenteCC_10: double
CLS01.6-INV06-SB28.CorrenteCC_11: double
CLS01.6-INV06-SB28.CorrenteCC_12: double
CLS01.6-INV06-SB28.CorrenteCC_13: double
CLS01.6-INV06-SB28.CorrenteCC_14: double
CLS01.6-INV06-SB28.CorrenteCC_15: double
CLS01.6-INV06-SB28.CorrenteCC_16: double
CLS01.6-INV06-SB28.TensaoCC: double
CLS01.6-INV06-SB28-TR109.PosAngAlvo: double
CLS01.6-INV06-SB28-TR109.PosAngAtual: double
CLS01.6-INV06-SB28-TR110.PosAngAlvo: double
CLS01.6-INV06-SB28-TR110.PosAngAtual: double
CLS01.6-INV06-SB28-TR111.PosAngAlvo: double
CLS01.6-INV06-SB28-TR111.PosAngAtual: double
CLS01.6-INV06-SB28-TR112.PosAngAlvo: double
CLS01.6-INV06-SB28-TR112.PosAngAtual: double
CLS01.6-INV07.CorA: double
CLS01.6-INV07.CorB: double
CLS01.6-INV07.CorC: double
CLS01.6-INV07.CorrenteCC: double
CLS01.6-INV07.PotAt: double
CLS01.6-INV07.TenAB: double
CLS01.6-INV07.TenBC: double
CLS01.6-INV07.TenCA: double
CLS01.6-INV07.TensaoCC: double
CLS01.6-INV07-SB29.CorrenteCC_01: double
CLS01.6-INV07-SB29.CorrenteCC_02: double
CLS01.6-INV07-SB29.CorrenteCC_03: double
CLS01.6-INV07-SB29.CorrenteCC_04: double
CLS01.6-INV07-SB29.CorrenteCC_05: double
CLS01.6-INV07-SB29.CorrenteCC_06: double
CLS01.6-INV07-SB29.CorrenteCC_07: double
CLS01.6-INV07-SB29.CorrenteCC_08: double
CLS01.6-INV07-SB29.CorrenteCC_09: double
CLS01.6-INV07-SB29.CorrenteCC_10: double
CLS01.6-INV07-SB29.CorrenteCC_11: double
CLS01.6-INV07-SB29.CorrenteCC_12: double
CLS01.6-INV07-SB29.CorrenteCC_13: double
CLS01.6-INV07-SB29.CorrenteCC_14: double
CLS01.6-INV07-SB29.CorrenteCC_15: double
CLS01.6-INV07-SB29.CorrenteCC_16: double
CLS01.6-INV07-SB29.TensaoCC: double
CLS01.6-INV07-SB29-TR113.PosAngAlvo: double
CLS01.6-INV07-SB29-TR113.PosAngAtual: double
CLS01.6-INV07-SB29-TR114.PosAngAlvo: double
CLS01.6-INV07-SB29-TR114.PosAngAtual: double
CLS01.6-INV07-SB29-TR115.PosAngAlvo: double
CLS01.6-INV07-SB29-TR115.PosAngAtual: double
CLS01.6-INV07-SB29-TR116.PosAngAlvo: double
CLS01.6-INV07-SB29-TR116.PosAngAtual: double
CLS01.6-INV07-SB30.CorrenteCC_01: double
CLS01.6-INV07-SB30.CorrenteCC_02: double
CLS01.6-INV07-SB30.CorrenteCC_03: double
CLS01.6-INV07-SB30.CorrenteCC_04: double
CLS01.6-INV07-SB30.CorrenteCC_05: double
CLS01.6-INV07-SB30.CorrenteCC_06: double
CLS01.6-INV07-SB30.CorrenteCC_07: double
CLS01.6-INV07-SB30.CorrenteCC_08: double
CLS01.6-INV07-SB30.CorrenteCC_09: double
CLS01.6-INV07-SB30.CorrenteCC_10: double
CLS01.6-INV07-SB30.CorrenteCC_11: double
CLS01.6-INV07-SB30.CorrenteCC_12: double
CLS01.6-INV07-SB30.CorrenteCC_13: double
CLS01.6-INV07-SB30.CorrenteCC_14: double
CLS01.6-INV07-SB30.CorrenteCC_15: double
CLS01.6-INV07-SB30.CorrenteCC_16: double
CLS01.6-INV07-SB30.TensaoCC: double
CLS01.6-INV07-SB30-TR117.PosAngAlvo: double
CLS01.6-INV07-SB30-TR117.PosAngAtual: double
CLS01.6-INV07-SB30-TR118.PosAngAlvo: double
CLS01.6-INV07-SB30-TR118.PosAngAtual: double
CLS01.6-INV07-SB30-TR119.PosAngAlvo: double
CLS01.6-INV07-SB30-TR119.PosAngAtual: double
CLS01.6-INV07-SB30-TR120.PosAngAlvo: double
CLS01.6-INV07-SB30-TR120.PosAngAtual: double
CLS01.6-INV07-SB31.CorrenteCC_01: double
CLS01.6-INV07-SB31.CorrenteCC_02: double
CLS01.6-INV07-SB31.CorrenteCC_03: double
CLS01.6-INV07-SB31.CorrenteCC_04: double
CLS01.6-INV07-SB31.CorrenteCC_05: double
CLS01.6-INV07-SB31.CorrenteCC_06: double
CLS01.6-INV07-SB31.CorrenteCC_07: double
CLS01.6-INV07-SB31.CorrenteCC_08: double
CLS01.6-INV07-SB31.CorrenteCC_09: double
CLS01.6-INV07-SB31.CorrenteCC_10: double
CLS01.6-INV07-SB31.CorrenteCC_11: double
CLS01.6-INV07-SB31.CorrenteCC_12: double
CLS01.6-INV07-SB31.CorrenteCC_13: double
CLS01.6-INV07-SB31.CorrenteCC_14: double
CLS01.6-INV07-SB31.CorrenteCC_15: double
CLS01.6-INV07-SB31.CorrenteCC_16: double
CLS01.6-INV07-SB31.TensaoCC: double
CLS01.6-INV07-SB31-TR121.PosAngAlvo: double
CLS01.6-INV07-SB31-TR121.PosAngAtual: double
CLS01.6-INV07-SB31-TR122.PosAngAlvo: double
CLS01.6-INV07-SB31-TR122.PosAngAtual: double
CLS01.6-INV07-SB31-TR123.PosAngAlvo: double
CLS01.6-INV07-SB31-TR123.PosAngAtual: double
CLS01.6-INV07-SB31-TR124.PosAngAlvo: double
CLS01.6-INV07-SB31-TR124.PosAngAtual: double
CLS01.6-INV07-SB32.CorrenteCC_01: double
CLS01.6-INV07-SB32.CorrenteCC_02: double
CLS01.6-INV07-SB32.CorrenteCC_03: double
CLS01.6-INV07-SB32.CorrenteCC_04: double
CLS01.6-INV07-SB32.CorrenteCC_05: double
CLS01.6-INV07-SB32.CorrenteCC_06: double
CLS01.6-INV07-SB32.CorrenteCC_07: double
CLS01.6-INV07-SB32.CorrenteCC_08: double
CLS01.6-INV07-SB32.CorrenteCC_09: double
CLS01.6-INV07-SB32.CorrenteCC_10: double
CLS01.6-INV07-SB32.CorrenteCC_11: double
CLS01.6-INV07-SB32.CorrenteCC_12: double
CLS01.6-INV07-SB32.CorrenteCC_13: double
CLS01.6-INV07-SB32.CorrenteCC_14: double
CLS01.6-INV07-SB32.CorrenteCC_15: double
CLS01.6-INV07-SB32.CorrenteCC_16: double
CLS01.6-INV07-SB32.TensaoCC: double
CLS01.6-INV07-SB32-TR125.PosAngAlvo: double
CLS01.6-INV07-SB32-TR125.PosAngAtual: double
CLS01.6-INV07-SB32-TR126.PosAngAlvo: double
CLS01.6-INV07-SB32-TR126.PosAngAtual: double
CLS01.6-INV07-SB32-TR127.PosAngAlvo: double
CLS01.6-INV07-SB32-TR127.PosAngAtual: double
CLS01.6-INV07-SB32-TR128.PosAngAlvo: double
CLS01.6-INV07-SB32-TR128.PosAngAtual: double
CLS01.6-INV08.CorA: double
CLS01.6-INV08.CorB: double
CLS01.6-INV08.CorC: double
CLS01.6-INV08.CorrenteCC: double
CLS01.6-INV08.PotAt: double
CLS01.6-INV08.TenAB: double
CLS01.6-INV08.TenBC: double
CLS01.6-INV08.TenCA: double
CLS01.6-INV08.TensaoCC: double
CLS01.6-INV08-SB21.CorrenteCC_01: double
CLS01.6-INV08-SB21.CorrenteCC_02: double
CLS01.6-INV08-SB21.CorrenteCC_03: double
CLS01.6-INV08-SB21.CorrenteCC_04: double
CLS01.6-INV08-SB21.CorrenteCC_05: double
CLS01.6-INV08-SB21.CorrenteCC_06: double
CLS01.6-INV08-SB21.CorrenteCC_07: double
CLS01.6-INV08-SB21.CorrenteCC_08: double
CLS01.6-INV08-SB21.CorrenteCC_09: double
CLS01.6-INV08-SB21.CorrenteCC_10: double
CLS01.6-INV08-SB21.CorrenteCC_11: double
CLS01.6-INV08-SB21.CorrenteCC_12: double
CLS01.6-INV08-SB21.CorrenteCC_13: double
CLS01.6-INV08-SB21.CorrenteCC_14: double
CLS01.6-INV08-SB21.CorrenteCC_15: double
CLS01.6-INV08-SB21.CorrenteCC_16: double
CLS01.6-INV08-SB21.TensaoCC: double
CLS01.6-INV08-SB21-TR081.PosAngAlvo: double
CLS01.6-INV08-SB21-TR081.PosAngAtual: double
CLS01.6-INV08-SB21-TR082.PosAngAlvo: double
CLS01.6-INV08-SB21-TR082.PosAngAtual: double
CLS01.6-INV08-SB21-TR083.PosAngAlvo: double
CLS01.6-INV08-SB21-TR083.PosAngAtual: double
CLS01.6-INV08-SB21-TR084.PosAngAlvo: double
CLS01.6-INV08-SB21-TR084.PosAngAtual: double
CLS01.6-INV08-SB22.CorrenteCC_01: double
CLS01.6-INV08-SB22.CorrenteCC_02: double
CLS01.6-INV08-SB22.CorrenteCC_03: double
CLS01.6-INV08-SB22.CorrenteCC_04: double
CLS01.6-INV08-SB22.CorrenteCC_05: double
CLS01.6-INV08-SB22.CorrenteCC_06: double
CLS01.6-INV08-SB22.CorrenteCC_07: double
CLS01.6-INV08-SB22.CorrenteCC_08: double
CLS01.6-INV08-SB22.CorrenteCC_09: double
CLS01.6-INV08-SB22.CorrenteCC_10: double
CLS01.6-INV08-SB22.CorrenteCC_11: double
CLS01.6-INV08-SB22.CorrenteCC_12: double
CLS01.6-INV08-SB22.CorrenteCC_13: double
CLS01.6-INV08-SB22.CorrenteCC_14: double
CLS01.6-INV08-SB22.CorrenteCC_15: double
CLS01.6-INV08-SB22.CorrenteCC_16: double
CLS01.6-INV08-SB22.TensaoCC: double
CLS01.6-INV08-SB22-TR085.PosAngAlvo: double
CLS01.6-INV08-SB22-TR085.PosAngAtual: double
CLS01.6-INV08-SB22-TR086.PosAngAlvo: double
CLS01.6-INV08-SB22-TR086.PosAngAtual: double
CLS01.6-INV08-SB22-TR087.PosAngAlvo: double
CLS01.6-INV08-SB22-TR087.PosAngAtual: double
CLS01.6-INV08-SB22-TR088.PosAngAlvo: double
CLS01.6-INV08-SB22-TR088.PosAngAtual: double
CLS01.6-INV08-SB23.CorrenteCC_01: double
CLS01.6-INV08-SB23.CorrenteCC_02: double
CLS01.6-INV08-SB23.CorrenteCC_03: double
CLS01.6-INV08-SB23.CorrenteCC_04: double
CLS01.6-INV08-SB23.CorrenteCC_05: double
CLS01.6-INV08-SB23.CorrenteCC_06: double
CLS01.6-INV08-SB23.CorrenteCC_07: double
CLS01.6-INV08-SB23.CorrenteCC_08: double
CLS01.6-INV08-SB23.CorrenteCC_09: double
CLS01.6-INV08-SB23.CorrenteCC_10: double
CLS01.6-INV08-SB23.CorrenteCC_11: double
CLS01.6-INV08-SB23.CorrenteCC_12: double
CLS01.6-INV08-SB23.CorrenteCC_13: double
CLS01.6-INV08-SB23.CorrenteCC_14: double
CLS01.6-INV08-SB23.CorrenteCC_15: double
CLS01.6-INV08-SB23.CorrenteCC_16: double
CLS01.6-INV08-SB23.TensaoCC: double
CLS01.6-INV08-SB23-TR089.PosAngAlvo: double
CLS01.6-INV08-SB23-TR089.PosAngAtual: double
CLS01.6-INV08-SB23-TR090.PosAngAlvo: double
CLS01.6-INV08-SB23-TR090.PosAngAtual: double
CLS01.6-INV08-SB23-TR091.PosAngAlvo: double
CLS01.6-INV08-SB23-TR091.PosAngAtual: double
CLS01.6-INV08-SB23-TR092.PosAngAlvo: double
CLS01.6-INV08-SB23-TR092.PosAngAtual: double
CLS01.6-INV08-SB24.CorrenteCC_01: double
CLS01.6-INV08-SB24.CorrenteCC_02: double
CLS01.6-INV08-SB24.CorrenteCC_03: double
CLS01.6-INV08-SB24.CorrenteCC_04: double
CLS01.6-INV08-SB24.CorrenteCC_05: double
CLS01.6-INV08-SB24.CorrenteCC_06: double
CLS01.6-INV08-SB24.CorrenteCC_07: double
CLS01.6-INV08-SB24.CorrenteCC_08: double
CLS01.6-INV08-SB24.CorrenteCC_09: double
CLS01.6-INV08-SB24.CorrenteCC_10: double
CLS01.6-INV08-SB24.CorrenteCC_11: double
CLS01.6-INV08-SB24.CorrenteCC_12: double
CLS01.6-INV08-SB24.CorrenteCC_13: double
CLS01.6-INV08-SB24.CorrenteCC_14: double
CLS01.6-INV08-SB24.CorrenteCC_15: double
CLS01.6-INV08-SB24.CorrenteCC_16: double
CLS01.6-INV08-SB24.TensaoCC: double
CLS01.6-INV08-SB24-TR093.PosAngAlvo: double
CLS01.6-INV08-SB24-TR093.PosAngAtual: double
CLS01.6-INV08-SB24-TR094.PosAngAlvo: double
CLS01.6-INV08-SB24-TR094.PosAngAtual: double
CLS01.6-INV08-SB24-TR095.PosAngAlvo: double
CLS01.6-INV08-SB24-TR095.PosAngAtual: double
CLS01.6-INV08-SB24-TR096.PosAngAlvo: double
CLS01.6-INV08-SB24-TR096.PosAngAtual: double
CLS01.PPC.PotAt: double
CLS01.PPC.RefPotAt: double
SE-BBS.PPC.RefPotAt: double
SE-BBS.PPC.RefPotAt_DispSolar: double
Unnamed: 5253: double
timestamp.1: timestamp[us]
Flag 5 minutos: int64
__fragment_index: int32
__batch_index: int32
__last_in_fragment: bool
__filename: string
[2026-04-13 01:30:35] [INFO] usina_solar -- [PARQUET] Schema lido: 5255 séries para 2025-11-24
[2026-04-13 01:30:35] [INFO] usina_solar -- [PARQUET] Schema lido: 5255 séries para 2025-11-24
[2026-04-13 01:31:29] [INFO] usina_solar -- ============================================================
[2026-04-13 01:31:29] [INFO] usina_solar -- [SOLAR] Usina Solar API iniciada
[2026-04-13 01:31:29] [INFO] usina_solar --    Data dir: E:\Antigravity\Causa Raiz\backend\data
[2026-04-13 01:31:29] [INFO] usina_solar --    Docs:     http://localhost:8000/docs
[2026-04-13 01:31:29] [INFO] usina_solar -- ============================================================
[2026-04-13 01:31:52] [INFO] usina_solar -- [USINAS] Listando 2 usinas.
[2026-04-13 01:31:52] [INFO] usina_solar -- [USINAS] Listando 2 usinas.
[2026-04-13 01:31:54] [INFO] usina_solar -- [PARQUET] Schema lido: 5255 séries para 2025-11-24
[2026-04-13 01:32:00] [INFO] usina_solar -- [DATA] Consulta: usina=Cortez - SPE São Claus 1, date=2025-11-24, series=['CLS01.1-INV01-SB13.PotenciaCC_01'], elemento=None, skid=None, [None → None]
[2026-04-13 01:32:00] [INFO] usina_solar -- [QUERY] date=2025-11-24 | 1 séries (1 sintéticas) | start=None end=None
[2026-04-13 01:32:09] [INFO] usina_solar -- [DATA] Consulta: usina=Cortez - SPE São Claus 1, date=2025-11-24, series=['CLS01.1-INV01-SB13.PotenciaCC_01', 'CLS01.1-INV01-SB13.CorrenteCC_01'], elemento=None, skid=None, [None → None]
[2026-04-13 01:32:09] [INFO] usina_solar -- [QUERY] date=2025-11-24 | 2 séries (1 sintéticas) | start=None end=None
[2026-04-13 01:32:23] [INFO] usina_solar -- [DATA] Consulta: usina=Cortez - SPE São Claus 1, date=2025-11-24, series=['CLS01.1-INV01-SB13.PotenciaCC_01', 'CLS01.1-INV01-SB13.CorrenteCC_01', 'CLS01.1-INV01-SB13.TensaoCC'], elemento=None, skid=None, [None → None]
[2026-04-13 01:32:23] [INFO] usina_solar -- [QUERY] date=2025-11-24 | 3 séries (1 sintéticas) | start=None end=None
[2026-04-13 01:35:14] [INFO] usina_solar -- [PARQUET] Schema lido: 5255 séries para 2025-11-24
[2026-04-13 01:35:14] [INFO] usina_solar -- [PARQUET] Schema lido: 5255 séries para 2025-11-24
[2026-04-13 01:42:32] [INFO] usina_solar -- [USINAS] Listando 2 usinas.
[2026-04-13 01:42:32] [INFO] usina_solar -- [USINAS] Listando 2 usinas.
[2026-04-13 01:43:07] [INFO] usina_solar -- [PARQUET] Schema lido: 5255 séries para 2025-11-24
[2026-04-13 01:43:08] [INFO] usina_solar -- [PARQUET] Schema lido: 5255 séries para 2025-11-24
[2026-04-13 01:44:56] [INFO] usina_solar -- [DATA] Consulta: usina=Cortez - SPE São Claus 1, date=2025-11-24, series=['Flag 5 minutos'], elemento=None, skid=None, [None → None]
[2026-04-13 01:44:56] [INFO] usina_solar -- [QUERY] date=2025-11-24 | 1 séries (0 sintéticas) | start=None end=None
[2026-04-13 01:45:13] [INFO] usina_solar -- [PARQUET] Schema lido: 5255 séries para 2025-11-24
[2026-04-13 01:45:13] [INFO] usina_solar -- [PARQUET] Schema lido: 5255 séries para 2025-11-24
[2026-04-13 01:48:48] [INFO] usina_solar -- [PARQUET] Schema lido: 5255 séries para 2025-11-24
[2026-04-13 01:48:48] [INFO] usina_solar -- [PARQUET] Schema lido: 5255 séries para 2025-11-24
[2026-04-13 01:48:58] [INFO] usina_solar -- [USINAS] Listando 2 usinas.
[2026-04-13 01:48:58] [INFO] usina_solar -- [USINAS] Listando 2 usinas.
[2026-04-13 01:49:07] [INFO] usina_solar -- [PARQUET] Schema lido: 5255 séries para 2025-11-24
[2026-04-13 01:49:07] [INFO] usina_solar -- [PARQUET] Schema lido: 5255 séries para 2025-11-24
[2026-04-13 01:51:31] [INFO] usina_solar -- [DATA] Consulta: usina=Cortez - SPE São Claus 1, date=2025-11-24, series=['CLS01.2-INV02-SB08.PotenciaCC_05', 'CLS01.2-INV02-SB08.PotenciaCC_04'], elemento=None, skid=None, [None → None]
[2026-04-13 01:51:31] [INFO] usina_solar -- [QUERY] date=2025-11-24 | 2 séries (2 sintéticas) | start=None end=None
[2026-04-13 01:52:03] [INFO] usina_solar -- [DATA] Consulta: usina=Cortez - SPE São Claus 1, date=2025-11-24, series=['CLS01.2-INV02-SB08.PotenciaCC_05', 'CLS01.2-INV02-SB08.PotenciaCC_04', 'CLS01.2-INV02-SB08-TR029.PosAngAlvo', 'CLS01.2-INV02-SB08-TR029.PosAngAtual', 'CLS01.2-INV02-SB08-TR030.PosAngAlvo', 'CLS01.2-INV02-SB08-TR030.PosAngAtual', 'CLS01.2-INV02-SB08-TR031.PosAngAlvo', 'CLS01.2-INV02-SB08-TR031.PosAngAtual', 'CLS01.2-INV02-SB08-TR032.PosAngAlvo', 'CLS01.2-INV02-SB08-TR032.PosAngAtual'], elemento=None, skid=None, [None → None]
[2026-04-13 01:52:03] [INFO] usina_solar -- [QUERY] date=2025-11-24 | 10 séries (2 sintéticas) | start=None end=None
[2026-04-13 10:54:37] [INFO] usina_solar -- ============================================================
[2026-04-13 10:54:37] [INFO] usina_solar -- [SOLAR] Usina Solar API iniciada
[2026-04-13 10:54:37] [INFO] usina_solar --    Data dir: E:\Antigravity\Causa Raiz\backend\data
[2026-04-13 10:54:37] [INFO] usina_solar --    Docs:     http://localhost:8000/docs
[2026-04-13 10:54:37] [INFO] usina_solar -- ============================================================
[2026-04-13 10:55:01] [INFO] usina_solar -- [USINAS] Listando 2 usinas.
[2026-04-13 10:55:01] [INFO] usina_solar -- [USINAS] Listando 2 usinas.
[2026-04-13 10:55:11] [INFO] usina_solar -- [PARQUET] Schema lido: 5255 séries para 2025-11-24
[2026-04-13 10:55:17] [INFO] usina_solar -- [DATA] Consulta: usina=Cortez - SPE São Claus 1, date=2025-11-24, series=['CLS01.1.MET-B.POA-Irrd', 'CLS01.1.MET-B.POA-Irrd_REAR', 'CLS01.1.MET-B.T_MOD'], elemento=None, skid=None, [None → None]
[2026-04-13 10:55:17] [INFO] usina_solar -- [QUERY] date=2025-11-24 | 3 séries (0 sintéticas) | start=None end=None
[2026-04-13 11:00:17] [INFO] usina_solar -- [PARQUET] Schema lido: 5255 séries para 2025-11-24
[2026-04-13 11:00:52] [INFO] usina_solar -- [DATA] Consulta: usina=Cortez - SPE São Claus 1, date=2025-11-24, series=['CLS01.1-INV01.PotAt', 'CLS01.1-INV02.PotAt', 'CLS01.1-INV03.PotAt', 'CLS01.1-INV04.PotAt', 'CLS01.1-INV05.PotAt', 'CLS01.1-INV06.PotAt', 'CLS01.1-INV07.PotAt', 'CLS01.1-INV08.PotAt', 'CLS01.1.MET-B.T_MOD'], elemento=None, skid=None, [None → None]
[2026-04-13 11:00:52] [INFO] usina_solar -- [QUERY] date=2025-11-24 | 9 séries (0 sintéticas) | start=None end=None
[2026-04-13 11:02:01] [INFO] usina_solar -- [DATA] Consulta: usina=Cortez - SPE São Claus 1, date=2025-11-24, series=['CLS01.1-INV01.PotAt', 'CLS01.1-INV02.PotAt', 'CLS01.1-INV03.PotAt', 'CLS01.1-INV04.PotAt', 'CLS01.1-INV05.PotAt', 'CLS01.1-INV06.PotAt', 'CLS01.1-INV07.PotAt', 'CLS01.1-INV08.PotAt', 'CLS01.1.MET-B.T_MOD', 'Flag 5 minutos'], elemento=None, skid=None, [None → None]
[2026-04-13 11:02:01] [INFO] usina_solar -- [QUERY] date=2025-11-24 | 10 séries (0 sintéticas) | start=None end=None
[2026-04-13 11:03:41] [INFO] usina_solar -- [PARQUET] Schema lido: 5255 séries para 2025-11-24
[2026-04-13 11:03:41] [INFO] usina_solar -- [PARQUET] Schema lido: 5255 séries para 2025-11-24
[2026-04-13 11:12:06] [INFO] usina_solar -- [PARQUET] Schema lido: 5255 séries para 2025-11-24
[2026-04-13 11:12:06] [INFO] usina_solar -- [PARQUET] Schema lido: 5255 séries para 2025-11-24
[2026-04-13 15:40:49] [INFO] usina_solar -- [PARQUET] Schema lido: 5255 séries para 2025-11-24
[2026-04-13 15:40:49] [INFO] usina_solar -- [PARQUET] Schema lido: 5255 séries para 2025-11-24
[2026-04-13 15:42:08] [INFO] usina_solar -- [USINAS] Listando 2 usinas.
[2026-04-13 15:42:08] [INFO] usina_solar -- [USINAS] Listando 2 usinas.
[2026-04-13 15:42:30] [INFO] usina_solar -- [PARQUET] Schema lido: 5255 séries para 2025-11-24
[2026-04-13 15:42:31] [INFO] usina_solar -- [PARQUET] Schema lido: 5255 séries para 2025-11-24
[2026-04-13 15:43:44] [INFO] usina_solar -- [USINAS] Listando 2 usinas.
[2026-04-13 15:43:44] [INFO] usina_solar -- [USINAS] Listando 2 usinas.
[2026-04-13 15:43:54] [INFO] usina_solar -- [PARQUET] Schema lido: 5255 séries para 2025-11-24
[2026-04-13 15:43:55] [INFO] usina_solar -- [USINAS] Listando 2 usinas.
[2026-04-13 15:43:55] [INFO] usina_solar -- [USINAS] Listando 2 usinas.
[2026-04-13 15:43:58] [INFO] usina_solar -- [PARQUET] Schema lido: 5255 séries para 2025-11-24
[2026-04-13 15:43:58] [INFO] usina_solar -- [PARQUET] Schema lido: 5255 séries para 2025-11-24
[2026-04-13 15:45:35] [INFO] usina_solar -- [USINAS] Listando 2 usinas.
[2026-04-13 15:45:35] [INFO] usina_solar -- [USINAS] Listando 2 usinas.
[2026-04-13 15:46:11] [INFO] usina_solar -- [PARQUET] Schema lido: 5255 séries para 2025-11-24
[2026-04-13 15:46:14] [INFO] usina_solar -- [PARQUET] Schema lido: 5255 séries para 2025-11-24
[2026-04-13 15:46:14] [INFO] usina_solar -- [PARQUET] Schema lido: 5255 séries para 2025-11-24
[2026-04-13 15:49:12] [INFO] usina_solar -- [USINAS] Listando 2 usinas.
[2026-04-13 15:49:12] [INFO] usina_solar -- [USINAS] Listando 2 usinas.
[2026-04-13 15:50:45] [INFO] usina_solar -- [PARQUET] Schema lido: 5255 séries para 2025-11-24
[2026-04-13 15:53:21] [INFO] usina_solar -- [USINAS] Listando 2 usinas.
[2026-04-13 15:53:21] [INFO] usina_solar -- [USINAS] Listando 2 usinas.
[2026-04-13 15:53:30] [INFO] usina_solar -- [PARQUET] Schema lido: 5255 séries para 2025-11-24
[2026-04-13 15:56:06] [INFO] usina_solar -- [USINAS] Listando 2 usinas.
[2026-04-13 15:56:06] [INFO] usina_solar -- [USINAS] Listando 2 usinas.
[2026-04-13 15:56:16] [INFO] usina_solar -- [PARQUET] Schema lido: 5255 séries para 2025-11-24
[2026-04-13 15:56:59] [INFO] usina_solar -- [USINAS] Listando 2 usinas.
[2026-04-13 15:56:59] [INFO] usina_solar -- [USINAS] Listando 2 usinas.
[2026-04-13 15:57:08] [INFO] usina_solar -- [PARQUET] Schema lido: 5255 séries para 2025-11-24
[2026-04-13 15:57:42] [INFO] usina_solar -- [USINAS] Listando 2 usinas.
[2026-04-13 15:57:42] [INFO] usina_solar -- [USINAS] Listando 2 usinas.
[2026-04-13 15:57:50] [INFO] usina_solar -- [PARQUET] Schema lido: 5255 séries para 2025-11-24
[2026-04-13 16:18:38] [INFO] usina_solar -- [USINAS] Listando 2 usinas.
[2026-04-13 16:18:38] [INFO] usina_solar -- [USINAS] Listando 2 usinas.
[2026-04-13 16:26:35] [INFO] usina_solar -- [USINAS] Listando 2 usinas.
[2026-04-13 16:26:35] [INFO] usina_solar -- [USINAS] Listando 2 usinas.
[2026-04-13 16:26:38] [INFO] usina_solar -- [PARQUET] Schema lido: 5255 séries para 2025-11-24
[2026-04-19 23:47:38] [INFO] usina_solar -- ============================================================
[2026-04-19 23:47:38] [INFO] usina_solar -- [SOLAR] Usina Solar API iniciada
[2026-04-19 23:47:38] [INFO] usina_solar --    Data dir: E:\Antigravity\Causa Raiz\backend\data
[2026-04-19 23:47:38] [INFO] usina_solar --    Docs:     http://localhost:8000/docs
[2026-04-19 23:47:38] [INFO] usina_solar -- ============================================================
[2026-04-19 23:47:52] [INFO] usina_solar -- [USINAS] Listando 2 usinas.
[2026-04-19 23:47:52] [INFO] usina_solar -- [USINAS] Listando 2 usinas.
[2026-04-19 23:47:57] [INFO] usina_solar -- [USINAS] Listando 2 usinas.
[2026-04-19 23:47:57] [INFO] usina_solar -- [USINAS] Listando 2 usinas.
[2026-04-19 23:48:57] [INFO] usina_solar -- [PARQUET] Schema lido: 5255 séries para 2025-11-24
[2026-04-19 23:49:14] [INFO] usina_solar -- [DATA] Consulta: usina=Cortez - SPE São Claus 1, date=2025-11-24, series=['CLS01.1.MET-B.POA-Irrd', 'CLS01.1.MET-B.POA-Irrd_REAR', 'CLS01.1.MET-B.T_MOD'], elemento=None, skid=None, [None → None]
[2026-04-19 23:49:14] [INFO] usina_solar -- [QUERY] date=2025-11-24 | 3 séries (0 sintéticas) | start=None end=None
[2026-04-19 23:53:33] [INFO] usina_solar -- [USINAS] Listando 2 usinas.
[2026-04-19 23:53:33] [INFO] usina_solar -- [USINAS] Listando 2 usinas.
[2026-04-19 23:53:57] [INFO] usina_solar -- [USINAS] Listando 2 usinas.
[2026-04-19 23:53:57] [INFO] usina_solar -- [USINAS] Listando 2 usinas.
[2026-04-19 23:55:44] [INFO] usina_solar -- [PARQUET] Schema lido: 5255 séries para 2025-11-25
[2026-04-19 23:56:12] [INFO] usina_solar -- [PARQUET] Schema lido: 5255 séries para 2025-11-24
[2026-04-19 23:56:16] [INFO] usina_solar -- [DATA] Consulta: usina=Cortez - SPE São Claus 1, date=2025-11-24, series=['CLS01.1.MET-B.POA-Irrd', 'CLS01.1.MET-B.POA-Irrd_REAR', 'CLS01.1.MET-B.T_MOD'], elemento=None, skid=None, [None → None]
[2026-04-19 23:56:16] [INFO] usina_solar -- [QUERY] date=2025-11-24 | 3 séries (0 sintéticas) | start=None end=None
[2026-04-20 00:01:25] [INFO] usina_solar -- [USINAS] Listando 2 usinas.
[2026-04-20 00:01:25] [INFO] usina_solar -- [USINAS] Listando 2 usinas.
[2026-04-20 00:02:08] [INFO] usina_solar -- [PARQUET] Schema lido: 5255 séries para 2025-11-24
[2026-04-20 00:02:11] [INFO] usina_solar -- [USINAS] Listando 2 usinas.
[2026-04-20 00:02:11] [INFO] usina_solar -- [USINAS] Listando 2 usinas.
[2026-04-20 00:02:13] [INFO] usina_solar -- [PARQUET] Schema lido: 5255 séries para 2025-11-24
[2026-04-20 00:02:17] [INFO] usina_solar -- [DATA] Consulta: usina=Cortez - SPE São Claus 1, date=2025-11-24, series=['CLS01.1.MET-B.POA-Irrd', 'CLS01.1.MET-B.POA-Irrd_REAR', 'CLS01.1.MET-B.T_MOD'], elemento=None, skid=None, [None → None]
[2026-04-20 00:02:17] [INFO] usina_solar -- [QUERY] date=2025-11-24 | 3 séries (0 sintéticas) | start=None end=None
[2026-04-20 00:02:37] [INFO] usina_solar -- [USINAS] Listando 2 usinas.
[2026-04-20 00:02:37] [INFO] usina_solar -- [USINAS] Listando 2 usinas.
[2026-04-20 00:02:42] [INFO] usina_solar -- [PARQUET] Schema lido: 5255 séries para 2025-11-24
[2026-04-20 00:02:45] [INFO] usina_solar -- [DATA] Consulta: usina=Cortez - SPE São Claus 1, date=2025-11-24, series=['CLS01.1.MET-B.POA-Irrd', 'CLS01.1.MET-B.POA-Irrd_REAR', 'CLS01.1.MET-B.T_MOD'], elemento=None, skid=None, [None → None]
[2026-04-20 00:02:45] [INFO] usina_solar -- [QUERY] date=2025-11-24 | 3 séries (0 sintéticas) | start=None end=None
[2026-04-20 00:06:32] [INFO] usina_solar -- [USINAS] Listando 2 usinas.
[2026-04-20 00:06:32] [INFO] usina_solar -- [USINAS] Listando 2 usinas.
[2026-04-20 00:08:35] [INFO] usina_solar -- [PARQUET] Schema lido: 5255 séries para 2025-11-24
[2026-04-20 00:08:39] [INFO] usina_solar -- [DATA] Consulta: usina=Cortez - SPE São Claus 1, date=2025-11-24, series=['CLS01.1.MET-B.POA-Irrd', 'CLS01.1.MET-B.POA-Irrd_REAR', 'CLS01.1.MET-B.T_MOD'], elemento=None, skid=None, [None → None]
[2026-04-20 00:08:39] [INFO] usina_solar -- [QUERY] date=2025-11-24 | 3 séries (0 sintéticas) | start=None end=None
[2026-04-20 00:18:04] [INFO] usina_solar -- [USINAS] Listando 2 usinas.
[2026-04-20 00:18:04] [INFO] usina_solar -- [USINAS] Listando 2 usinas.
[2026-04-20 00:18:34] [INFO] usina_solar -- [USINAS] Listando 2 usinas.
[2026-04-20 00:18:35] [INFO] usina_solar -- [USINAS] Listando 2 usinas.
[2026-04-20 00:18:40] [INFO] usina_solar -- [PARQUET] Schema lido: 5255 séries para 2025-11-24
[2026-04-20 00:18:44] [INFO] usina_solar -- [DATA] Consulta: usina=Cortez - SPE São Claus 1, date=2025-11-24, series=['CLS01.1.MET-B.POA-Irrd', 'CLS01.1.MET-B.POA-Irrd_REAR', 'CLS01.1.MET-B.T_MOD'], elemento=None, skid=None, [None → None]
[2026-04-20 00:18:44] [INFO] usina_solar -- [QUERY] date=2025-11-24 | 3 séries (0 sintéticas) | start=None end=None
[2026-04-20 00:21:32] [INFO] usina_solar -- [USINAS] Listando 2 usinas.
[2026-04-20 00:21:32] [INFO] usina_solar -- [USINAS] Listando 2 usinas.
[2026-04-20 00:24:40] [INFO] usina_solar -- [PARQUET] Schema lido: 5255 séries para 2025-11-24
[2026-04-20 00:25:20] [INFO] usina_solar -- [DATA] Consulta: usina=Cortez - SPE São Claus 1, date=2025-11-24, series=['CLS01.1.MET-B.POA-Irrd', 'CLS01.1.MET-B.POA-Irrd_REAR', 'CLS01.1.MET-B.T_MOD'], elemento=None, skid=None, [None → None]
[2026-04-20 00:25:20] [INFO] usina_solar -- [QUERY] date=2025-11-24 | 3 séries (0 sintéticas) | start=None end=None
[2026-04-20 00:29:11] [INFO] usina_solar -- [USINAS] Listando 2 usinas.
[2026-04-20 00:29:11] [INFO] usina_solar -- [USINAS] Listando 2 usinas.
[2026-04-20 00:30:51] [INFO] usina_solar -- [PARQUET] Schema lido: 5255 séries para 2025-11-24
[2026-04-20 00:30:56] [INFO] usina_solar -- [DATA] Consulta: usina=Cortez - SPE São Claus 1, date=2025-11-24, series=['CLS01.1.MET-B.POA-Irrd', 'CLS01.1.MET-B.POA-Irrd_REAR', 'CLS01.1.MET-B.T_MOD'], elemento=None, skid=None, [None → None]
[2026-04-20 00:30:56] [INFO] usina_solar -- [QUERY] date=2025-11-24 | 3 séries (0 sintéticas) | start=None end=None
[2026-04-20 00:32:15] [INFO] usina_solar -- [PARQUET] Schema lido: 5255 séries para 2025-11-24
[2026-04-20 00:32:15] [INFO] usina_solar -- [PARQUET] Schema lido: 5255 séries para 2025-11-24
[2026-04-20 00:33:44] [INFO] usina_solar -- [PARQUET] Schema lido: 5255 séries para 2025-11-24
[2026-04-20 00:33:44] [INFO] usina_solar -- [PARQUET] Schema lido: 5255 séries para 2025-11-24
[2026-04-20 00:35:15] [INFO] usina_solar -- [PARQUET] Schema lido: 5255 séries para 2025-11-24
[2026-04-20 00:35:15] [INFO] usina_solar -- [PARQUET] Schema lido: 5255 séries para 2025-11-24
[2026-04-20 00:35:15] [INFO] usina_solar -- [PARQUET] Schema lido: 5255 séries para 2025-11-24
[2026-04-20 00:35:15] [INFO] usina_solar -- [PARQUET] Schema lido: 5255 séries para 2025-11-24
[2026-04-20 09:53:31] [INFO] usina_solar -- [USINAS] Listando 2 usinas.
[2026-04-20 09:53:31] [INFO] usina_solar -- [USINAS] Listando 2 usinas.
[2026-04-20 09:53:40] [INFO] usina_solar -- [USINAS] Listando 2 usinas.
[2026-04-20 09:53:40] [INFO] usina_solar -- [USINAS] Listando 2 usinas.
[2026-04-20 09:59:51] [INFO] usina_solar -- [PARQUET] Schema lido: 5255 séries para 2025-11-24
[2026-04-20 10:00:01] [INFO] usina_solar -- [DATA] Consulta: usina=Cortez - SPE São Claus 1, date=2025-11-24, series=['CLS01.1.MET-B.POA-Irrd', 'CLS01.1.MET-B.POA-Irrd_REAR', 'CLS01.1.MET-B.T_MOD'], elemento=None, skid=None, [None → None]
[2026-04-20 10:00:01] [INFO] usina_solar -- [QUERY] date=2025-11-24 | 3 séries (0 sintéticas) | start=None end=None
[2026-04-20 10:04:43] [INFO] usina_solar -- [USINAS] Listando 2 usinas.
[2026-04-20 10:04:43] [INFO] usina_solar -- [USINAS] Listando 2 usinas.
[2026-04-20 10:04:48] [INFO] usina_solar -- [PARQUET] Schema lido: 5255 séries para 2025-11-24
[2026-04-20 10:04:55] [INFO] usina_solar -- [DATA] Consulta: usina=Cortez - SPE São Claus 1, date=2025-11-24, series=['CLS01.1.MET-B.POA-Irrd', 'CLS01.1.MET-B.POA-Irrd_REAR', 'CLS01.1.MET-B.T_MOD'], elemento=None, skid=None, [None → None]
[2026-04-20 10:04:55] [INFO] usina_solar -- [QUERY] date=2025-11-24 | 3 séries (0 sintéticas) | start=None end=None
[2026-04-20 10:09:46] [INFO] usina_solar -- [PARQUET] Schema lido: 5255 séries para 2025-11-24
[2026-04-20 10:18:39] [INFO] usina_solar -- [PARQUET] Schema lido: 5255 séries para 2025-11-24
[2026-04-20 10:18:44] [INFO] usina_solar -- [DATA] Consulta: usina=Cortez - SPE São Claus 1, date=2025-11-24, series=['CLS01.1.MET-B.POA-Irrd', 'CLS01.1.MET-B.POA-Irrd_REAR', 'CLS01.1.MET-B.T_MOD'], elemento=None, skid=None, [None → None]
[2026-04-20 10:18:44] [INFO] usina_solar -- [QUERY] date=2025-11-24 | 3 séries (0 sintéticas) | start=None end=None
[2026-04-20 10:26:12] [INFO] usina_solar -- [USINAS] Listando 2 usinas.
[2026-04-20 10:26:12] [INFO] usina_solar -- [USINAS] Listando 2 usinas.
[2026-04-20 10:26:17] [INFO] usina_solar -- [PARQUET] Schema lido: 5255 séries para 2025-11-24
[2026-04-20 10:26:24] [INFO] usina_solar -- [USINAS] Listando 2 usinas.
[2026-04-20 10:26:24] [INFO] usina_solar -- [USINAS] Listando 2 usinas.
[2026-04-20 10:26:29] [INFO] usina_solar -- [PARQUET] Schema lido: 5255 séries para 2025-11-24
[2026-04-20 10:26:42] [INFO] usina_solar -- [DATA] Consulta: usina=Cortez - SPE São Claus 1, date=2025-11-24, series=['CLS01.1.MET-B.POA-Irrd', 'CLS01.1.MET-B.POA-Irrd_REAR', 'CLS01.1.MET-B.T_MOD', 'CLS01.1.MET-EPE.VentoVel', 'CLS01.1-INV01.PotAt'], elemento=None, skid=None, [None → None]
[2026-04-20 10:26:42] [INFO] usina_solar -- [QUERY] date=2025-11-24 | 5 séries (0 sintéticas) | start=None end=None
[2026-04-20 10:34:21] [INFO] usina_solar -- [USINAS] Listando 2 usinas.
[2026-04-20 10:34:21] [INFO] usina_solar -- [USINAS] Listando 2 usinas.
[2026-04-20 10:34:43] [INFO] usina_solar -- [USINAS] Listando 2 usinas.
[2026-04-20 10:34:43] [INFO] usina_solar -- [USINAS] Listando 2 usinas.
[2026-04-20 10:35:48] [INFO] usina_solar -- [USINAS] Listando 2 usinas.
[2026-04-20 10:35:48] [INFO] usina_solar -- [USINAS] Listando 2 usinas.
[2026-04-20 10:40:01] [INFO] usina_solar -- [USINAS] Listando 2 usinas.
[2026-04-20 10:40:01] [INFO] usina_solar -- [USINAS] Listando 2 usinas.
[2026-04-20 10:41:45] [INFO] usina_solar -- [USINAS] Listando 2 usinas.
[2026-04-20 10:41:45] [INFO] usina_solar -- [USINAS] Listando 2 usinas.
[2026-04-20 10:42:22] [INFO] usina_solar -- [USINAS] Listando 2 usinas.
[2026-04-20 10:42:22] [INFO] usina_solar -- [USINAS] Listando 2 usinas.
[2026-04-20 10:42:48] [INFO] usina_solar -- [USINAS] Listando 2 usinas.
[2026-04-20 10:42:48] [INFO] usina_solar -- [USINAS] Listando 2 usinas.
[2026-04-20 10:43:27] [INFO] usina_solar -- [PARQUET] Schema lido: 5255 séries para 2025-11-24
[2026-04-20 10:43:36] [INFO] usina_solar -- [DATA] Consulta: usina=Cortez - SPE São Claus 1, date=2025-11-24, series=['CLS01.1.MET-B.POA-Irrd', 'CLS01.1.MET-B.POA-Irrd_REAR', 'CLS01.1.MET-B.T_MOD', 'CLS01.1-INV01-SB13-TR049.PosAngAlvo'], elemento=None, skid=None, [None → None]
[2026-04-20 10:43:36] [INFO] usina_solar -- [QUERY] date=2025-11-24 | 4 séries (0 sintéticas) | start=None end=None
[2026-04-20 10:45:38] [INFO] usina_solar -- [USINAS] Listando 2 usinas.
[2026-04-20 10:45:38] [INFO] usina_solar -- [USINAS] Listando 2 usinas.
[2026-04-20 10:46:13] [INFO] usina_solar -- [USINAS] Listando 2 usinas.
[2026-04-20 10:46:13] [INFO] usina_solar -- [USINAS] Listando 2 usinas.
[2026-04-20 10:46:38] [INFO] usina_solar -- [USINAS] Listando 2 usinas.
[2026-04-20 10:46:38] [INFO] usina_solar -- [USINAS] Listando 2 usinas.
[2026-04-20 10:47:17] [INFO] usina_solar -- [USINAS] Listando 2 usinas.
[2026-04-20 10:47:17] [INFO] usina_solar -- [USINAS] Listando 2 usinas.
[2026-04-20 10:51:32] [INFO] usina_solar -- [PARQUET] Schema lido: 5255 séries para 2025-11-24
[2026-04-20 10:51:43] [INFO] usina_solar -- [DATA] Consulta: usina=Cortez - SPE São Claus 1, date=2025-11-24, series=['CLS01.1.MET-B.POA-Irrd', 'CLS01.1.MET-B.POA-Irrd_REAR', 'CLS01.1.MET-B.T_MOD', 'Flag 5 minutos'], elemento=None, skid=None, [None → None]
[2026-04-20 10:51:43] [INFO] usina_solar -- [QUERY] date=2025-11-24 | 4 séries (0 sintéticas) | start=None end=None
[2026-04-20 10:52:04] [INFO] usina_solar -- [USINAS] Listando 2 usinas.
[2026-04-20 10:52:04] [INFO] usina_solar -- [USINAS] Listando 2 usinas.
[2026-04-20 10:53:00] [INFO] usina_solar -- [DATA] Consulta: usina=Cortez - SPE São Claus 1, date=2025-11-24, series=['CLS01.1.MET-B.POA-Irrd', 'CLS01.1.MET-B.POA-Irrd_REAR', 'CLS01.1.MET-B.T_MOD', 'Flag 5 minutos'], elemento=None, skid=None, [None → None]
[2026-04-20 10:53:00] [INFO] usina_solar -- [QUERY] date=2025-11-24 | 4 séries (0 sintéticas) | start=None end=None
[2026-04-20 10:53:22] [INFO] usina_solar -- [USINAS] Listando 2 usinas.
[2026-04-20 10:53:22] [INFO] usina_solar -- [USINAS] Listando 2 usinas.
[2026-04-20 10:53:22] [INFO] usina_solar -- [USINAS] Listando 2 usinas.
[2026-04-20 10:53:22] [INFO] usina_solar -- [USINAS] Listando 2 usinas.
[2026-04-20 10:53:23] [INFO] usina_solar -- [USINAS] Listando 2 usinas.
[2026-04-20 10:53:23] [INFO] usina_solar -- [USINAS] Listando 2 usinas.
[2026-04-20 10:53:24] [INFO] usina_solar -- [PARQUET] Schema lido: 5255 séries para 2025-11-24
[2026-04-20 10:55:19] [INFO] usina_solar -- [PARQUET] Schema lido: 5255 séries para 2025-11-24
[2026-04-20 10:55:30] [INFO] usina_solar -- [DATA] Consulta: usina=Cortez - SPE São Claus 1, date=2025-11-24, series=['CLS01.1.MET-B.POA-Irrd', 'CLS01.1.MET-B.POA-Irrd_REAR', 'CLS01.1.MET-B.T_MOD', 'Flag 5 minutos'], elemento=None, skid=None, [None → None]
[2026-04-20 10:55:30] [INFO] usina_solar -- [QUERY] date=2025-11-24 | 4 séries (0 sintéticas) | start=None end=None
[2026-04-20 10:55:52] [INFO] usina_solar -- [DATA] Consulta: usina=Cortez - SPE São Claus 1, date=2025-11-24, series=['CLS01.1.MET-B.POA-Irrd', 'CLS01.1.MET-B.POA-Irrd_REAR', 'CLS01.1.MET-B.T_MOD', 'Flag 5 minutos', 'CLS01.1-INV01-SB13-TR049.PosAngAlvo'], elemento=None, skid=None, [None → None]
[2026-04-20 10:55:52] [INFO] usina_solar -- [QUERY] date=2025-11-24 | 5 séries (0 sintéticas) | start=None end=None
[2026-04-20 10:59:45] [INFO] usina_solar -- [USINAS] Listando 2 usinas.
[2026-04-20 10:59:45] [INFO] usina_solar -- [USINAS] Listando 2 usinas.
[2026-04-20 11:00:44] [INFO] usina_solar -- [USINAS] Listando 2 usinas.
[2026-04-20 11:00:44] [INFO] usina_solar -- [USINAS] Listando 2 usinas.
[2026-04-20 11:01:50] [INFO] usina_solar -- [USINAS] Listando 2 usinas.
[2026-04-20 11:01:50] [INFO] usina_solar -- [USINAS] Listando 2 usinas.
[2026-04-20 11:02:33] [INFO] usina_solar -- [USINAS] Listando 2 usinas.
[2026-04-20 11:02:33] [INFO] usina_solar -- [USINAS] Listando 2 usinas.
[2026-04-20 11:03:29] [INFO] usina_solar -- [PARQUET] Schema lido: 5255 séries para 2025-11-24
[2026-04-20 11:03:44] [INFO] usina_solar -- [DATA] Consulta: usina=Cortez - SPE São Claus 1, date=2025-11-24, series=['CLS01.1.MET-B.POA-Irrd', 'CLS01.1.MET-B.POA-Irrd_REAR', 'CLS01.1.MET-B.T_MOD', 'CLS01.1-INV01.PotAt', 'CLS01.1-INV01-SB13-TR049.PosAngAlvo'], elemento=None, skid=None, [None → None]
[2026-04-20 11:03:44] [INFO] usina_solar -- [QUERY] date=2025-11-24 | 5 séries (0 sintéticas) | start=None end=None
[2026-04-20 11:04:10] [INFO] usina_solar -- [DATA] Consulta: usina=Cortez - SPE São Claus 1, date=2025-11-24, series=['CLS01.1.MET-B.POA-Irrd', 'CLS01.1.MET-B.POA-Irrd_REAR', 'CLS01.1.MET-B.T_MOD', 'CLS01.1-INV01.PotAt', 'CLS01.1-INV01-SB13-TR049.PosAngAlvo', 'CLS01.1.MET-EPE.GHI-Irrd_1_SR100', 'CLS01.1.MET-EPE.GHI-Irrd_2_SR100'], elemento=None, skid=None, [None → None]
[2026-04-20 11:04:10] [INFO] usina_solar -- [QUERY] date=2025-11-24 | 7 séries (0 sintéticas) | start=None end=None
[2026-04-20 11:06:01] [INFO] usina_solar -- [USINAS] Listando 2 usinas.
[2026-04-20 11:06:01] [INFO] usina_solar -- [USINAS] Listando 2 usinas.
[2026-04-20 11:09:32] [INFO] usina_solar -- [PARQUET] Schema lido: 5255 séries para 2025-11-24
[2026-04-20 11:09:48] [INFO] usina_solar -- [DATA] Consulta: usina=Cortez - SPE São Claus 1, date=2025-11-24, series=['CLS01.1.MET-B.POA-Irrd', 'CLS01.1.MET-B.POA-Irrd_REAR', 'CLS01.1.MET-B.T_MOD', 'Flag 5 minutos', 'CLS01.1-INV01-SB13-TR049.PosAngAlvo'], elemento=None, skid=None, [None → None]
[2026-04-20 11:09:48] [INFO] usina_solar -- [QUERY] date=2025-11-24 | 5 séries (0 sintéticas) | start=None end=None
[2026-04-20 11:12:23] [INFO] usina_solar -- [USINAS] Listando 2 usinas.
[2026-04-20 11:12:23] [INFO] usina_solar -- [USINAS] Listando 2 usinas.
[2026-04-20 13:22:38] [INFO] usina_solar -- [PARQUET] Schema lido: 5255 séries para 2025-11-24
[2026-04-20 13:22:55] [INFO] usina_solar -- [DATA] Consulta: usina=Cortez - SPE São Claus 1, date=2025-11-24, series=['CLS01.1.MET-B.POA-Irrd', 'CLS01.1.MET-B.POA-Irrd_REAR', 'CLS01.1.MET-B.T_MOD', 'Flag 5 minutos', 'CLS01.1-INV01-SB13-TR049.PosAngAlvo'], elemento=None, skid=None, [None → None]
[2026-04-20 13:22:55] [INFO] usina_solar -- [QUERY] date=2025-11-24 | 5 séries (0 sintéticas) | start=None end=None
[2026-04-20 13:45:23] [INFO] usina_solar -- [PARQUET] Schema lido: 5255 séries para 2025-11-24
[2026-04-20 13:49:18] [INFO] usina_solar -- [DATA] Consulta: usina=Cortez - SPE São Claus 1, date=2025-11-24, series=['CLS01.1.MET-B.POA-Irrd', 'CLS01.1.MET-B.POA-Irrd_REAR'], elemento=None, skid=None, [None → None]
[2026-04-20 13:49:18] [INFO] usina_solar -- [QUERY] date=2025-11-24 | 2 séries (0 sintéticas) | start=None end=None
[2026-04-20 13:59:56] [INFO] usina_solar -- [USINAS] Listando 2 usinas.
[2026-04-20 13:59:56] [INFO] usina_solar -- [USINAS] Listando 2 usinas.
[2026-04-20 14:04:55] [INFO] usina_solar -- [PARQUET] Schema lido: 5255 séries para 2025-11-24
[2026-04-20 14:05:05] [INFO] usina_solar -- [DATA] Consulta: usina=Cortez - SPE São Claus 1, date=2025-11-24, series=['Flag 5 minutos'], elemento=None, skid=None, [None → None]
[2026-04-20 14:05:05] [INFO] usina_solar -- [QUERY] date=2025-11-24 | 1 séries (0 sintéticas) | start=None end=None
[2026-04-20 14:05:09] [INFO] usina_solar -- [USINAS] Listando 2 usinas.
[2026-04-20 14:05:09] [INFO] usina_solar -- [USINAS] Listando 2 usinas.
[2026-04-20 14:05:22] [INFO] usina_solar -- [MAPPING] Salvo: 8323 entradas → E:\Antigravity\Causa Raiz\backend\data\Cortez - SPE São Claus 1\series_map.json
[2026-04-20 14:05:22] [INFO] usina_solar -- [MAPPING] Importado: 8323 entradas, 0 linhas inválidas
[2026-04-20 14:05:41] [INFO] usina_solar -- [MAPPING] Salvo: 8323 entradas → E:\Antigravity\Causa Raiz\backend\data\Cortez - SPE São Claus 1\series_map.json
[2026-04-20 14:05:41] [INFO] usina_solar -- [MAPPING] Importado: 8323 entradas, 0 linhas inválidas
[2026-04-20 14:05:46] [INFO] usina_solar -- [PARQUET] Schema lido: 5255 séries para 2025-11-24
[2026-04-20 14:06:50] [INFO] usina_solar -- [USINAS] Listando 2 usinas.
[2026-04-20 14:06:50] [INFO] usina_solar -- [USINAS] Listando 2 usinas.
[2026-04-20 15:20:35] [INFO] usina_solar -- [PARQUET] Schema lido: 5255 séries para 2025-11-24
[2026-04-20 15:20:54] [INFO] usina_solar -- [DATA] Consulta: usina=Cortez - SPE São Claus 1, date=2025-11-24, series=['CLS01.1.MET-B.POA-Irrd', 'CLS01.1.MET-B.POA-Irrd_REAR', 'CLS01.1.MET-B.T_MOD'], elemento=None, skid=None, [None → None]
[2026-04-20 15:20:54] [INFO] usina_solar -- [QUERY] date=2025-11-24 | 3 séries (0 sintéticas) | start=None end=None
[2026-04-20 15:21:12] [INFO] usina_solar -- [USINAS] Listando 2 usinas.
[2026-04-20 15:21:12] [INFO] usina_solar -- [USINAS] Listando 2 usinas.
[2026-04-20 15:21:34] [INFO] usina_solar -- [USINAS] Listando 2 usinas.
[2026-04-20 15:21:34] [INFO] usina_solar -- [USINAS] Listando 2 usinas.
[2026-04-20 15:23:58] [INFO] usina_solar -- [PARQUET] Schema lido: 5255 séries para 2025-11-24
[2026-04-20 15:24:18] [INFO] usina_solar -- [DATA] Consulta: usina=Cortez - SPE São Claus 1, date=2025-11-24, series=['CLS01.1.MET-B.POA-Irrd', 'CLS01.1.MET-B.POA-Irrd_REAR', 'CLS01.1.MET-B.T_MOD', 'CLS01.1-INV01-SB13-TR049.PosAngAlvo'], elemento=None, skid=None, [None → None]
[2026-04-20 15:24:18] [INFO] usina_solar -- [QUERY] date=2025-11-24 | 4 séries (0 sintéticas) | start=None end=None
[2026-04-20 15:32:06] [INFO] usina_solar -- [USINAS] Listando 2 usinas.
[2026-04-20 15:32:06] [INFO] usina_solar -- [USINAS] Listando 2 usinas.
[2026-04-20 15:32:28] [INFO] usina_solar -- [USINAS] Listando 2 usinas.
[2026-04-20 15:32:28] [INFO] usina_solar -- [USINAS] Listando 2 usinas.
[2026-04-20 15:34:41] [INFO] usina_solar -- [USINAS] Listando 2 usinas.
[2026-04-20 15:34:41] [INFO] usina_solar -- [USINAS] Listando 2 usinas.
[2026-04-20 15:34:46] [INFO] usina_solar -- [PARQUET] Schema lido: 5255 séries para 2025-11-24
[2026-04-20 15:34:54] [INFO] usina_solar -- [DATA] Consulta: usina=Cortez - SPE São Claus 1, date=2025-11-24, series=['CLS01.1.MET-B.POA-Irrd', 'CLS01.1.MET-B.T_MOD', 'CLS01.1.MET-B.POA-Irrd_REAR'], elemento=None, skid=None, [None → None]
[2026-04-20 15:34:54] [INFO] usina_solar -- [QUERY] date=2025-11-24 | 3 séries (0 sintéticas) | start=None end=None
[2026-04-20 15:35:00] [INFO] usina_solar -- [DATA] Consulta: usina=Cortez - SPE São Claus 1, date=2025-11-24, series=['CLS01.1.MET-B.POA-Irrd', 'CLS01.1.MET-B.T_MOD', 'CLS01.1.MET-B.POA-Irrd_REAR', 'Flag 5 minutos'], elemento=None, skid=None, [None → None]
[2026-04-20 15:35:00] [INFO] usina_solar -- [QUERY] date=2025-11-24 | 4 séries (0 sintéticas) | start=None end=None
[2026-04-20 15:36:22] [INFO] usina_solar -- [DATA] Consulta: usina=Cortez - SPE São Claus 1, date=2025-11-24, series=['CLS01.1.MET-B.POA-Irrd', 'CLS01.1.MET-B.T_MOD', 'CLS01.1.MET-B.POA-Irrd_REAR', 'Flag 5 minutos'], elemento=None, skid=None, [None → None]
[2026-04-20 15:36:22] [INFO] usina_solar -- [QUERY] date=2025-11-24 | 4 séries (0 sintéticas) | start=None end=None
[2026-04-20 15:36:30] [INFO] usina_solar -- [PARQUET] Schema lido: 5255 séries para 2025-11-24
[2026-04-20 15:36:35] [INFO] usina_solar -- [DATA] Consulta: usina=Cortez - SPE São Claus 1, date=2025-11-24, series=['CLS01.1.MET-B.POA-Irrd', 'CLS01.1.MET-B.POA-Irrd_REAR', 'CLS01.1.MET-B.T_MOD'], elemento=None, skid=None, [None → None]
[2026-04-20 15:36:35] [INFO] usina_solar -- [QUERY] date=2025-11-24 | 3 séries (0 sintéticas) | start=None end=None
[2026-04-20 15:37:13] [INFO] usina_solar -- [DATA] Consulta: usina=Cortez - SPE São Claus 1, date=2025-11-24, series=['CLS01.1.MET-B.POA-Irrd', 'CLS01.1.MET-B.POA-Irrd_REAR', 'CLS01.1.MET-B.T_MOD', 'Flag 5 minutos'], elemento=None, skid=None, [None → None]
[2026-04-20 15:37:13] [INFO] usina_solar -- [QUERY] date=2025-11-24 | 4 séries (0 sintéticas) | start=None end=None
[2026-04-20 15:38:39] [INFO] usina_solar -- [USINAS] Listando 2 usinas.
[2026-04-20 15:38:39] [INFO] usina_solar -- [USINAS] Listando 2 usinas.
[2026-04-20 15:38:53] [INFO] usina_solar -- [USINAS] Listando 2 usinas.
[2026-04-20 15:38:53] [INFO] usina_solar -- [USINAS] Listando 2 usinas.
[2026-04-20 16:11:23] [INFO] usina_solar -- [PARQUET] Schema lido: 5255 séries para 2025-11-24
[2026-04-20 16:11:28] [INFO] usina_solar -- [DATA] Consulta: usina=Cortez - SPE São Claus 1, date=2025-11-24, series=['CLS01.1.MET-B.POA-Irrd', 'CLS01.1.MET-B.POA-Irrd_REAR', 'Flag 5 minutos'], elemento=None, skid=None, [None → None]
[2026-04-20 16:11:28] [INFO] usina_solar -- [QUERY] date=2025-11-24 | 3 séries (0 sintéticas) | start=None end=None
[2026-04-20 16:15:23] [INFO] usina_solar -- [USINAS] Listando 2 usinas.
[2026-04-20 16:15:23] [INFO] usina_solar -- [USINAS] Listando 2 usinas.
[2026-04-20 16:15:52] [INFO] usina_solar -- [USINAS] Listando 2 usinas.
[2026-04-20 16:15:52] [INFO] usina_solar -- [USINAS] Listando 2 usinas.
[2026-04-20 16:28:25] [INFO] usina_solar -- [PARQUET] Schema lido: 5255 séries para 2025-11-24
[2026-04-20 16:28:39] [INFO] usina_solar -- [DATA] Consulta: usina=Cortez - SPE São Claus 1, date=2025-11-24, series=['CLS01.1.MET-B.POA-Irrd', 'CLS01.1.MET-B.POA-Irrd_REAR', 'CLS01.1.MET-B.T_MOD', 'Flag 5 minutos'], elemento=None, skid=None, [None → None]
[2026-04-20 16:28:39] [INFO] usina_solar -- [QUERY] date=2025-11-24 | 4 séries (0 sintéticas) | start=None end=None
[2026-04-20 16:33:42] [INFO] usina_solar -- [USINAS] Listando 2 usinas.
[2026-04-20 16:33:42] [INFO] usina_solar -- [USINAS] Listando 2 usinas.
[2026-04-20 16:33:55] [INFO] usina_solar -- [USINAS] Listando 2 usinas.
[2026-04-20 16:33:55] [INFO] usina_solar -- [USINAS] Listando 2 usinas.
[2026-04-20 17:04:40] [INFO] usina_solar -- [PARQUET] Schema lido: 5255 séries para 2025-11-24
[2026-04-20 17:05:35] [INFO] usina_solar -- [DATA] Consulta: usina=Cortez - SPE São Claus 1, date=2025-11-24, series=['CLS01.1.MET-B.POA-Irrd', 'CLS01.1.MET-B.POA-Irrd_REAR', 'Flag 5 minutos'], elemento=None, skid=None, [None → None]
[2026-04-20 17:05:35] [INFO] usina_solar -- [QUERY] date=2025-11-24 | 3 séries (0 sintéticas) | start=None end=None
[2026-04-20 17:07:21] [INFO] usina_solar -- [USINAS] Listando 2 usinas.
[2026-04-20 17:07:21] [INFO] usina_solar -- [USINAS] Listando 2 usinas.
[2026-04-20 17:09:05] [INFO] usina_solar -- [PARQUET] Schema lido: 5255 séries para 2025-11-24
[2026-04-20 17:09:10] [INFO] usina_solar -- [DATA] Consulta: usina=Cortez - SPE São Claus 1, date=2025-11-24, series=['CLS01.1.MET-B.POA-Irrd', 'CLS01.1.MET-B.POA-Irrd_REAR', 'Flag 5 minutos'], elemento=None, skid=None, [None → None]
[2026-04-20 17:09:10] [INFO] usina_solar -- [QUERY] date=2025-11-24 | 3 séries (0 sintéticas) | start=None end=None
[2026-04-20 17:10:10] [INFO] usina_solar -- [USINAS] Listando 2 usinas.
[2026-04-20 17:10:10] [INFO] usina_solar -- [USINAS] Listando 2 usinas.
[2026-04-20 17:13:53] [INFO] usina_solar -- [PARQUET] Schema lido: 5255 séries para 2025-11-24
[2026-04-20 17:14:53] [INFO] usina_solar -- [DATA] Consulta: usina=Cortez - SPE São Claus 1, date=2025-11-24, series=['CLS01.1.MET-B.POA-Irrd', 'CLS01.1.MET-B.POA-Irrd_REAR', 'CLS01.1.MET-B.T_MOD', 'Flag 5 minutos'], elemento=None, skid=None, [None → None]
[2026-04-20 17:14:53] [INFO] usina_solar -- [QUERY] date=2025-11-24 | 4 séries (0 sintéticas) | start=None end=None
[2026-04-20 17:16:32] [INFO] usina_solar -- [USINAS] Listando 2 usinas.
[2026-04-20 17:16:32] [INFO] usina_solar -- [USINAS] Listando 2 usinas.
[2026-04-20 17:17:35] [INFO] usina_solar -- [PARQUET] Schema lido: 5255 séries para 2025-11-24
[2026-04-20 17:17:41] [INFO] usina_solar -- [DATA] Consulta: usina=Cortez - SPE São Claus 1, date=2025-11-24, series=['CLS01.1.MET-B.POA-Irrd', 'CLS01.1.MET-B.POA-Irrd_REAR', 'CLS01.1.MET-B.T_MOD', 'Flag 5 minutos'], elemento=None, skid=None, [None → None]
[2026-04-20 17:17:41] [INFO] usina_solar -- [QUERY] date=2025-11-24 | 4 séries (0 sintéticas) | start=None end=None
[2026-04-20 17:20:52] [INFO] usina_solar -- [USINAS] Listando 2 usinas.
[2026-04-20 17:20:52] [INFO] usina_solar -- [USINAS] Listando 2 usinas.
[2026-04-20 17:21:34] [INFO] usina_solar -- [PARQUET] Schema lido: 5255 séries para 2025-11-24
[2026-04-20 17:21:50] [INFO] usina_solar -- [DATA] Consulta: usina=Cortez - SPE São Claus 1, date=2025-11-24, series=['CLS01.1.MET-B.POA-Irrd', 'CLS01.1.MET-B.POA-Irrd_REAR', 'CLS01.1.MET-B.T_MOD', 'CLS01.1-INV01-SB13-TR049.PosAngAlvo', 'Flag 5 minutos'], elemento=None, skid=None, [None → None]
[2026-04-20 17:21:50] [INFO] usina_solar -- [QUERY] date=2025-11-24 | 5 séries (0 sintéticas) | start=None end=None
[2026-04-20 17:22:37] [INFO] usina_solar -- [DATA] Consulta: usina=Cortez - SPE São Claus 1, date=2025-11-24, series=['CLS01.1.MET-B.POA-Irrd', 'CLS01.1.MET-B.POA-Irrd_REAR', 'CLS01.1.MET-B.T_MOD', 'CLS01.1-INV01-SB13-TR049.PosAngAlvo', 'Flag 5 minutos'], elemento=None, skid=None, [None → None]
[2026-04-20 17:22:37] [INFO] usina_solar -- [QUERY] date=2025-11-24 | 5 séries (0 sintéticas) | start=None end=None
[2026-04-20 17:22:42] [INFO] usina_solar -- [DATA] Consulta: usina=Cortez - SPE São Claus 1, date=2025-11-24, series=['CLS01.1.MET-B.POA-Irrd', 'CLS01.1.MET-B.POA-Irrd_REAR', 'CLS01.1.MET-B.T_MOD', 'CLS01.1-INV01-SB13-TR049.PosAngAlvo', 'Flag 5 minutos'], elemento=None, skid=None, [None → None]
[2026-04-20 17:22:42] [INFO] usina_solar -- [QUERY] date=2025-11-24 | 5 séries (0 sintéticas) | start=None end=None
[2026-04-20 17:22:48] [INFO] usina_solar -- [PARQUET] Schema lido: 5255 séries para 2025-11-24
[2026-04-20 17:22:54] [INFO] usina_solar -- [DATA] Consulta: usina=Cortez - SPE São Claus 1, date=2025-11-24, series=['CLS01.1.MET-B.POA-Irrd', 'CLS01.1.MET-B.POA-Irrd_REAR', 'Flag 5 minutos'], elemento=None, skid=None, [None → None]
[2026-04-20 17:22:54] [INFO] usina_solar -- [QUERY] date=2025-11-24 | 3 séries (0 sintéticas) | start=None end=None
[2026-04-20 17:24:11] [INFO] usina_solar -- [USINAS] Listando 2 usinas.
[2026-04-20 17:24:11] [INFO] usina_solar -- [USINAS] Listando 2 usinas.
[2026-04-20 17:24:31] [INFO] usina_solar -- [USINAS] Listando 2 usinas.
[2026-04-20 17:24:31] [INFO] usina_solar -- [USINAS] Listando 2 usinas.
[2026-04-20 17:24:59] [INFO] usina_solar -- [PARQUET] Schema lido: 5255 séries para 2025-11-24
[2026-04-20 17:25:12] [INFO] usina_solar -- [DATA] Consulta: usina=Cortez - SPE São Claus 1, date=2025-11-24, series=['CLS01.1.MET-B.POA-Irrd', 'CLS01.1.MET-B.POA-Irrd_REAR', 'CLS01.1.MET-B.T_MOD', 'CLS01.1-INV01-SB13-TR049.PosAngAlvo', 'Flag 5 minutos'], elemento=None, skid=None, [None → None]
[2026-04-20 17:25:12] [INFO] usina_solar -- [QUERY] date=2025-11-24 | 5 séries (0 sintéticas) | start=None end=None
[2026-04-20 17:26:14] [INFO] usina_solar -- [PARQUET] Schema lido: 5255 séries para 2025-11-24
[2026-04-20 17:26:15] [INFO] usina_solar -- [PARQUET] Schema lido: 5255 séries para 2025-11-24
[2026-04-20 17:28:48] [INFO] usina_solar -- [PARQUET] Schema lido: 5255 séries para 2025-11-24
[2026-04-20 17:28:48] [INFO] usina_solar -- [PARQUET] Schema lido: 5255 séries para 2025-11-24
[2026-04-20 17:29:25] [INFO] usina_solar -- [USINAS] Listando 2 usinas.
[2026-04-20 17:29:25] [INFO] usina_solar -- [USINAS] Listando 2 usinas.
[2026-04-20 17:29:36] [INFO] usina_solar -- [USINAS] Listando 2 usinas.
[2026-04-20 17:29:36] [INFO] usina_solar -- [USINAS] Listando 2 usinas.
[2026-04-20 17:29:42] [INFO] usina_solar -- [PARQUET] Schema lido: 5255 séries para 2025-11-24
[2026-04-20 17:29:48] [INFO] usina_solar -- [USINAS] Listando 2 usinas.
[2026-04-20 17:29:48] [INFO] usina_solar -- [USINAS] Listando 2 usinas.
[2026-04-20 17:29:53] [INFO] usina_solar -- [PARQUET] Schema lido: 5255 séries para 2025-11-24
[2026-04-20 17:30:37] [INFO] usina_solar -- [USINAS] Listando 2 usinas.
[2026-04-20 17:30:37] [INFO] usina_solar -- [USINAS] Listando 2 usinas.
[2026-04-20 17:30:39] [INFO] usina_solar -- [PARQUET] Schema lido: 5255 séries para 2025-11-24
[2026-04-20 17:30:42] [INFO] usina_solar -- [PARQUET] Schema lido: 5255 séries para 2025-11-24
[2026-04-20 17:30:42] [INFO] usina_solar -- [PARQUET] Schema lido: 5255 séries para 2025-11-24
[2026-04-20 17:30:45] [INFO] usina_solar -- [PARQUET] Schema lido: 5255 séries para 2025-11-24
[2026-04-20 17:30:45] [INFO] usina_solar -- [PARQUET] Schema lido: 5255 séries para 2025-11-24
[2026-04-20 17:31:08] [INFO] usina_solar -- [DATA] Consulta: usina=Cortez - SPE São Claus 1, date=2025-11-24, series=['CLS01.1.MET-B.POA-Irrd', 'CLS01.1.MET-B.POA-Irrd_REAR', 'CLS01.1.MET-B.T_MOD', 'CLS01.1-INV01-SB13-TR049.PosAngAlvo', 'CLS01.1-INV01.PotAt', 'Flag 5 minutos'], elemento=None, skid=None, [None → None]
[2026-04-20 17:31:08] [INFO] usina_solar -- [QUERY] date=2025-11-24 | 6 séries (0 sintéticas) | start=None end=None
[2026-04-20 17:34:46] [INFO] usina_solar -- [USINAS] Listando 2 usinas.
[2026-04-20 17:34:46] [INFO] usina_solar -- [USINAS] Listando 2 usinas.
[2026-04-20 17:35:44] [INFO] usina_solar -- [PARQUET] Schema lido: 5255 séries para 2025-11-24
[2026-04-20 17:36:03] [INFO] usina_solar -- [DATA] Consulta: usina=Cortez - SPE São Claus 1, date=2025-11-24, series=['CLS01.1.MET-B.POA-Irrd', 'CLS01.1.MET-B.POA-Irrd_REAR', 'CLS01.1.MET-B.T_MOD', 'CLS01.1-INV01-SB13-TR049.PosAngAlvo', 'CLS01.1-INV01-SB13-TR049.PosAngAtual', 'CLS01.1-INV01.PotAt', 'CLS01.1-INV02.PotAt', 'Flag 5 minutos'], elemento=None, skid=None, [None → None]
[2026-04-20 17:36:03] [INFO] usina_solar -- [QUERY] date=2025-11-24 | 8 séries (0 sintéticas) | start=None end=None
[2026-04-20 17:38:38] [INFO] usina_solar -- [USINAS] Listando 2 usinas.
[2026-04-20 17:38:38] [INFO] usina_solar -- [USINAS] Listando 2 usinas.
[2026-04-20 17:41:09] [INFO] usina_solar -- [PARQUET] Schema lido: 5255 séries para 2025-11-24
[2026-04-20 17:41:25] [INFO] usina_solar -- [DATA] Consulta: usina=Cortez - SPE São Claus 1, date=2025-11-24, series=['CLS01.1.MET-B.POA-Irrd', 'CLS01.1.MET-B.POA-Irrd_REAR', 'CLS01.1.MET-B.T_MOD', 'CLS01.1-INV01-SB13-TR049.PosAngAlvo', 'CLS01.1-INV01.PotAt', 'Flag 5 minutos'], elemento=None, skid=None, [None → None]
[2026-04-20 17:41:25] [INFO] usina_solar -- [QUERY] date=2025-11-24 | 6 séries (0 sintéticas) | start=None end=None
[2026-04-20 17:41:57] [INFO] usina_solar -- [PARQUET] Schema lido: 5255 séries para 2025-11-24
[2026-04-20 17:41:57] [INFO] usina_solar -- [PARQUET] Schema lido: 5255 séries para 2025-11-24
[2026-04-20 17:46:22] [INFO] usina_solar -- ============================================================
[2026-04-20 17:46:22] [INFO] usina_solar -- [SOLAR] Usina Solar API iniciada
[2026-04-20 17:46:22] [INFO] usina_solar --    Data dir: E:\Antigravity\Causa Raiz\backend\data
[2026-04-20 17:46:22] [INFO] usina_solar --    Docs:     http://localhost:8000/docs
[2026-04-20 17:46:22] [INFO] usina_solar -- ============================================================
[2026-04-20 17:46:33] [INFO] usina_solar -- [USINAS] Listando 2 usinas.
[2026-04-20 17:46:33] [INFO] usina_solar -- [USINAS] Listando 2 usinas.
[2026-04-20 17:46:45] [INFO] usina_solar -- [USINAS] Listando 2 usinas.
[2026-04-20 17:46:45] [INFO] usina_solar -- [USINAS] Listando 2 usinas.
[2026-04-20 17:46:57] [INFO] usina_solar -- [USINAS] Listando 2 usinas.
[2026-04-20 17:46:57] [INFO] usina_solar -- [USINAS] Listando 2 usinas.
[2026-04-21 09:56:29] [INFO] usina_solar -- [USINAS] Listando 2 usinas.
[2026-04-21 09:56:29] [INFO] usina_solar -- [USINAS] Listando 2 usinas.
[2026-04-21 09:57:10] [INFO] usina_solar -- ============================================================
[2026-04-21 09:57:10] [INFO] usina_solar -- [SOLAR] Usina Solar API iniciada
[2026-04-21 09:57:10] [INFO] usina_solar --    Data dir: E:\Antigravity\Causa Raiz\backend\data
[2026-04-21 09:57:10] [INFO] usina_solar --    Docs:     http://localhost:8000/docs
[2026-04-21 09:57:10] [INFO] usina_solar -- ============================================================
[2026-04-21 10:09:23] [INFO] usina_solar -- [PARQUET] Schema lido: 5255 séries para 2025-11-24
[2026-04-21 10:09:34] [INFO] usina_solar -- [DATA] Consulta: usina=Cortez - SPE São Claus 1, date=2025-11-24, series=['CLS01.1.MET-B.POA-Irrd', 'CLS01.1.MET-B.POA-Irrd_REAR', 'CLS01.1.MET-B.T_MOD', 'CLS01.1-INV01.PotAt', 'Flag 5 minutos'], elemento=None, skid=None, [None → None]
[2026-04-21 10:09:34] [INFO] usina_solar -- [QUERY] date=2025-11-24 | 5 séries (0 sintéticas) | start=None end=None
[2026-04-21 10:10:25] [INFO] usina_solar -- [PARQUET] Schema lido: 5255 séries para 2025-11-24
[2026-04-21 10:10:25] [INFO] usina_solar -- [PARQUET] Schema lido: 5255 séries para 2025-11-24
[2026-04-21 10:10:29] [INFO] usina_solar -- [HEATMAP PIVOT] Filtro [Flag 5 minutos] aplicado. Linhas restantes: 595
[2026-04-21 10:11:02] [INFO] usina_solar -- [HEATMAP PIVOT] Filtro [Flag 5 minutos] aplicado. Linhas restantes: 595
[2026-04-21 10:11:07] [INFO] usina_solar -- [PARQUET] Schema lido: 5255 séries para 2025-11-24
[2026-04-21 10:11:07] [INFO] usina_solar -- [PARQUET] Schema lido: 5255 séries para 2025-11-24
[2026-04-21 10:11:11] [INFO] usina_solar -- [HEATMAP PIVOT] Filtro [Flag 5 minutos] aplicado. Linhas restantes: 595
[2026-04-21 10:12:06] [INFO] usina_solar -- [PARQUET] Schema lido: 5255 séries para 2025-11-24
[2026-04-21 10:12:06] [INFO] usina_solar -- [PARQUET] Schema lido: 5255 séries para 2025-11-24
[2026-04-21 10:12:09] [INFO] usina_solar -- [PARQUET] Schema lido: 5255 séries para 2025-11-24
[2026-04-21 10:12:09] [INFO] usina_solar -- [PARQUET] Schema lido: 5255 séries para 2025-11-24
[2026-04-21 10:12:10] [INFO] usina_solar -- [PARQUET] Schema lido: 5255 séries para 2025-11-24
[2026-04-21 10:12:10] [INFO] usina_solar -- [PARQUET] Schema lido: 5255 séries para 2025-11-24
[2026-04-21 10:12:12] [INFO] usina_solar -- [PARQUET] Schema lido: 5255 séries para 2025-11-24
[2026-04-21 10:12:12] [INFO] usina_solar -- [PARQUET] Schema lido: 5255 séries para 2025-11-24
[2026-04-21 10:12:12] [INFO] usina_solar -- [PARQUET] Schema lido: 5255 séries para 2025-11-24
[2026-04-21 10:12:12] [INFO] usina_solar -- [PARQUET] Schema lido: 5255 séries para 2025-11-24
[2026-04-21 10:12:16] [INFO] usina_solar -- [PARQUET] Schema lido: 5255 séries para 2025-11-24
[2026-04-21 10:12:16] [INFO] usina_solar -- [PARQUET] Schema lido: 5255 séries para 2025-11-24
[2026-04-22 07:57:28] [INFO] usina_solar -- [USINAS] Listando 2 usinas.
[2026-04-22 07:57:28] [INFO] usina_solar -- [USINAS] Listando 2 usinas.
[2026-04-22 12:01:42] [INFO] usina_solar -- [USINAS] Listando 2 usinas.
[2026-04-22 12:01:42] [INFO] usina_solar -- [USINAS] Listando 2 usinas.
[2026-04-22 12:01:43] [INFO] usina_solar -- [PARQUET] Schema lido: 5255 séries para 2025-11-24
[2026-04-22 12:01:53] [INFO] usina_solar -- [DATA] Consulta: usina=Cortez - SPE São Claus 1, date=2025-11-24, series=['CLS01.1.MET-B.POA-Irrd', 'CLS01.1.MET-B.POA-Irrd_REAR', 'Flag 5 minutos'], elemento=None, skid=None, [None → None]
[2026-04-22 12:01:53] [INFO] usina_solar -- [QUERY] date=2025-11-24 | 3 séries (0 sintéticas) | start=None end=None
[2026-04-22 12:02:30] [INFO] usina_solar -- [PARQUET] Schema lido: 5255 séries para 2025-11-24
[2026-04-22 12:03:00] [INFO] usina_solar -- [DATA] Consulta: usina=Cortez - SPE São Claus 1, date=2025-11-24, series=['CLS01.1.MET-B.POA-Irrd', 'CLS01.1.MET-B.POA-Irrd_REAR', 'CLS01.1.MET-B.T_MOD', 'CLS01.1-INV03.PotAt', 'CLS01.1-INV01-SB13-TR050.PosAngAlvo', 'Flag 5 minutos'], elemento=None, skid=None, [None → None]
[2026-04-22 12:03:00] [INFO] usina_solar -- [QUERY] date=2025-11-24 | 6 séries (0 sintéticas) | start=None end=None
[2026-04-22 12:05:04] [INFO] usina_solar -- [PARQUET] Schema lido: 5255 séries para 2025-11-24
[2026-04-22 12:05:04] [INFO] usina_solar -- [PARQUET] Schema lido: 5255 séries para 2025-11-24
[2026-04-22 12:05:14] [INFO] usina_solar -- [HEATMAP PIVOT] Filtro [Flag 5 minutos] aplicado. Linhas restantes: 595
[2026-04-22 12:55:00] [INFO] usina_solar -- [USINAS] Listando 2 usinas.
[2026-04-22 12:55:00] [INFO] usina_solar -- [USINAS] Listando 2 usinas.
[2026-04-22 13:45:43] [INFO] usina_solar -- [USINAS] Listando 2 usinas.
[2026-04-22 13:45:43] [INFO] usina_solar -- [USINAS] Listando 2 usinas.
[2026-05-03 21:35:36] [INFO] usina_solar -- ============================================================
[2026-05-03 21:35:36] [INFO] usina_solar -- [SOLAR] Usina Solar API iniciada
[2026-05-03 21:35:36] [INFO] usina_solar --    Data dir: E:\Antigravity\Causa Raiz\backend\data
[2026-05-03 21:35:36] [INFO] usina_solar --    Docs:     http://localhost:8000/docs
[2026-05-03 21:35:36] [INFO] usina_solar -- ============================================================
[2026-05-03 21:35:57] [INFO] usina_solar -- [USINAS] Listando 2 usinas.
[2026-05-03 21:35:57] [INFO] usina_solar -- [USINAS] Listando 2 usinas.
[2026-05-03 21:36:03] [INFO] usina_solar -- [PARQUET] Schema lido: 5255 séries para 2025-11-24
[2026-05-03 21:36:23] [INFO] usina_solar -- [USINAS] Listando 2 usinas.
[2026-05-03 21:36:23] [INFO] usina_solar -- [USINAS] Listando 2 usinas.
[2026-05-03 21:36:24] [INFO] usina_solar -- [PARQUET] Schema lido: 5255 séries para 2025-11-24
[2026-05-03 21:36:54] [INFO] usina_solar -- [DATA] Consulta: usina=Cortez - SPE São Claus 1, date=2025-11-24, series=['CLS01.1.MET-B.POA-Irrd', 'CLS01.1.MET-B.POA-Irrd_REAR', 'CLS01.1-INV01.PotAt', 'CLS01.1-INV01-SB13-TR049.PosAngAlvo', 'Flag 5 minutos'], elemento=None, skid=None, [None → None]
[2026-05-03 21:36:54] [INFO] usina_solar -- [QUERY] date=2025-11-24 | 5 séries (0 sintéticas) | start=None end=None
[2026-05-03 21:37:21] [INFO] usina_solar -- [DATA] Consulta: usina=Cortez - SPE São Claus 1, date=2025-11-24, series=['CLS01.1.MET-B.POA-Irrd', 'CLS01.1.MET-B.POA-Irrd_REAR', 'CLS01.1-INV01.PotAt', 'CLS01.1-INV01-SB13-TR049.PosAngAlvo', 'Flag 5 minutos'], elemento=None, skid=None, [None → None]
[2026-05-03 21:37:22] [INFO] usina_solar -- [QUERY] date=2025-11-24 | 5 séries (0 sintéticas) | start=None end=None
[2026-05-03 21:38:19] [INFO] usina_solar -- [PARQUET] Schema lido: 5255 séries para 2025-11-24
[2026-05-03 21:38:20] [INFO] usina_solar -- [PARQUET] Schema lido: 5255 séries para 2025-11-24
[2026-05-03 21:38:24] [INFO] usina_solar -- [HEATMAP PIVOT] Filtro [Flag 5 minutos] aplicado. Linhas restantes: 595
[2026-05-03 21:38:39] [INFO] usina_solar -- [HEATMAP PIVOT] Filtro [Flag 5 minutos] aplicado. Linhas restantes: 595
[2026-05-03 21:40:00] [INFO] usina_solar -- [PARQUET] Schema lido: 5255 séries para 2025-11-24
[2026-05-03 21:40:00] [INFO] usina_solar -- [PARQUET] Schema lido: 5255 séries para 2025-11-24
[2026-05-03 21:40:04] [INFO] usina_solar -- [HEATMAP PIVOT] Filtro [Flag 5 minutos] aplicado. Linhas restantes: 595
[2026-05-03 21:40:15] [INFO] usina_solar -- [PARQUET] Schema lido: 5255 séries para 2025-11-24
[2026-05-03 21:40:15] [INFO] usina_solar -- [PARQUET] Schema lido: 5255 séries para 2025-11-24
[2026-05-03 21:40:20] [INFO] usina_solar -- [HEATMAP PIVOT] Filtro [Flag 5 minutos] aplicado. Linhas restantes: 595
[2026-05-03 21:41:40] [INFO] usina_solar -- [HEATMAP PIVOT] Filtro [Flag 5 minutos] aplicado. Linhas restantes: 595
[2026-05-03 21:59:14] [INFO] usina_solar -- ============================================================
[2026-05-03 21:59:14] [INFO] usina_solar -- [SOLAR] Usina Solar API iniciada
[2026-05-03 21:59:14] [INFO] usina_solar --    Data dir: E:\Antigravity\Causa Raiz\backend\data
[2026-05-03 21:59:14] [INFO] usina_solar --    Docs:     http://localhost:8000/docs
[2026-05-03 21:59:14] [INFO] usina_solar -- ============================================================
[2026-05-03 21:59:31] [INFO] usina_solar -- ============================================================
[2026-05-03 21:59:31] [INFO] usina_solar -- [SOLAR] Usina Solar API iniciada
[2026-05-03 21:59:31] [INFO] usina_solar --    Data dir: E:\Antigravity\Causa Raiz\backend\data
[2026-05-03 21:59:31] [INFO] usina_solar --    Docs:     http://localhost:8000/docs
[2026-05-03 21:59:31] [INFO] usina_solar -- ============================================================
[2026-05-04 09:05:12] [INFO] usina_solar -- ============================================================
[2026-05-04 09:05:12] [INFO] usina_solar -- [SOLAR] Usina Solar API iniciada
[2026-05-04 09:05:12] [INFO] usina_solar --    Data dir: E:\Antigravity\Causa Raiz\backend\data
[2026-05-04 09:05:12] [INFO] usina_solar --    Docs:     http://localhost:8000/docs
[2026-05-04 09:05:12] [INFO] usina_solar -- ============================================================
[2026-05-04 09:05:12] [INFO] usina_solar -- ============================================================
[2026-05-04 09:05:12] [INFO] usina_solar -- [SOLAR] Usina Solar API iniciada
[2026-05-04 09:05:12] [INFO] usina_solar --    Data dir: E:\Antigravity\Causa Raiz\backend\data
[2026-05-04 09:05:12] [INFO] usina_solar --    Docs:     http://localhost:8000/docs
[2026-05-04 09:05:12] [INFO] usina_solar -- ============================================================
[2026-05-04 09:06:41] [INFO] usina_solar -- [USINAS] Listando 2 usinas.
[2026-05-04 09:06:41] [INFO] usina_solar -- [USINAS] Listando 2 usinas.
[2026-05-04 09:07:58] [INFO] usina_solar -- [USINAS] Listando 2 usinas.
[2026-05-04 09:07:58] [INFO] usina_solar -- [USINAS] Listando 2 usinas.
[2026-05-04 09:08:28] [INFO] usina_solar -- [USINAS] Listando 2 usinas.
[2026-05-04 09:08:28] [INFO] usina_solar -- [USINAS] Listando 2 usinas.
[2026-05-04 09:09:40] [INFO] usina_solar -- [USINAS] Listando 2 usinas.
[2026-05-04 09:09:40] [INFO] usina_solar -- [USINAS] Listando 2 usinas.
[2026-05-04 09:10:05] [INFO] usina_solar -- [USINAS] Listando 2 usinas.
[2026-05-04 09:10:05] [INFO] usina_solar -- [USINAS] Listando 2 usinas.
[2026-05-04 09:10:31] [INFO] usina_solar -- [USINAS] Listando 2 usinas.
[2026-05-04 09:10:31] [INFO] usina_solar -- [USINAS] Listando 2 usinas.
[2026-05-04 09:11:48] [INFO] usina_solar -- [USINAS] Listando 2 usinas.
[2026-05-04 09:11:48] [INFO] usina_solar -- [USINAS] Listando 2 usinas.
[2026-05-04 09:12:36] [INFO] usina_solar -- [USINAS] Listando 2 usinas.
[2026-05-04 09:12:36] [INFO] usina_solar -- [USINAS] Listando 2 usinas.
[2026-05-04 09:13:36] [INFO] usina_solar -- [USINAS] Listando 2 usinas.
[2026-05-04 09:13:36] [INFO] usina_solar -- [USINAS] Listando 2 usinas.
[2026-05-04 09:14:42] [INFO] usina_solar -- [USINAS] Listando 2 usinas.
[2026-05-04 09:14:42] [INFO] usina_solar -- [USINAS] Listando 2 usinas.
[2026-05-04 09:14:51] [INFO] usina_solar -- [PARQUET] Schema lido: 5255 séries para 2025-11-24
[2026-05-04 09:15:13] [INFO] usina_solar -- [DATA] Consulta: usina=Cortez - SPE São Claus 1, date=2025-11-24, series=['CLS01.1-INV01.PotAt', 'CLS01.1.MET-B.POA-Irrd', 'CLS01.1.MET-B.POA-Irrd_REAR', 'Flag 5 minutos'], elemento=None, skid=None, [None → None]
[2026-05-04 09:15:13] [INFO] usina_solar -- [QUERY] date=2025-11-24 | 4 séries (0 sintéticas) | start=None end=None
[2026-05-04 09:15:18] [INFO] usina_solar -- [USINAS] Listando 2 usinas.
[2026-05-04 09:15:18] [INFO] usina_solar -- [USINAS] Listando 2 usinas.
[2026-05-04 09:15:51] [INFO] usina_solar -- [USINAS] Listando 2 usinas.
[2026-05-04 09:15:51] [INFO] usina_solar -- [USINAS] Listando 2 usinas.
[2026-05-04 09:18:21] [INFO] usina_solar -- [USINAS] Listando 2 usinas.
[2026-05-04 09:18:21] [INFO] usina_solar -- [USINAS] Listando 2 usinas.
[2026-05-04 15:15:22] [INFO] usina_solar -- ============================================================
[2026-05-04 15:15:22] [INFO] usina_solar -- [SOLAR] Usina Solar API iniciada
[2026-05-04 15:15:22] [INFO] usina_solar --    Data dir: E:\Antigravity\Causa Raiz\backend\data
[2026-05-04 15:15:22] [INFO] usina_solar --    Docs:     http://localhost:8000/docs
[2026-05-04 15:15:22] [INFO] usina_solar -- ============================================================
[2026-05-04 15:15:51] [INFO] usina_solar -- [USINAS] Listando 2 usinas.
[2026-05-04 15:15:51] [INFO] usina_solar -- [USINAS] Listando 2 usinas.
[2026-05-04 15:16:16] [INFO] usina_solar -- [PARQUET] Schema lido: 5255 séries para 2025-11-24
[2026-05-04 15:17:30] [INFO] usina_solar -- [DATA] Consulta: usina=Cortez - SPE São Claus 1, date=2025-11-24, series=['CLS01.1.MET-B.POA-Irrd', 'CLS01.1.MET-B.POA-Irrd_REAR', 'CLS01.1-INV01.PotAt', 'CLS01.1-INV01-SB13-TR049.PosAngAlvo', 'CLS01.1.MET-B.T_MOD', 'CLS01.1.MET-EPE.VentoVel', 'Flag 5 minutos'], elemento=None, skid=None, [None → None]
[2026-05-04 15:17:30] [INFO] usina_solar -- [QUERY] date=2025-11-24 | 7 séries (0 sintéticas) | start=None end=None
[2026-05-04 15:18:28] [INFO] usina_solar -- [PARQUET] Schema lido: 5255 séries para 2025-11-24
[2026-05-04 15:18:28] [INFO] usina_solar -- [PARQUET] Schema lido: 5255 séries para 2025-11-24
[2026-05-04 15:18:34] [INFO] usina_solar -- [HEATMAP PIVOT] Filtro [Flag 5 minutos] aplicado. Linhas restantes: 595
[2026-05-04 15:19:16] [INFO] usina_solar -- [HEATMAP PIVOT] Filtro [Flag 5 minutos] aplicado. Linhas restantes: 595
[2026-05-04 15:21:25] [INFO] usina_solar -- [HEATMAP PIVOT] Filtro [Flag 5 minutos] aplicado. Linhas restantes: 595
[2026-05-04 15:23:24] [INFO] usina_solar -- [PARQUET] Schema lido: 5255 séries para 2025-11-24
[2026-05-04 15:28:51] [INFO] usina_solar -- ============================================================
[2026-05-04 15:28:51] [INFO] usina_solar -- [SOLAR] Usina Solar API iniciada
[2026-05-04 15:28:51] [INFO] usina_solar --    Data dir: E:\Antigravity\Causa Raiz\backend\data
[2026-05-04 15:28:51] [INFO] usina_solar --    Docs:     http://localhost:8000/docs
[2026-05-04 15:28:51] [INFO] usina_solar -- ============================================================
[2026-05-04 15:29:00] [INFO] usina_solar -- ============================================================
[2026-05-04 15:29:00] [INFO] usina_solar -- [SOLAR] Usina Solar API iniciada
[2026-05-04 15:29:00] [INFO] usina_solar --    Data dir: E:\Antigravity\Causa Raiz\backend\data
[2026-05-04 15:29:00] [INFO] usina_solar --    Docs:     http://localhost:8000/docs
[2026-05-04 15:29:00] [INFO] usina_solar -- ============================================================
[2026-05-04 15:29:16] [INFO] usina_solar -- [USINAS] Listando 2 usinas.
[2026-05-04 15:29:16] [INFO] usina_solar -- [USINAS] Listando 2 usinas.
[2026-05-04 15:29:30] [INFO] usina_solar -- [USINAS] Listando 2 usinas.
[2026-05-04 15:29:30] [INFO] usina_solar -- [USINAS] Listando 2 usinas.
[2026-05-04 15:29:44] [INFO] usina_solar -- [USINAS] Listando 2 usinas.
[2026-05-04 15:29:44] [INFO] usina_solar -- [USINAS] Listando 2 usinas.
[2026-05-04 15:31:27] [INFO] usina_solar -- [USINAS] Listando 2 usinas.
[2026-05-04 15:31:27] [INFO] usina_solar -- [USINAS] Listando 2 usinas.
[2026-05-04 15:32:26] [INFO] usina_solar -- [USINAS] Listando 2 usinas.
[2026-05-04 15:32:26] [INFO] usina_solar -- [USINAS] Listando 2 usinas.
[2026-05-04 15:32:43] [INFO] usina_solar -- [USINAS] Listando 2 usinas.
[2026-05-04 15:32:43] [INFO] usina_solar -- [USINAS] Listando 2 usinas.
[2026-05-04 15:44:30] [INFO] usina_solar -- [USINAS] Listando 2 usinas.
[2026-05-04 15:44:30] [INFO] usina_solar -- [USINAS] Listando 2 usinas.
[2026-05-04 15:50:42] [INFO] usina_solar -- [USINAS] Listando 2 usinas.
[2026-05-04 15:50:42] [INFO] usina_solar -- [USINAS] Listando 2 usinas.
[2026-05-04 15:51:27] [INFO] usina_solar -- [USINAS] Listando 2 usinas.
[2026-05-04 15:51:27] [INFO] usina_solar -- [USINAS] Listando 2 usinas.
[2026-05-05 15:54:51] [INFO] usina_solar -- ============================================================
[2026-05-05 15:54:51] [INFO] usina_solar -- [SOLAR] Usina Solar API iniciada
[2026-05-05 15:54:51] [INFO] usina_solar --    Data dir: E:\Antigravity\Causa Raiz\backend\data
[2026-05-05 15:54:51] [INFO] usina_solar --    Docs:     http://localhost:8000/docs
[2026-05-05 15:54:51] [INFO] usina_solar -- ============================================================
[2026-05-05 15:55:11] [INFO] usina_solar -- [USINAS] Listando 2 usinas.
[2026-05-05 15:55:11] [INFO] usina_solar -- [USINAS] Listando 2 usinas.
[2026-05-05 15:55:23] [INFO] usina_solar -- [USINAS] Listando 2 usinas.
[2026-05-05 15:55:23] [INFO] usina_solar -- [USINAS] Listando 2 usinas.
[2026-05-05 15:57:54] [INFO] usina_solar -- [USINAS] Listando 2 usinas.
[2026-05-05 15:57:54] [INFO] usina_solar -- [USINAS] Listando 2 usinas.
[2026-05-05 15:59:56] [INFO] usina_solar -- [USINAS] Listando 2 usinas.
[2026-05-05 15:59:56] [INFO] usina_solar -- [USINAS] Listando 2 usinas.
[2026-05-05 16:00:06] [INFO] usina_solar -- ============================================================
[2026-05-05 16:00:06] [INFO] usina_solar -- [SOLAR] Usina Solar API iniciada
[2026-05-05 16:00:06] [INFO] usina_solar --    Data dir: E:\Antigravity\Causa Raiz\backend\data
[2026-05-05 16:00:06] [INFO] usina_solar --    Docs:     http://localhost:8000/docs
[2026-05-05 16:00:06] [INFO] usina_solar -- ============================================================
[2026-05-05 16:34:11] [INFO] usina_solar -- [PARQUET] Schema lido: 5255 séries para 2025-11-24
[2026-05-05 16:34:38] [INFO] usina_solar -- [PARQUET] Schema lido: 5255 séries para 2025-11-25
[2026-05-05 16:36:04] [INFO] usina_solar -- [DATA] Consulta: usina=Cortez - SPE São Claus 1, date=2025-11-25, series=['CLS01.1.MET-B.POA-Irrd', 'CLS01.1.MET-B.POA-Irrd_REAR', 'Flag 5 minutos'], elemento=None, skid=None, [None → None]
[2026-05-05 16:36:04] [INFO] usina_solar -- [QUERY] date=2025-11-25 | 3 séries (0 sintéticas) | start=None end=None
[2026-05-05 16:36:40] [INFO] usina_solar -- [USINAS] Listando 2 usinas.
[2026-05-05 16:36:40] [INFO] usina_solar -- [USINAS] Listando 2 usinas.
[2026-05-05 16:37:54] [INFO] usina_solar -- [PARQUET] Schema lido: 5255 séries para 2025-11-24
[2026-05-05 16:38:04] [INFO] usina_solar -- [DATA] Consulta: usina=Cortez - SPE São Claus 1, date=2025-11-24, series=['CLS01.1.MET-B.POA-Irrd', 'CLS01.1.MET-B.POA-Irrd_REAR', 'CLS01.PPC.PotAt', 'CLS01.PPC.RefPotAt', 'Flag 5 minutos'], elemento=None, skid=None, [None → None]
[2026-05-05 16:38:04] [INFO] usina_solar -- [QUERY] date=2025-11-24 | 5 séries (0 sintéticas) | start=None end=None
[2026-05-05 16:39:22] [INFO] usina_solar -- [PARQUET] Schema lido: 5255 séries para 2025-11-24
[2026-05-05 16:40:07] [INFO] usina_solar -- [PARQUET] Schema lido: 5255 séries para 2025-11-24
[2026-05-05 16:41:57] [INFO] usina_solar -- [USINAS] Listando 2 usinas.
[2026-05-05 16:41:57] [INFO] usina_solar -- [USINAS] Listando 2 usinas.
[2026-05-05 16:42:18] [INFO] usina_solar -- [USINAS] Listando 2 usinas.
[2026-05-05 16:42:18] [INFO] usina_solar -- [USINAS] Listando 2 usinas.
[2026-05-05 16:44:39] [INFO] usina_solar -- [PARQUET] Schema lido: 5255 séries para 2025-11-24
[2026-05-05 16:44:53] [INFO] usina_solar -- [DATA] Consulta: usina=Cortez - SPE São Claus 1, date=2025-11-24, series=['CLS01.1-INV01.PotAt', 'Flag 5 minutos'], elemento=None, skid=None, [None → None]
[2026-05-05 16:44:53] [INFO] usina_solar -- [QUERY] date=2025-11-24 | 2 séries (0 sintéticas) | start=None end=None
[2026-05-05 16:44:58] [INFO] usina_solar -- [DATA] Consulta: usina=Cortez - SPE São Claus 1, date=2025-11-24, series=['CLS01.1-INV01.PotAt', 'CLS01.PPC.PotAt', 'CLS01.PPC.RefPotAt', 'Flag 5 minutos'], elemento=None, skid=None, [None → None]
[2026-05-05 16:44:59] [INFO] usina_solar -- [QUERY] date=2025-11-24 | 4 séries (0 sintéticas) | start=None end=None
[2026-05-05 16:45:48] [INFO] usina_solar -- [DATA] Consulta: usina=Cortez - SPE São Claus 1, date=2025-11-24, series=['CLS01.PPC.PotAt', 'CLS01.PPC.RefPotAt', 'Flag 5 minutos'], elemento=None, skid=None, [None → None]
[2026-05-05 16:45:48] [INFO] usina_solar -- [QUERY] date=2025-11-24 | 3 séries (0 sintéticas) | start=None end=None
[2026-05-05 16:54:14] [INFO] usina_solar -- ============================================================
[2026-05-05 16:54:14] [INFO] usina_solar -- [SOLAR] Usina Solar API iniciada
[2026-05-05 16:54:14] [INFO] usina_solar --    Data dir: E:\Antigravity\Causa Raiz\backend\data
[2026-05-05 16:54:14] [INFO] usina_solar --    Docs:     http://localhost:8000/docs
[2026-05-05 16:54:14] [INFO] usina_solar -- ============================================================
[2026-05-05 16:54:27] [INFO] usina_solar -- ============================================================
[2026-05-05 16:54:27] [INFO] usina_solar -- [SOLAR] Usina Solar API iniciada
[2026-05-05 16:54:27] [INFO] usina_solar --    Data dir: E:\Antigravity\Causa Raiz\backend\data
[2026-05-05 16:54:27] [INFO] usina_solar --    Docs:     http://localhost:8000/docs
[2026-05-05 16:54:27] [INFO] usina_solar -- ============================================================
[2026-05-05 16:54:40] [INFO] usina_solar -- ============================================================
[2026-05-05 16:54:40] [INFO] usina_solar -- [SOLAR] Usina Solar API iniciada
[2026-05-05 16:54:40] [INFO] usina_solar --    Data dir: E:\Antigravity\Causa Raiz\backend\data
[2026-05-05 16:54:40] [INFO] usina_solar --    Docs:     http://localhost:8000/docs
[2026-05-05 16:54:40] [INFO] usina_solar -- ============================================================
[2026-05-05 16:54:54] [INFO] usina_solar -- ============================================================
[2026-05-05 16:54:54] [INFO] usina_solar -- [SOLAR] Usina Solar API iniciada
[2026-05-05 16:54:54] [INFO] usina_solar --    Data dir: E:\Antigravity\Causa Raiz\backend\data
[2026-05-05 16:54:54] [INFO] usina_solar --    Docs:     http://localhost:8000/docs
[2026-05-05 16:54:54] [INFO] usina_solar -- ============================================================
[2026-05-05 16:55:11] [INFO] usina_solar -- ============================================================
[2026-05-05 16:55:11] [INFO] usina_solar -- [SOLAR] Usina Solar API iniciada
[2026-05-05 16:55:11] [INFO] usina_solar --    Data dir: E:\Antigravity\Causa Raiz\backend\data
[2026-05-05 16:55:11] [INFO] usina_solar --    Docs:     http://localhost:8000/docs
[2026-05-05 16:55:11] [INFO] usina_solar -- ============================================================
[2026-05-05 17:17:25] [INFO] usina_solar -- ============================================================
[2026-05-05 17:17:25] [INFO] usina_solar -- [SOLAR] Usina Solar API iniciada
[2026-05-05 17:17:25] [INFO] usina_solar --    Data dir: E:\Antigravity\Causa Raiz\backend\data
[2026-05-05 17:17:25] [INFO] usina_solar --    Docs:     http://localhost:8000/docs
[2026-05-05 17:17:25] [INFO] usina_solar -- ============================================================
[2026-05-05 17:19:53] [INFO] usina_solar -- [USINAS] Listando 2 usinas.
[2026-05-05 17:19:53] [INFO] usina_solar -- [USINAS] Listando 2 usinas.
[2026-05-05 17:19:59] [INFO] usina_solar -- [PARQUET] Schema lido: 5255 séries para 2025-11-24
[2026-05-05 17:20:23] [INFO] usina_solar -- [SETTINGS] 16 elementos salvos.
[2026-05-05 17:20:26] [INFO] usina_solar -- [SETTINGS] 16 elementos salvos.
[2026-05-05 17:20:33] [INFO] usina_solar -- [SETTINGS] 16 elementos salvos.
[2026-05-05 17:20:37] [INFO] usina_solar -- [SETTINGS] 16 elementos salvos.
[2026-05-05 17:21:21] [INFO] usina_solar -- [MAPPING] Salvo: 8323 entradas → E:\Antigravity\Causa Raiz\backend\data\Cortez - SPE São Claus 1\series_map.json
[2026-05-05 17:21:21] [INFO] usina_solar -- [MAPPING] Importado: 8323 entradas, 0 linhas inválidas
[2026-05-05 17:21:37] [INFO] usina_solar -- [SETTINGS] 17 elementos salvos.
[2026-05-05 17:22:02] [INFO] usina_solar -- [MAPPING] Salvo: 8323 entradas → E:\Antigravity\Causa Raiz\backend\data\Cortez - SPE São Claus 1\series_map.json
[2026-05-05 17:22:02] [INFO] usina_solar -- [MAPPING] Importado: 8323 entradas, 0 linhas inválidas
[2026-05-05 17:24:10] [INFO] usina_solar -- [USINAS] Listando 2 usinas.
[2026-05-05 17:24:10] [INFO] usina_solar -- [USINAS] Listando 2 usinas.
[2026-05-05 17:24:36] [INFO] usina_solar -- [PARQUET] Schema lido: 5255 séries para 2025-11-24
[2026-05-05 17:24:44] [INFO] usina_solar -- [USINAS] Listando 2 usinas.
[2026-05-05 17:24:44] [INFO] usina_solar -- [USINAS] Listando 2 usinas.
[2026-05-05 17:24:47] [INFO] usina_solar -- [PARQUET] Schema lido: 5255 séries para 2025-11-24
[2026-05-05 17:25:57] [INFO] usina_solar -- [DATA] Consulta: usina=Cortez - SPE São Claus 1, date=2025-11-24, series=['CLS01.1-INV01.CorA', 'CLS01.1-INV01.CorB', 'CLS01.1-INV01.CorC', 'CLS01.1-INV02.CorA', 'CLS01.1-INV02.CorB', 'CLS01.1-INV02.CorC', 'CLS01.1-INV03.CorA', 'CLS01.1-INV03.CorB', 'CLS01.1-INV03.CorC', 'CLS01.1-INV04.CorA', 'CLS01.1-INV04.CorB', 'CLS01.1-INV04.CorC', 'CLS01.1-INV05.CorA', 'CLS01.1-INV05.CorB', 'CLS01.1-INV05.CorC', 'CLS01.1-INV06.CorA', 'CLS01.1-INV06.CorB', 'CLS01.1-INV06.CorC', 'CLS01.1-INV07.CorA', 'CLS01.1-INV07.CorB', 'Flag 5 minutos'], elemento=None, skid=None, [None → None]
[2026-05-05 17:25:57] [INFO] usina_solar -- [QUERY] date=2025-11-24 | 21 séries (0 sintéticas) | start=None end=None
[2026-05-05 17:26:41] [INFO] usina_solar -- [SETTINGS] 16 elementos salvos.
[2026-05-05 17:26:45] [INFO] usina_solar -- [SETTINGS] 15 elementos salvos.
[2026-05-05 17:26:51] [INFO] usina_solar -- [SETTINGS] 16 elementos salvos.
[2026-05-05 17:27:01] [INFO] usina_solar -- [MAPPING] Salvo: 8323 entradas → E:\Antigravity\Causa Raiz\backend\data\Cortez - SPE São Claus 1\series_map.json
[2026-05-05 17:27:01] [INFO] usina_solar -- [MAPPING] Importado: 8323 entradas, 0 linhas inválidas
[2026-05-05 17:27:12] [INFO] usina_solar -- [SETTINGS] 15 elementos salvos.
[2026-05-05 17:27:48] [INFO] usina_solar -- [SETTINGS] 16 elementos salvos.
[2026-05-05 17:27:53] [INFO] usina_solar -- [PARQUET] Schema lido: 5255 séries para 2025-11-24
[2026-05-05 17:28:01] [INFO] usina_solar -- [DATA] Consulta: usina=Cortez - SPE São Claus 1, date=2025-11-24, series=['CLS01.4-INV05-SB17-TR067.PosAngAlvo', 'Flag 5 minutos'], elemento=None, skid=None, [None → None]
[2026-05-05 17:28:01] [INFO] usina_solar -- [QUERY] date=2025-11-24 | 2 séries (0 sintéticas) | start=None end=None
[2026-05-05 17:28:08] [INFO] usina_solar -- [DATA] Consulta: usina=Cortez - SPE São Claus 1, date=2025-11-24, series=['CLS01.4-INV05-SB17-TR067.PosAngAlvo', 'CLS01.1-INV01-SB13-TR049.PosAngAlvo', 'CLS01.1-INV01-SB13-TR049.PosAngAtual', 'Flag 5 minutos'], elemento=None, skid=None, [None → None]
[2026-05-05 17:28:08] [INFO] usina_solar -- [QUERY] date=2025-11-24 | 4 séries (0 sintéticas) | start=None end=None
[2026-05-05 17:28:26] [INFO] usina_solar -- [SETTINGS] 15 elementos salvos.
[2026-05-05 17:28:36] [INFO] usina_solar -- [MAPPING] Salvo: 8323 entradas → E:\Antigravity\Causa Raiz\backend\data\Cortez - SPE São Claus 1\series_map.json
[2026-05-05 17:28:36] [INFO] usina_solar -- [MAPPING] Importado: 8323 entradas, 0 linhas inválidas
[2026-05-05 17:29:45] [INFO] usina_solar -- [USINAS] Listando 2 usinas.
[2026-05-05 17:29:45] [INFO] usina_solar -- [USINAS] Listando 2 usinas.
[2026-05-05 17:33:22] [INFO] usina_solar -- [USINAS] Listando 2 usinas.
[2026-05-05 17:33:22] [INFO] usina_solar -- [USINAS] Listando 2 usinas.
[2026-05-05 17:38:44] [INFO] usina_solar -- [USINAS] Listando 2 usinas.
[2026-05-05 17:38:44] [INFO] usina_solar -- [USINAS] Listando 2 usinas.
